r_i_glide_einternal,i_sd_PUBCHEM\_SUBSTANCE\_ID,r_i_glide_ligand_efficiency_sa,r_qp_IP(eV),s_sd_PUBCHEM\_EXT\_DATASOURCE\_URL,r_qp_Jm,i_qp_#amine,i_i_glide_lignum,i_sd_PUBCHEM\_EXT\_DATASOURCE\_NAME,i_epik_Tot_Q,i_qp_RuleOfThree,i_qp_#in56,r_i_glide_ligand_efficiency,s_epik_cmdline,r_qp_QPlogPoct,i_sd_PUBCHEM\_TOTAL\_CHARGE,s_sd_PUBCHEM\_EXT\_SUBSTANCE\_URL,s_lp_Variant,s_sd_PUBCHEM\_SUBSTANCE\_SYNONYM,r_qp_dip^2/V,i_m_source_file_index,r_i_glide_metal,i_qp_#amidine,r_qp_dipole,r_i_glide_emodel,i_qp_#nonHatm,i_m_ct_stereo_status,i_sd_version,b_lp_Chiralities_Consistent,r_qp_CIQPlogS,r_qp_glob,r_qp_SAfluorine,i_qp_#rotor,r_lp_Energy,s_epik_Chemistry_Notes,r_qp_volume,i_qp_HumanOralAbsorption,i_sd_PUBCHEM\_COMPOUND\_ID\_TYPE,r_qp_QPPMDCK,r_qp_QPlogKp,r_epik_Ionization_Penalty,s_vsw_variant,s_lp_Force_Field,i_m_ct_enhanced_stereo_status,r_i_glide_lipo,r_i_glide_energy,s_m_title,r_qp_SAamideO,s_sd_PUBCHEM\_SUBSTANCE\_COMMENT,i_i_glide_confnum,i_i_glide_rotatable_bonds,r_qp_QPlogKhsa,r_i_glide_gscore,s_lp_label,r_qp_QPlogPw,r_qp_PSA,r_i_glide_erotb,r_epik_State_Penalty,r_qp_SASA,r_epik_Ionization_Penalty_Neutral,r_epik_Ionization_Penalty_Charging,r_qp_QPlogBB,r_qp_QPlogS,r_qp_QPlogHERG,r_i_glide_evdw,s_epik_input,i_f3d_flags,r_qp_FISA,i_m_ct_format,s_sd_PUBCHEM\_GENERIC\_REGISTRY\_NAME,s_vsw_compound_code,r_qp_FOSA,i_qp_CNS,i_qp_RuleOfFive,i_qp_#NandO,i_sd_PUBCHEM\_SUBSTANCE\_VERSION,r_qp_WPSA,r_qp_PISA,s_m_source_file,i_qp_#stars,r_i_glide_ecoul,i_qp_#amide,r_qp_donorHB,i_lp_mmshare_version,i_qp_#metab,i_i_glide_posenum,r_i_glide_hbond,r_qp_QPlogPo/w,r_i_glide_eff_state_penalty,r_qp_ACxDN^.5/SA,r_qp_QPPCaco,r_qp_mol_MW,i_qp_#noncon,i_qp_#in34,s_i_glide_gridfile,r_qp_PercentHumanOralAbsorption,r_i_docking_score,r_qp_QPpolrz,i_epik_Tot_abs_Q,r_qp_EA(eV),s_sd_PUBCHEM\_CID\_ASSOCIATIONS,r_epik_Charging_Adjusted_Penalty,i_qp_#acid,s_sd_PUBCHEM\_XREF\_EXT\_ID,s_sd_PUBCHEM\_EXT\_DATASOURCE\_NAME,r_i_glide_ligand_efficiency_ln,r_i_glide_esite,b_sd_chiral_flag,r_i_glide_rewards,r_qp_QPlogPC16,s_sd_PUBCHEM\_EXT\_DATASOURCE\_REGID,i_qp_#rtvFG,i_qp_#ringatoms,r_qp_accptHB
16.9362545013428,439574511,-0.861204170567608,9.206,https://www.norman-network.com/nds/SLE/,0.00792679597007854,5,291,23819,4,2,18,-0.249753455654687,J2VwaWtfcHl0aG9uJywgJy1waCcsICc3LjAwMDAwMCcsICctcGh0JywgJzIuMDAwMDAwJywgJy1tcycsICcxNicsICctdG4nLCAnOCcsICctbWEnLCAnMjAwJywgJy1pbWFlJywgJzxpbmZpbGUubWFlPicsICctb21hZScsICc8b3V0ZmlsZS5tYWU+Jw==,50.198,0,,439574511-1,NS00072892,0.0356775,833,-2.3,0,7.973,-172.143752930077,41,1,0,1,3.7,0.7690741,0.0,21,73.170966,"This compound contains an acetal/aminal-like group ( X-CH(R)-Y where X, Y are N, S, or O) that may be acid/base labile, releasing an aldehyde.",1781.808,1,0,0.025,-9.874,0.4495,1666-1,OPLS_2005,2,-0.833680864972398,-76.5985946655273,439574511,21.346,"InChIKey:IYDYFVUFSPQPPV-PEXOCOHZSA-N
SMILES: CN[C@@H]1[C@@H](O)[C@@H](O[C@@H]2[C@@H](O)[C@H](O[C@H]3OC(CNCCO)=CC[C@H]3N)[C@@H](N)C[C@H]2NC(=O)[C@@H](O)CCN)OC[C@]1(C)O
DOIs:10.5281/zenodo.3247749|10.5281/zenodo.2664077
Plazomicin",1594,19,-2.023,-10.7341916818422,833_sdstereoexpander_1_neutralizer_1_epik_1_stereoizer_1,43.568,264.419,0.415228276576539,0.4943,924.21,0.2721,0.1774,-3.804,2.0,-7.7,-34.2931747436523,W05IMl1bQ0gyXVtDSDJdW0NAQEhdKFtPSF0pQyg9TylbTkhdW0NAQEhdMVtDSDJdW0NAQEhdKFtOSDJdKVtDQEhdKFtDQEhdKFtPSF0pW0NASF0xT1tDQEBIXShPW0NIMl0yKVtDQEBIXShbT0hdKVtDQEBIXShbTkhdW0NIM10pW0NAQF0yKFtDSDNdKVtPSF0pT1tDQEBIXTNPQyg9W0NIXVtDSDJdW0NASF0zW05IMl0pW0NIMl1bTkhdW0NIMl1bQ0gyXVtPSF0=,0,345.869,2,,1666,541.682,-2,3,16,10,0.0,36.658,vsw_Plazomicin_Analog_9-LIGPREP-002-in.maegz,12,-42.305419921875,1,14.0,56135,13,33,-0.689001960124744,-5.623,0.4943,0.088662,0.055,592.688,14,0,glide-grid_Ab_minmz,0.0,-10.2398916818422,52.02,4,-0.655,42613186  1,0.671710659327094,0,IYDYFVUFSPQPPV-PEXOCOHZSA-N,,-2.17242709710002,-0.407078396138954,1,-1.205,20.781,IYDYFVUFSPQPPV-PEXOCOHZSA-N,2,18,21.9
16.9362545013428,482134792,-0.861204170567608,9.206,https://www.probes-drugs.org,0.00792679597007854,5,176,,4,2,18,-0.249753455654687,J2VwaWtfcHl0aG9uJywgJy1waCcsICc3LjAwMDAwMCcsICctcGh0JywgJzIuMDAwMDAwJywgJy1tcycsICcxNicsICctdG4nLCAnOCcsICctbWEnLCAnMjAwJywgJy1pbWFlJywgJzxpbmZpbGUubWFlPicsICctb21hZScsICc8b3V0ZmlsZS5tYWU+Jw==,50.198,0,https://www.probes-drugs.org/compound/PD058519,482134792-1,PLAZOMICIN,0.0356775,1291,-2.3,0,7.973,-172.143752930077,41,1,0,1,3.7,0.7690741,0.0,21,73.170966,"This compound contains an acetal/aminal-like group ( X-CH(R)-Y where X, Y are N, S, or O) that may be acid/base labile, releasing an aldehyde.",1781.808,1,0,0.025,-9.874,0.4495,2582-1,OPLS_2005,2,-0.833680864972398,-76.5985946655273,482134792,21.346,,1594,19,-2.023,-10.7341916818422,1291_sdstereoexpander_1_neutralizer_1_epik_1_stereoizer_1,43.568,264.419,0.415228276576539,0.4943,924.21,0.2721,0.1774,-3.804,2.0,-7.7,-34.2931747436523,W05IMl1bQ0gyXVtDSDJdW0NAQEhdKFtPSF0pQyg9TylbTkhdW0NAQEhdMVtDSDJdW0NAQEhdKFtOSDJdKVtDQEhdKFtDQEhdKFtPSF0pW0NASF0xT1tDQEBIXShPW0NIMl0yKVtDQEBIXShbT0hdKVtDQEBIXShbTkhdW0NIM10pW0NAQF0yKFtDSDNdKVtPSF0pT1tDQEBIXTNPQyg9W0NIXVtDSDJdW0NASF0zW05IMl0pW0NIMl1bTkhdW0NIMl1bQ0gyXVtPSF0=,0,345.869,2,,2582,541.682,-2,3,16,1,0.0,36.658,vsw_Plazomicin_Analog_9-LIGPREP-002-in.maegz,12,-42.305419921875,1,14.0,56135,13,33,-0.689001960124744,-5.623,0.4943,0.088662,0.055,592.688,14,0,glide-grid_Ab_minmz,0.0,-10.2398916818422,52.02,4,-0.655,42613186  1,0.671710659327094,0,PD058519,20859,-2.17242709710002,-0.407078396138954,1,-1.205,20.781,PD058519,2,18,21.9
16.9362545013428,482188354,-0.861204170567608,9.206,https://www.probes-drugs.org,0.00792679597007854,5,101,20859,4,2,18,-0.249753455654687,J2VwaWtfcHl0aG9uJywgJy1waCcsICc3LjAwMDAwMCcsICctcGh0JywgJzIuMDAwMDAwJywgJy1tcycsICcxNicsICctdG4nLCAnOCcsICctbWEnLCAnMjAwJywgJy1pbWFlJywgJzxpbmZpbGUubWFlPicsICctb21hZScsICc8b3V0ZmlsZS5tYWU+Jw==,50.198,0,https://www.probes-drugs.org/compound/PD126829,482188354-1,PLAZOMICIN SULFATE,0.0356775,2099,-2.3,0,7.973,-172.143752930077,41,1,0,1,3.7,0.7690741,0.0,21,73.170966,"This compound contains an acetal/aminal-like group ( X-CH(R)-Y where X, Y are N, S, or O) that may be acid/base labile, releasing an aldehyde.",1781.808,1,0,0.025,-9.874,0.4495,4198-1,OPLS_2005,2,-0.833680864972398,-76.5985946655273,482188354,21.346,,1594,19,-2.023,-10.7341916818422,2099_sdstereoexpander_1_neutralizer_1_epik_1_stereoizer_1,43.568,264.419,0.415228276576539,0.4943,924.21,0.2721,0.1774,-3.804,2.0,-7.7,-34.2931747436523,W05IMl1bQ0gyXVtDSDJdW0NAQEhdKFtPSF0pQyg9TylbTkhdW0NAQEhdMVtDSDJdW0NAQEhdKFtOSDJdKVtDQEhdKFtDQEhdKFtPSF0pW0NASF0xT1tDQEBIXShPW0NIMl0yKVtDQEBIXShbT0hdKVtDQEBIXShbTkhdW0NIM10pW0NAQF0yKFtDSDNdKVtPSF0pT1tDQEBIXTNPQyg9W0NIXVtDSDJdW0NASF0zW05IMl0pW0NIMl1bTkhdW0NIMl1bQ0gyXVtPSF0=,0,345.869,2,,4198,541.682,-2,3,16,1,0.0,36.658,vsw_Plazomicin_Analog_9-LIGPREP-002-in.maegz,12,-42.305419921875,1,14.0,56135,13,33,-0.689001960124744,-5.623,0.4943,0.088662,0.055,592.688,14,0,glide-grid_Ab_minmz,0.0,-10.2398916818422,52.02,4,-0.655,"71515458  1
1118  2
42613186  2",0.671710659327094,0,PD126829,,-2.17242709710002,-0.407078396138954,1,-1.205,20.781,PD126829,2,18,21.9
11.6008443832397,386478930,-0.838887561129928,9.102,https://www.wikidata.org/wiki/Wikidata:Main_Page,0.0512159371403503,5,132,,5,2,18,-0.243281528885123,J2VwaWtfcHl0aG9uJywgJy1waCcsICc3LjAwMDAwMCcsICctcGh0JywgJzIuMDAwMDAwJywgJy1tcycsICcxNicsICctdG4nLCAnOCcsICctbWEnLCAnMjAwJywgJy1pbWFlJywgJzxpbmZpbGUubWFlPicsICctb21hZScsICc8b3V0ZmlsZS5tYWU+Jw==,49.025,0,https://scholia.toolforge.org/Q15426988,386478930-2,,0.0140519,467,-2.3,0,4.928,-181.939358023238,41,1,0,1,3.7,0.7903408,0.0,21,72.825903,"This compound contains an acetal/aminal-like group ( X-CH(R)-Y where X, Y are N, S, or O) that may be acid/base labile, releasing an aldehyde.",1728.435,1,0,0.072,-9.063,1.0275,933-2,OPLS_2005,2,-0.746089747435381,-83.7660274505615,386478930,20.923,,113,19,-1.99,-10.8736426842901,467_sdstereoexpander_1_neutralizer_1_epik_2_stereoizer_1,43.123,256.033,0.413100258988576,0.8991,881.291,0.0001,1.0274,-3.124,2.0,-7.349,-28.8010120391846,W0NIM11bQ0BAXTEoW09IXSlbQ0gyXU9bQ0BASF0oW0NASF0oW09IXSlbQ0BASF0xW05IXVtDSDNdKU9bQ0BASF0yW0NASF0oW05IXUMoPU8pW0NASF0oW09IXSlbQ0gyXVtDSDJdW05IMl0pW0NIMl1bQ0BASF0oW05IMl0pW0NASF0oW0NASF0yW09IXSlPW0NASF0zW0NASF0oW05IMl0pW0NIMl1bQ0hdPUMoTzMpW0NIMl1bTkhdW0NIMl1bQ0gyXVtPSF0=,0,301.634,2,,933,544.405,-2,3,16,2,0.0,35.252,vsw_Plazomicin_Analog_9-LIGPREP-001-in.maegz,11,-54.965015411377,1,14.0,56135,13,202,-0.95925371085025,-5.475,0.8991,0.0929798,0.144,592.688,14,0,glide-grid_Ab_minmz,0.0,-9.97454268429006,49.871,5,-0.687,42613186  1,1.92657990768628,0,Q15426988,23756,-2.11613242422836,-0.411348883033773,1,-1.43,19.796,Q15426988,2,18,21.9
11.6008443832397,386478930,-0.838887561129928,9.102,https://www.wikidata.org/wiki/Wikidata:Main_Page,0.0512159399379453,5,162,,5,2,18,-0.243281528885123,J2VwaWtfcHl0aG9uJywgJy1waCcsICc3LjAwMDAwMCcsICctcGh0JywgJzIuMDAwMDAwJywgJy1tcycsICcxNicsICctdG4nLCAnOCcsICctbWEnLCAnMjAwJywgJy1pbWFlJywgJzxpbmZpbGUubWFlPicsICctb21hZScsICc8b3V0ZmlsZS5tYWU+Jw==,49.025,0,https://scholia.toolforge.org/Q15426988,386478930-2,,0.0140517,499,-2.3,0,4.928,-181.939358023238,41,1,0,1,3.7,0.7903408,0.0,21,72.825903,"This compound contains an acetal/aminal-like group ( X-CH(R)-Y where X, Y are N, S, or O) that may be acid/base labile, releasing an aldehyde.",1728.435,1,0,0.072,-9.063,1.0275,997-2,OPLS_2005,2,-0.746089747435381,-83.7660274505615,386478930,20.923,,113,19,-1.99,-10.8736426842901,499_sdstereoexpander_1_neutralizer_1_epik_2_stereoizer_1,43.123,256.033,0.413100258988576,0.8991,881.291,0.0001,1.0274,-3.124,2.0,-7.349,-28.8010120391846,W0NIM11bQ0BAXTEoW09IXSlbQ0gyXU9bQ0BASF0oW0NASF0oW09IXSlbQ0BASF0xW05IXVtDSDNdKU9bQ0BASF0yW0NASF0oW05IXUMoPU8pW0NASF0oW09IXSlbQ0gyXVtDSDJdW05IMl0pW0NIMl1bQ0BASF0oW05IMl0pW0NASF0oW0NASF0yW09IXSlPW0NASF0zW0NASF0oW05IMl0pW0NIMl1bQ0hdPUMoTzMpW0NIMl1bTkhdW0NIMl1bQ0gyXVtPSF0=,0,301.634,2,,997,544.405,-2,3,16,2,0.0,35.252,vsw_Plazomicin_Analog_9-LIGPREP-001-in.maegz,11,-54.965015411377,1,14.0,56135,13,202,-0.95925371085025,-5.475,0.8991,0.0929798,0.144,592.688,14,0,glide-grid_Ab_minmz,0.0,-9.97454268429006,49.871,5,-0.687,42613186  1,1.92657990768628,0,Q15426988,23756,-2.11613242422836,-0.411348883033773,1,-1.43,19.796,Q15426988,2,18,21.9
11.6008443832397,386478930,-0.838887561129928,9.102,https://www.wikidata.org/wiki/Wikidata:Main_Page,0.0512159454336225,5,182,,5,2,18,-0.243281528885123,J2VwaWtfcHl0aG9uJywgJy1waCcsICc3LjAwMDAwMCcsICctcGh0JywgJzIuMDAwMDAwJywgJy1tcycsICcxNicsICctdG4nLCAnOCcsICctbWEnLCAnMjAwJywgJy1pbWFlJywgJzxpbmZpbGUubWFlPicsICctb21hZScsICc8b3V0ZmlsZS5tYWU+Jw==,49.025,0,https://scholia.toolforge.org/Q15426988,386478930-2,,0.0140517,531,-2.3,0,4.928,-181.939358023238,41,1,0,1,3.7,0.7903408,0.0,21,72.825903,"This compound contains an acetal/aminal-like group ( X-CH(R)-Y where X, Y are N, S, or O) that may be acid/base labile, releasing an aldehyde.",1728.435,1,0,0.072,-9.063,1.0275,1061-2,OPLS_2005,2,-0.746089747435381,-83.7660274505615,386478930,20.923,,113,19,-1.99,-10.8736426842901,531_sdstereoexpander_1_neutralizer_1_epik_2_stereoizer_1,43.123,256.033,0.413100258988576,0.8991,881.291,0.0001,1.0274,-3.124,2.0,-7.349,-28.8010120391846,W0NIM11bQ0BAXTEoW09IXSlbQ0gyXU9bQ0BASF0oW0NASF0oW09IXSlbQ0BASF0xW05IXVtDSDNdKU9bQ0BASF0yW0NASF0oW05IXUMoPU8pW0NASF0oW09IXSlbQ0gyXVtDSDJdW05IMl0pW0NIMl1bQ0BASF0oW05IMl0pW0NASF0oW0NASF0yW09IXSlPW0NASF0zW0NASF0oW05IMl0pW0NIMl1bQ0hdPUMoTzMpW0NIMl1bTkhdW0NIMl1bQ0gyXVtPSF0=,0,301.634,2,,1061,544.405,-2,3,16,2,0.0,35.252,vsw_Plazomicin_Analog_9-LIGPREP-001-in.maegz,11,-54.965015411377,1,14.0,56135,13,202,-0.95925371085025,-5.475,0.8991,0.0929798,0.144,592.688,14,0,glide-grid_Ab_minmz,0.0,-9.97454268429006,49.871,5,-0.687,42613186  1,1.92657990768628,0,Q15426988,23756,-2.11613242422836,-0.411348883033773,1,-1.43,19.796,Q15426988,2,18,21.9
11.6008443832397,500214660,-0.838887561129928,9.102,https://www.invivochem.com/,0.0512159371403503,5,37,27041,5,2,18,-0.243281528885123,J2VwaWtfcHl0aG9uJywgJy1waCcsICc3LjAwMDAwMCcsICctcGh0JywgJzIuMDAwMDAwJywgJy1tcycsICcxNicsICctdG4nLCAnOCcsICctbWEnLCAnMjAwJywgJy1pbWFlJywgJzxpbmZpbGUubWFlPicsICctb21hZScsICc8b3V0ZmlsZS5tYWU+Jw==,49.025,0,https://www.invivochem.com/plazomicin.html,500214660-2,"Plazomicin
1154757-24-0
(2S)-4-amino-N-[(1R,2S,3S,4R,5S)-5-amino-4-[[(2S,3R)-3-amino-6-[(2-hydroxyethylamino)methyl]-3,4-dihydro-2H-pyran-2-yl]oxy]-2-[(2R,3R,4R,5R)-3,5-dihydroxy-5-methyl-4-(methylamino)oxan-2-yl]oxy-3-hydroxycyclohexyl]-2-hydroxybutanamide",0.0140519,1491,-2.3,0,4.928,-181.939358023238,41,1,0,1,3.7,0.7903408,0.0,21,72.825903,"This compound contains an acetal/aminal-like group ( X-CH(R)-Y where X, Y are N, S, or O) that may be acid/base labile, releasing an aldehyde.",1728.435,1,0,0.072,-9.063,1.0275,2981-2,OPLS_2005,2,-0.746089747435381,-83.7660274505615,500214660,20.923,,113,19,-1.99,-10.8736426842901,1491_sdstereoexpander_1_neutralizer_1_epik_2_stereoizer_1,43.123,256.033,0.413100258988576,0.8991,881.291,0.0001,1.0274,-3.124,2.0,-7.349,-28.8010120391846,W0NIM11bQ0BAXTEoW09IXSlbQ0gyXU9bQ0BASF0oW0NASF0oW09IXSlbQ0BASF0xW05IXVtDSDNdKU9bQ0BASF0yW0NASF0oW05IXUMoPU8pW0NASF0oW09IXSlbQ0gyXVtDSDJdW05IMl0pW0NIMl1bQ0BASF0oW05IMl0pW0NASF0oW0NASF0yW09IXSlPW0NASF0zW0NASF0oW05IMl0pW0NIMl1bQ0hdPUMoTzMpW0NIMl1bTkhdW0NIMl1bQ0gyXVtPSF0=,0,301.634,2,1154757-24-0,2981,544.405,-2,3,16,1,0.0,35.252,vsw_Plazomicin_Analog_9-LIGPREP-001-in.maegz,11,-54.965015411377,1,14.0,56135,13,202,-0.95925371085025,-5.475,0.8991,0.0929798,0.144,592.688,14,0,glide-grid_Ab_minmz,0.0,-9.97454268429006,49.871,5,-0.687,42613186  1,1.92657990768628,0,V3888,,-2.11613242422836,-0.411348883033773,1,-1.43,19.796,V3888,2,18,21.9
11.6008443832397,500214660,-0.838887561129928,9.102,https://www.invivochem.com/,0.0512159399379453,5,67,27041,5,2,18,-0.243281528885123,J2VwaWtfcHl0aG9uJywgJy1waCcsICc3LjAwMDAwMCcsICctcGh0JywgJzIuMDAwMDAwJywgJy1tcycsICcxNicsICctdG4nLCAnOCcsICctbWEnLCAnMjAwJywgJy1pbWFlJywgJzxpbmZpbGUubWFlPicsICctb21hZScsICc8b3V0ZmlsZS5tYWU+Jw==,49.025,0,https://www.invivochem.com/plazomicin.html,500214660-2,"Plazomicin
1154757-24-0
(2S)-4-amino-N-[(1R,2S,3S,4R,5S)-5-amino-4-[[(2S,3R)-3-amino-6-[(2-hydroxyethylamino)methyl]-3,4-dihydro-2H-pyran-2-yl]oxy]-2-[(2R,3R,4R,5R)-3,5-dihydroxy-5-methyl-4-(methylamino)oxan-2-yl]oxy-3-hydroxycyclohexyl]-2-hydroxybutanamide",0.0140517,1523,-2.3,0,4.928,-181.939358023238,41,1,0,1,3.7,0.7903408,0.0,21,72.825903,"This compound contains an acetal/aminal-like group ( X-CH(R)-Y where X, Y are N, S, or O) that may be acid/base labile, releasing an aldehyde.",1728.435,1,0,0.072,-9.063,1.0275,3045-2,OPLS_2005,2,-0.746089747435381,-83.7660274505615,500214660,20.923,,113,19,-1.99,-10.8736426842901,1523_sdstereoexpander_1_neutralizer_1_epik_2_stereoizer_1,43.123,256.033,0.413100258988576,0.8991,881.291,0.0001,1.0274,-3.124,2.0,-7.349,-28.8010120391846,W0NIM11bQ0BAXTEoW09IXSlbQ0gyXU9bQ0BASF0oW0NASF0oW09IXSlbQ0BASF0xW05IXVtDSDNdKU9bQ0BASF0yW0NASF0oW05IXUMoPU8pW0NASF0oW09IXSlbQ0gyXVtDSDJdW05IMl0pW0NIMl1bQ0BASF0oW05IMl0pW0NASF0oW0NASF0yW09IXSlPW0NASF0zW0NASF0oW05IMl0pW0NIMl1bQ0hdPUMoTzMpW0NIMl1bTkhdW0NIMl1bQ0gyXVtPSF0=,0,301.634,2,1154757-24-0,3045,544.405,-2,3,16,1,0.0,35.252,vsw_Plazomicin_Analog_9-LIGPREP-001-in.maegz,11,-54.965015411377,1,14.0,56135,13,202,-0.95925371085025,-5.475,0.8991,0.0929798,0.144,592.688,14,0,glide-grid_Ab_minmz,0.0,-9.97454268429006,49.871,5,-0.687,42613186  1,1.92657990768628,0,V3888,,-2.11613242422836,-0.411348883033773,1,-1.43,19.796,V3888,2,18,21.9
11.6008443832397,500214660,-0.838887561129928,9.102,https://www.invivochem.com/,0.0512159454336225,5,87,27041,5,2,18,-0.243281528885123,J2VwaWtfcHl0aG9uJywgJy1waCcsICc3LjAwMDAwMCcsICctcGh0JywgJzIuMDAwMDAwJywgJy1tcycsICcxNicsICctdG4nLCAnOCcsICctbWEnLCAnMjAwJywgJy1pbWFlJywgJzxpbmZpbGUubWFlPicsICctb21hZScsICc8b3V0ZmlsZS5tYWU+Jw==,49.025,0,https://www.invivochem.com/plazomicin.html,500214660-2,"Plazomicin
1154757-24-0
(2S)-4-amino-N-[(1R,2S,3S,4R,5S)-5-amino-4-[[(2S,3R)-3-amino-6-[(2-hydroxyethylamino)methyl]-3,4-dihydro-2H-pyran-2-yl]oxy]-2-[(2R,3R,4R,5R)-3,5-dihydroxy-5-methyl-4-(methylamino)oxan-2-yl]oxy-3-hydroxycyclohexyl]-2-hydroxybutanamide",0.0140517,1555,-2.3,0,4.928,-181.939358023238,41,1,0,1,3.7,0.7903408,0.0,21,72.825903,"This compound contains an acetal/aminal-like group ( X-CH(R)-Y where X, Y are N, S, or O) that may be acid/base labile, releasing an aldehyde.",1728.435,1,0,0.072,-9.063,1.0275,3109-2,OPLS_2005,2,-0.746089747435381,-83.7660274505615,500214660,20.923,,113,19,-1.99,-10.8736426842901,1555_sdstereoexpander_1_neutralizer_1_epik_2_stereoizer_1,43.123,256.033,0.413100258988576,0.8991,881.291,0.0001,1.0274,-3.124,2.0,-7.349,-28.8010120391846,W0NIM11bQ0BAXTEoW09IXSlbQ0gyXU9bQ0BASF0oW0NASF0oW09IXSlbQ0BASF0xW05IXVtDSDNdKU9bQ0BASF0yW0NASF0oW05IXUMoPU8pW0NASF0oW09IXSlbQ0gyXVtDSDJdW05IMl0pW0NIMl1bQ0BASF0oW05IMl0pW0NASF0oW0NASF0yW09IXSlPW0NASF0zW0NASF0oW05IMl0pW0NIMl1bQ0hdPUMoTzMpW0NIMl1bTkhdW0NIMl1bQ0gyXVtPSF0=,0,301.634,2,1154757-24-0,3109,544.405,-2,3,16,1,0.0,35.252,vsw_Plazomicin_Analog_9-LIGPREP-001-in.maegz,11,-54.965015411377,1,14.0,56135,13,202,-0.95925371085025,-5.475,0.8991,0.0929798,0.144,592.688,14,0,glide-grid_Ab_minmz,0.0,-9.97454268429006,49.871,5,-0.687,42613186  1,1.92657990768628,0,V3888,,-2.11613242422836,-0.411348883033773,1,-1.43,19.796,V3888,2,18,21.9
11.6008443832397,385642644,-0.838887561129928,9.102,http://chem-bla-ics.blogspot.com/,0.0512159371403503,5,27,,5,2,18,-0.243281528885123,J2VwaWtfcHl0aG9uJywgJy1waCcsICc3LjAwMDAwMCcsICctcGh0JywgJzIuMDAwMDAwJywgJy1tcycsICcxNicsICctdG4nLCAnOCcsICctbWEnLCAnMjAwJywgJy1pbWFlJywgJzxpbmZpbGUubWFlPicsICctb21hZScsICc8b3V0ZmlsZS5tYWU+Jw==,49.025,0,https://tools.wmflabs.org/scholia/Q15426988,385642644-2,"plazomicin
Q15426988",0.0140519,351,-2.3,0,4.928,-181.939358023238,41,1,0,1,3.7,0.7903408,0.0,21,72.825903,"This compound contains an acetal/aminal-like group ( X-CH(R)-Y where X, Y are N, S, or O) that may be acid/base labile, releasing an aldehyde.",1728.435,1,0,0.072,-9.063,1.0275,702-2,OPLS_2005,2,-0.746089747435381,-83.7660274505615,385642644,20.923,,113,19,-1.99,-10.8736426842901,351_sdstereoexpander_1_neutralizer_1_epik_2_stereoizer_1,43.123,256.033,0.413100258988576,0.8991,881.291,0.0001,1.0274,-3.124,2.0,-7.349,-28.8010120391846,W0NIM11bQ0BAXTEoW09IXSlbQ0gyXU9bQ0BASF0oW0NASF0oW09IXSlbQ0BASF0xW05IXVtDSDNdKU9bQ0BASF0yW0NASF0oW05IXUMoPU8pW0NASF0oW09IXSlbQ0gyXVtDSDJdW05IMl0pW0NIMl1bQ0BASF0oW05IMl0pW0NASF0oW0NASF0yW09IXSlPW0NASF0zW0NASF0oW05IMl0pW0NIMl1bQ0hdPUMoTzMpW0NIMl1bTkhdW0NIMl1bQ0gyXVtPSF0=,0,301.634,2,,702,544.405,-2,3,16,1,0.0,35.252,vsw_Plazomicin_Analog_9-LIGPREP-002-in.maegz,11,-54.965015411377,1,14.0,56135,13,202,-0.95925371085025,-5.475,0.8991,0.0929798,0.144,592.688,14,0,glide-grid_Ab_minmz,0.0,-9.97454268429006,49.871,5,-0.687,42613186  1,1.92657990768628,0,Q15426988,1139,-2.11613242422836,-0.411348883033773,1,-1.43,19.796,Q15426988,2,18,21.9
11.6008443832397,385642644,-0.838887561129928,9.102,http://chem-bla-ics.blogspot.com/,0.0512159399379453,5,57,,5,2,18,-0.243281528885123,J2VwaWtfcHl0aG9uJywgJy1waCcsICc3LjAwMDAwMCcsICctcGh0JywgJzIuMDAwMDAwJywgJy1tcycsICcxNicsICctdG4nLCAnOCcsICctbWEnLCAnMjAwJywgJy1pbWFlJywgJzxpbmZpbGUubWFlPicsICctb21hZScsICc8b3V0ZmlsZS5tYWU+Jw==,49.025,0,https://tools.wmflabs.org/scholia/Q15426988,385642644-2,"plazomicin
Q15426988",0.0140517,383,-2.3,0,4.928,-181.939358023238,41,1,0,1,3.7,0.7903408,0.0,21,72.825903,"This compound contains an acetal/aminal-like group ( X-CH(R)-Y where X, Y are N, S, or O) that may be acid/base labile, releasing an aldehyde.",1728.435,1,0,0.072,-9.063,1.0275,766-2,OPLS_2005,2,-0.746089747435381,-83.7660274505615,385642644,20.923,,113,19,-1.99,-10.8736426842901,383_sdstereoexpander_1_neutralizer_1_epik_2_stereoizer_1,43.123,256.033,0.413100258988576,0.8991,881.291,0.0001,1.0274,-3.124,2.0,-7.349,-28.8010120391846,W0NIM11bQ0BAXTEoW09IXSlbQ0gyXU9bQ0BASF0oW0NASF0oW09IXSlbQ0BASF0xW05IXVtDSDNdKU9bQ0BASF0yW0NASF0oW05IXUMoPU8pW0NASF0oW09IXSlbQ0gyXVtDSDJdW05IMl0pW0NIMl1bQ0BASF0oW05IMl0pW0NASF0oW0NASF0yW09IXSlPW0NASF0zW0NASF0oW05IMl0pW0NIMl1bQ0hdPUMoTzMpW0NIMl1bTkhdW0NIMl1bQ0gyXVtPSF0=,0,301.634,2,,766,544.405,-2,3,16,1,0.0,35.252,vsw_Plazomicin_Analog_9-LIGPREP-002-in.maegz,11,-54.965015411377,1,14.0,56135,13,202,-0.95925371085025,-5.475,0.8991,0.0929798,0.144,592.688,14,0,glide-grid_Ab_minmz,0.0,-9.97454268429006,49.871,5,-0.687,42613186  1,1.92657990768628,0,Q15426988,1139,-2.11613242422836,-0.411348883033773,1,-1.43,19.796,Q15426988,2,18,21.9
11.6008443832397,385642644,-0.838887561129928,9.102,http://chem-bla-ics.blogspot.com/,0.0512159454336225,5,77,,5,2,18,-0.243281528885123,J2VwaWtfcHl0aG9uJywgJy1waCcsICc3LjAwMDAwMCcsICctcGh0JywgJzIuMDAwMDAwJywgJy1tcycsICcxNicsICctdG4nLCAnOCcsICctbWEnLCAnMjAwJywgJy1pbWFlJywgJzxpbmZpbGUubWFlPicsICctb21hZScsICc8b3V0ZmlsZS5tYWU+Jw==,49.025,0,https://tools.wmflabs.org/scholia/Q15426988,385642644-2,"plazomicin
Q15426988",0.0140517,415,-2.3,0,4.928,-181.939358023238,41,1,0,1,3.7,0.7903408,0.0,21,72.825903,"This compound contains an acetal/aminal-like group ( X-CH(R)-Y where X, Y are N, S, or O) that may be acid/base labile, releasing an aldehyde.",1728.435,1,0,0.072,-9.063,1.0275,830-2,OPLS_2005,2,-0.746089747435381,-83.7660274505615,385642644,20.923,,113,19,-1.99,-10.8736426842901,415_sdstereoexpander_1_neutralizer_1_epik_2_stereoizer_1,43.123,256.033,0.413100258988576,0.8991,881.291,0.0001,1.0274,-3.124,2.0,-7.349,-28.8010120391846,W0NIM11bQ0BAXTEoW09IXSlbQ0gyXU9bQ0BASF0oW0NASF0oW09IXSlbQ0BASF0xW05IXVtDSDNdKU9bQ0BASF0yW0NASF0oW05IXUMoPU8pW0NASF0oW09IXSlbQ0gyXVtDSDJdW05IMl0pW0NIMl1bQ0BASF0oW05IMl0pW0NASF0oW0NASF0yW09IXSlPW0NASF0zW0NASF0oW05IMl0pW0NIMl1bQ0hdPUMoTzMpW0NIMl1bTkhdW0NIMl1bQ0gyXVtPSF0=,0,301.634,2,,830,544.405,-2,3,16,1,0.0,35.252,vsw_Plazomicin_Analog_9-LIGPREP-002-in.maegz,11,-54.965015411377,1,14.0,56135,13,202,-0.95925371085025,-5.475,0.8991,0.0929798,0.144,592.688,14,0,glide-grid_Ab_minmz,0.0,-9.97454268429006,49.871,5,-0.687,42613186  1,1.92657990768628,0,Q15426988,1139,-2.11613242422836,-0.411348883033773,1,-1.43,19.796,Q15426988,2,18,21.9
11.6008443832397,461918095,-0.838887561129928,9.103,https://cheminf.uni-jena.de,0.0518564113195037,5,52,25339,5,2,18,-0.243281528885123,J2VwaWtfcHl0aG9uJywgJy1waCcsICc3LjAwMDAwMCcsICctcGh0JywgJzIuMDAwMDAwJywgJy1tcycsICcxNicsICctdG4nLCAnOCcsICctbWEnLCAnMjAwJywgJy1pbWFlJywgJzxpbmZpbGUubWFlPicsICctb21hZScsICc8b3V0ZmlsZS5tYWU+Jw==,49.02,0,,461918095-2,,0.0140613,1007,-2.3,0,4.929,-181.939358023238,41,1,0,1,3.7,0.7918338,0.0,21,72.822702,"This compound contains an acetal/aminal-like group ( X-CH(R)-Y where X, Y are N, S, or O) that may be acid/base labile, releasing an aldehyde.",1727.644,1,0,0.072,-9.058,1.0275,2014-2,OPLS_2005,2,-0.746089747435381,-83.7660274505615,461918095,20.934,,113,19,-1.984,-10.8736426842901,1007_sdstereoexpander_1_neutralizer_1_epik_2_stereoizer_1,43.118,256.045,0.413100258988576,0.8991,879.361,0.0001,1.0274,-3.109,2.0,-7.325,-28.8010120391846,W0NIM11bQ0BAXTEoW09IXSlbQ0gyXU9bQ0BASF0oW0NASF0oW09IXSlbQ0BASF0xW05IXVtDSDNdKU9bQ0BASF0yW0NASF0oW05IXUMoPU8pW0NASF0oW09IXSlbQ0gyXVtDSDJdW05IMl0pW0NIMl1bQ0BASF0oW05IMl0pW0NASF0oW0NASF0yW09IXSlPW0NASF0zW0NASF0oW05IMl0pW0NIMl1bQ0hdPUMoTzMpW0NIMl1bTkhdW0NIMl1bQ0gyXVtPSF0=,0,301.343,2,,2014,542.754,-2,3,16,1,0.0,35.264,vsw_Plazomicin_Analog_9-LIGPREP-002-in.maegz,11,-54.965015411377,1,14.0,56135,13,202,-0.95925371085025,-5.469,0.8991,0.0931839,0.145,592.688,14,0,glide-grid_Ab_minmz,0.0,-9.97454268429006,49.839,5,-0.688,42613186  1,1.92657990768628,0,CNP0074779.1,,-2.11613242422836,-0.411348883033773,1,-1.43,19.775,CNP0074779.1,2,18,21.9
11.6008443832397,461918095,-0.838887561129928,9.103,https://cheminf.uni-jena.de,0.0518566103037144,5,82,25339,5,2,18,-0.243281528885123,J2VwaWtfcHl0aG9uJywgJy1waCcsICc3LjAwMDAwMCcsICctcGh0JywgJzIuMDAwMDAwJywgJy1tcycsICcxNicsICctdG4nLCAnOCcsICctbWEnLCAnMjAwJywgJy1pbWFlJywgJzxpbmZpbGUubWFlPicsICctb21hZScsICc8b3V0ZmlsZS5tYWU+Jw==,49.02,0,,461918095-2,,0.0140614,1071,-2.3,0,4.929,-181.939358023238,41,1,0,1,3.7,0.7918338,0.0,21,72.822701,"This compound contains an acetal/aminal-like group ( X-CH(R)-Y where X, Y are N, S, or O) that may be acid/base labile, releasing an aldehyde.",1727.644,1,0,0.072,-9.058,1.0275,2142-2,OPLS_2005,2,-0.746089747435381,-83.7660274505615,461918095,20.934,,113,19,-1.984,-10.8736426842901,1071_sdstereoexpander_1_neutralizer_1_epik_2_stereoizer_1,43.118,256.045,0.413100258988576,0.8991,879.361,0.0001,1.0274,-3.109,2.0,-7.325,-28.8010120391846,W0NIM11bQ0BAXTEoW09IXSlbQ0gyXU9bQ0BASF0oW0NASF0oW09IXSlbQ0BASF0xW05IXVtDSDNdKU9bQ0BASF0yW0NASF0oW05IXUMoPU8pW0NASF0oW09IXSlbQ0gyXVtDSDJdW05IMl0pW0NIMl1bQ0BASF0oW05IMl0pW0NASF0oW0NASF0yW09IXSlPW0NASF0zW0NASF0oW05IMl0pW0NIMl1bQ0hdPUMoTzMpW0NIMl1bTkhdW0NIMl1bQ0gyXVtPSF0=,0,301.343,2,,2142,542.754,-2,3,16,1,0.0,35.264,vsw_Plazomicin_Analog_9-LIGPREP-002-in.maegz,11,-54.965015411377,1,14.0,56135,13,202,-0.95925371085025,-5.469,0.8991,0.0931839,0.145,592.688,14,0,glide-grid_Ab_minmz,0.0,-9.97454268429006,49.839,5,-0.688,42613186  1,1.92657990768628,0,CNP0074779.1,,-2.11613242422836,-0.411348883033773,1,-1.43,19.775,CNP0074779.1,2,18,21.9
11.6008443832397,461918095,-0.838887561129928,9.103,https://cheminf.uni-jena.de,0.0518566356863139,5,92,25339,5,2,18,-0.243281528885123,J2VwaWtfcHl0aG9uJywgJy1waCcsICc3LjAwMDAwMCcsICctcGh0JywgJzIuMDAwMDAwJywgJy1tcycsICcxNicsICctdG4nLCAnOCcsICctbWEnLCAnMjAwJywgJy1pbWFlJywgJzxpbmZpbGUubWFlPicsICctb21hZScsICc8b3V0ZmlsZS5tYWU+Jw==,49.02,0,,461918095-2,,0.0140613,1087,-2.3,0,4.929,-181.939358023238,41,1,0,1,3.7,0.7918338,0.0,21,72.822701,"This compound contains an acetal/aminal-like group ( X-CH(R)-Y where X, Y are N, S, or O) that may be acid/base labile, releasing an aldehyde.",1727.644,1,0,0.072,-9.058,1.0275,2174-2,OPLS_2005,2,-0.746089747435381,-83.7660274505615,461918095,20.934,,113,19,-1.984,-10.8736426842901,1087_sdstereoexpander_1_neutralizer_1_epik_2_stereoizer_1,43.118,256.045,0.413100258988576,0.8991,879.361,0.0001,1.0274,-3.109,2.0,-7.325,-28.8010120391846,W0NIM11bQ0BAXTEoW09IXSlbQ0gyXU9bQ0BASF0oW0NASF0oW09IXSlbQ0BASF0xW05IXVtDSDNdKU9bQ0BASF0yW0NASF0oW05IXUMoPU8pW0NASF0oW09IXSlbQ0gyXVtDSDJdW05IMl0pW0NIMl1bQ0BASF0oW05IMl0pW0NASF0oW0NASF0yW09IXSlPW0NASF0zW0NASF0oW05IMl0pW0NIMl1bQ0hdPUMoTzMpW0NIMl1bTkhdW0NIMl1bQ0gyXVtPSF0=,0,301.343,2,,2174,542.754,-2,3,16,1,0.0,35.264,vsw_Plazomicin_Analog_9-LIGPREP-002-in.maegz,11,-54.965015411377,1,14.0,56135,13,202,-0.95925371085025,-5.469,0.8991,0.0931839,0.145,592.688,14,0,glide-grid_Ab_minmz,0.0,-9.97454268429006,49.839,5,-0.688,42613186  1,1.92657990768628,0,CNP0074779.1,,-2.11613242422836,-0.411348883033773,1,-1.43,19.775,CNP0074779.1,2,18,21.9
11.6008443832397,385750440,-0.838887561129928,9.102,http://chem-bla-ics.blogspot.com/,0.0512159371403503,5,187,,5,2,18,-0.243281528885123,J2VwaWtfcHl0aG9uJywgJy1waCcsICc3LjAwMDAwMCcsICctcGh0JywgJzIuMDAwMDAwJywgJy1tcycsICcxNicsICctdG4nLCAnOCcsICctbWEnLCAnMjAwJywgJy1pbWFlJywgJzxpbmZpbGUubWFlPicsICctb21hZScsICc8b3V0ZmlsZS5tYWU+Jw==,49.025,0,https://tools.wmflabs.org/scholia/Q27273718,385750440-2,"plazomicin sulfate
Q27273718",0.0140519,1738,-2.3,0,4.928,-181.939358023238,41,1,0,1,3.7,0.7903408,0.0,21,72.825903,"This compound contains an acetal/aminal-like group ( X-CH(R)-Y where X, Y are N, S, or O) that may be acid/base labile, releasing an aldehyde.",1728.435,1,0,0.072,-9.063,1.0275,3476-2,OPLS_2005,2,-0.746089747435381,-83.7660274505615,385750440,20.923,,113,19,-1.99,-10.8736426842901,1738_sdstereoexpander_1_neutralizer_1_epik_2_stereoizer_1,43.123,256.033,0.413100258988576,0.8991,881.291,0.0001,1.0274,-3.124,2.0,-7.349,-28.8010120391846,W0NIM11bQ0BAXTEoW09IXSlbQ0gyXU9bQ0BASF0oW0NASF0oW09IXSlbQ0BASF0xW05IXVtDSDNdKU9bQ0BASF0yW0NASF0oW05IXUMoPU8pW0NASF0oW09IXSlbQ0gyXVtDSDJdW05IMl0pW0NIMl1bQ0BASF0oW05IMl0pW0NASF0oW0NASF0yW09IXSlPW0NASF0zW0NASF0oW05IMl0pW0NIMl1bQ0hdPUMoTzMpW0NIMl1bTkhdW0NIMl1bQ0gyXVtPSF0=,0,301.634,2,,3476,544.405,-2,3,16,1,0.0,35.252,vsw_Plazomicin_Analog_9-LIGPREP-002-in.maegz,11,-54.965015411377,1,14.0,56135,13,202,-0.95925371085025,-5.475,0.8991,0.0929798,0.144,592.688,14,0,glide-grid_Ab_minmz,0.0,-9.97454268429006,49.871,5,-0.687,"71515458  1
1118  2
42613186  2",1.92657990768628,0,Q27273718,1139,-2.11613242422836,-0.411348883033773,1,-1.43,19.796,Q27273718,2,18,21.9
11.6008443832397,385750440,-0.838887561129928,9.102,http://chem-bla-ics.blogspot.com/,0.0512159399379453,5,212,,5,2,18,-0.243281528885123,J2VwaWtfcHl0aG9uJywgJy1waCcsICc3LjAwMDAwMCcsICctcGh0JywgJzIuMDAwMDAwJywgJy1tcycsICcxNicsICctdG4nLCAnOCcsICctbWEnLCAnMjAwJywgJy1pbWFlJywgJzxpbmZpbGUubWFlPicsICctb21hZScsICc8b3V0ZmlsZS5tYWU+Jw==,49.025,0,https://tools.wmflabs.org/scholia/Q27273718,385750440-2,"plazomicin sulfate
Q27273718",0.0140517,1770,-2.3,0,4.928,-181.939358023238,41,1,0,1,3.7,0.7903408,0.0,21,72.825903,"This compound contains an acetal/aminal-like group ( X-CH(R)-Y where X, Y are N, S, or O) that may be acid/base labile, releasing an aldehyde.",1728.435,1,0,0.072,-9.063,1.0275,3540-2,OPLS_2005,2,-0.746089747435381,-83.7660274505615,385750440,20.923,,113,19,-1.99,-10.8736426842901,1770_sdstereoexpander_1_neutralizer_1_epik_2_stereoizer_1,43.123,256.033,0.413100258988576,0.8991,881.291,0.0001,1.0274,-3.124,2.0,-7.349,-28.8010120391846,W0NIM11bQ0BAXTEoW09IXSlbQ0gyXU9bQ0BASF0oW0NASF0oW09IXSlbQ0BASF0xW05IXVtDSDNdKU9bQ0BASF0yW0NASF0oW05IXUMoPU8pW0NASF0oW09IXSlbQ0gyXVtDSDJdW05IMl0pW0NIMl1bQ0BASF0oW05IMl0pW0NASF0oW0NASF0yW09IXSlPW0NASF0zW0NASF0oW05IMl0pW0NIMl1bQ0hdPUMoTzMpW0NIMl1bTkhdW0NIMl1bQ0gyXVtPSF0=,0,301.634,2,,3540,544.405,-2,3,16,1,0.0,35.252,vsw_Plazomicin_Analog_9-LIGPREP-002-in.maegz,11,-54.965015411377,1,14.0,56135,13,202,-0.95925371085025,-5.475,0.8991,0.0929798,0.144,592.688,14,0,glide-grid_Ab_minmz,0.0,-9.97454268429006,49.871,5,-0.687,"71515458  1
1118  2
42613186  2",1.92657990768628,0,Q27273718,1139,-2.11613242422836,-0.411348883033773,1,-1.43,19.796,Q27273718,2,18,21.9
11.6008443832397,385750440,-0.838887561129928,9.102,http://chem-bla-ics.blogspot.com/,0.0512159454336225,5,232,,5,2,18,-0.243281528885123,J2VwaWtfcHl0aG9uJywgJy1waCcsICc3LjAwMDAwMCcsICctcGh0JywgJzIuMDAwMDAwJywgJy1tcycsICcxNicsICctdG4nLCAnOCcsICctbWEnLCAnMjAwJywgJy1pbWFlJywgJzxpbmZpbGUubWFlPicsICctb21hZScsICc8b3V0ZmlsZS5tYWU+Jw==,49.025,0,https://tools.wmflabs.org/scholia/Q27273718,385750440-2,"plazomicin sulfate
Q27273718",0.0140517,1802,-2.3,0,4.928,-181.939358023238,41,1,0,1,3.7,0.7903408,0.0,21,72.825903,"This compound contains an acetal/aminal-like group ( X-CH(R)-Y where X, Y are N, S, or O) that may be acid/base labile, releasing an aldehyde.",1728.435,1,0,0.072,-9.063,1.0275,3604-2,OPLS_2005,2,-0.746089747435381,-83.7660274505615,385750440,20.923,,113,19,-1.99,-10.8736426842901,1802_sdstereoexpander_1_neutralizer_1_epik_2_stereoizer_1,43.123,256.033,0.413100258988576,0.8991,881.291,0.0001,1.0274,-3.124,2.0,-7.349,-28.8010120391846,W0NIM11bQ0BAXTEoW09IXSlbQ0gyXU9bQ0BASF0oW0NASF0oW09IXSlbQ0BASF0xW05IXVtDSDNdKU9bQ0BASF0yW0NASF0oW05IXUMoPU8pW0NASF0oW09IXSlbQ0gyXVtDSDJdW05IMl0pW0NIMl1bQ0BASF0oW05IMl0pW0NASF0oW0NASF0yW09IXSlPW0NASF0zW0NASF0oW05IMl0pW0NIMl1bQ0hdPUMoTzMpW0NIMl1bTkhdW0NIMl1bQ0gyXVtPSF0=,0,301.634,2,,3604,544.405,-2,3,16,1,0.0,35.252,vsw_Plazomicin_Analog_9-LIGPREP-002-in.maegz,11,-54.965015411377,1,14.0,56135,13,202,-0.95925371085025,-5.475,0.8991,0.0929798,0.144,592.688,14,0,glide-grid_Ab_minmz,0.0,-9.97454268429006,49.871,5,-0.687,"71515458  1
1118  2
42613186  2",1.92657990768628,0,Q27273718,1139,-2.11613242422836,-0.411348883033773,1,-1.43,19.796,Q27273718,2,18,21.9
11.6008443832397,386587091,-0.838887561129928,9.102,https://www.wikidata.org/wiki/Wikidata:Main_Page,0.0512159371403503,5,257,,5,2,18,-0.243281528885123,J2VwaWtfcHl0aG9uJywgJy1waCcsICc3LjAwMDAwMCcsICctcGh0JywgJzIuMDAwMDAwJywgJy1tcycsICcxNicsICctdG4nLCAnOCcsICctbWEnLCAnMjAwJywgJy1pbWFlJywgJzxpbmZpbGUubWFlPicsICctb21hZScsICc8b3V0ZmlsZS5tYWU+Jw==,49.025,0,https://scholia.toolforge.org/Q27273718,386587091-2,,0.0140519,1850,-2.3,0,4.928,-181.939358023238,41,1,0,1,3.7,0.7903408,0.0,21,72.825903,"This compound contains an acetal/aminal-like group ( X-CH(R)-Y where X, Y are N, S, or O) that may be acid/base labile, releasing an aldehyde.",1728.435,1,0,0.072,-9.063,1.0275,3700-2,OPLS_2005,2,-0.746089747435381,-83.7660274505615,386587091,20.923,,113,19,-1.99,-10.8736426842901,1850_sdstereoexpander_1_neutralizer_1_epik_2_stereoizer_1,43.123,256.033,0.413100258988576,0.8991,881.291,0.0001,1.0274,-3.124,2.0,-7.349,-28.8010120391846,W0NIM11bQ0BAXTEoW09IXSlbQ0gyXU9bQ0BASF0oW0NASF0oW09IXSlbQ0BASF0xW05IXVtDSDNdKU9bQ0BASF0yW0NASF0oW05IXUMoPU8pW0NASF0oW09IXSlbQ0gyXVtDSDJdW05IMl0pW0NIMl1bQ0BASF0oW05IMl0pW0NASF0oW0NASF0yW09IXSlPW0NASF0zW0NASF0oW05IMl0pW0NIMl1bQ0hdPUMoTzMpW0NIMl1bTkhdW0NIMl1bQ0gyXVtPSF0=,0,301.634,2,,3700,544.405,-2,3,16,2,0.0,35.252,vsw_Plazomicin_Analog_9-LIGPREP-002-in.maegz,11,-54.965015411377,1,14.0,56135,13,202,-0.95925371085025,-5.475,0.8991,0.0929798,0.144,592.688,14,0,glide-grid_Ab_minmz,0.0,-9.97454268429006,49.871,5,-0.687,"71515458  1
1118  2
42613186  2",1.92657990768628,0,Q27273718,23756,-2.11613242422836,-0.411348883033773,1,-1.43,19.796,Q27273718,2,18,21.9
11.6008443832397,386587091,-0.838887561129928,9.102,https://www.wikidata.org/wiki/Wikidata:Main_Page,0.0512159399379453,5,282,,5,2,18,-0.243281528885123,J2VwaWtfcHl0aG9uJywgJy1waCcsICc3LjAwMDAwMCcsICctcGh0JywgJzIuMDAwMDAwJywgJy1tcycsICcxNicsICctdG4nLCAnOCcsICctbWEnLCAnMjAwJywgJy1pbWFlJywgJzxpbmZpbGUubWFlPicsICctb21hZScsICc8b3V0ZmlsZS5tYWU+Jw==,49.025,0,https://scholia.toolforge.org/Q27273718,386587091-2,,0.0140517,1882,-2.3,0,4.928,-181.939358023238,41,1,0,1,3.7,0.7903408,0.0,21,72.825903,"This compound contains an acetal/aminal-like group ( X-CH(R)-Y where X, Y are N, S, or O) that may be acid/base labile, releasing an aldehyde.",1728.435,1,0,0.072,-9.063,1.0275,3764-2,OPLS_2005,2,-0.746089747435381,-83.7660274505615,386587091,20.923,,113,19,-1.99,-10.8736426842901,1882_sdstereoexpander_1_neutralizer_1_epik_2_stereoizer_1,43.123,256.033,0.413100258988576,0.8991,881.291,0.0001,1.0274,-3.124,2.0,-7.349,-28.8010120391846,W0NIM11bQ0BAXTEoW09IXSlbQ0gyXU9bQ0BASF0oW0NASF0oW09IXSlbQ0BASF0xW05IXVtDSDNdKU9bQ0BASF0yW0NASF0oW05IXUMoPU8pW0NASF0oW09IXSlbQ0gyXVtDSDJdW05IMl0pW0NIMl1bQ0BASF0oW05IMl0pW0NASF0oW0NASF0yW09IXSlPW0NASF0zW0NASF0oW05IMl0pW0NIMl1bQ0hdPUMoTzMpW0NIMl1bTkhdW0NIMl1bQ0gyXVtPSF0=,0,301.634,2,,3764,544.405,-2,3,16,2,0.0,35.252,vsw_Plazomicin_Analog_9-LIGPREP-002-in.maegz,11,-54.965015411377,1,14.0,56135,13,202,-0.95925371085025,-5.475,0.8991,0.0929798,0.144,592.688,14,0,glide-grid_Ab_minmz,0.0,-9.97454268429006,49.871,5,-0.687,"71515458  1
1118  2
42613186  2",1.92657990768628,0,Q27273718,23756,-2.11613242422836,-0.411348883033773,1,-1.43,19.796,Q27273718,2,18,21.9
11.6008443832397,386587091,-0.838887561129928,9.102,https://www.wikidata.org/wiki/Wikidata:Main_Page,0.0512159454336225,5,302,,5,2,18,-0.243281528885123,J2VwaWtfcHl0aG9uJywgJy1waCcsICc3LjAwMDAwMCcsICctcGh0JywgJzIuMDAwMDAwJywgJy1tcycsICcxNicsICctdG4nLCAnOCcsICctbWEnLCAnMjAwJywgJy1pbWFlJywgJzxpbmZpbGUubWFlPicsICctb21hZScsICc8b3V0ZmlsZS5tYWU+Jw==,49.025,0,https://scholia.toolforge.org/Q27273718,386587091-2,,0.0140517,1914,-2.3,0,4.928,-181.939358023238,41,1,0,1,3.7,0.7903408,0.0,21,72.825903,"This compound contains an acetal/aminal-like group ( X-CH(R)-Y where X, Y are N, S, or O) that may be acid/base labile, releasing an aldehyde.",1728.435,1,0,0.072,-9.063,1.0275,3828-2,OPLS_2005,2,-0.746089747435381,-83.7660274505615,386587091,20.923,,113,19,-1.99,-10.8736426842901,1914_sdstereoexpander_1_neutralizer_1_epik_2_stereoizer_1,43.123,256.033,0.413100258988576,0.8991,881.291,0.0001,1.0274,-3.124,2.0,-7.349,-28.8010120391846,W0NIM11bQ0BAXTEoW09IXSlbQ0gyXU9bQ0BASF0oW0NASF0oW09IXSlbQ0BASF0xW05IXVtDSDNdKU9bQ0BASF0yW0NASF0oW05IXUMoPU8pW0NASF0oW09IXSlbQ0gyXVtDSDJdW05IMl0pW0NIMl1bQ0BASF0oW05IMl0pW0NASF0oW0NASF0yW09IXSlPW0NASF0zW0NASF0oW05IMl0pW0NIMl1bQ0hdPUMoTzMpW0NIMl1bTkhdW0NIMl1bQ0gyXVtPSF0=,0,301.634,2,,3828,544.405,-2,3,16,2,0.0,35.252,vsw_Plazomicin_Analog_9-LIGPREP-002-in.maegz,11,-54.965015411377,1,14.0,56135,13,202,-0.95925371085025,-5.475,0.8991,0.0929798,0.144,592.688,14,0,glide-grid_Ab_minmz,0.0,-9.97454268429006,49.871,5,-0.687,"71515458  1
1118  2
42613186  2",1.92657990768628,0,Q27273718,23756,-2.11613242422836,-0.411348883033773,1,-1.43,19.796,Q27273718,2,18,21.9
11.6008443832397,452633185,-0.838870740558045,8.814,,0.0320775020460132,5,2,24262,5,2,18,-0.243276650836343,J2VwaWtfcHl0aG9uJywgJy1waCcsICc3LjAwMDAwMCcsICctcGh0JywgJzIuMDAwMDAwJywgJy1tcycsICcxNicsICctdG4nLCAnOCcsICctbWEnLCAnMjAwJywgJy1pbWFlJywgJzxpbmZpbGUubWFlPicsICctb21hZScsICc8b3V0ZmlsZS5tYWU+Jw==,49.419,0,https://patents.google.com/?q=SFTBRKHJMASSAP-BGJNVEJLSA-N,452633185-2,,0.0214144,1941,-2.3,0,6.111,-181.939358023238,41,1,0,1,3.7,0.7923055,0.0,21,72.795691,"This compound contains an acetal/aminal-like group ( X-CH(R)-Y where X, Y are N, S, or O) that may be acid/base labile, releasing an aldehyde.",1744.007,1,0,0.055,-9.267,1.0277,3881-2,OPLS_2005,2,-0.746089747435381,-83.7660274505615,452633185,17.944,,113,19,-1.959,-10.8736426842901,1941_sdstereoexpander_1_neutralizer_1_epik_2_stereoizer_1,42.988,255.142,0.413100258988576,0.8993,884.378,0.0001,1.0276,-3.226,2.0,-7.319,-28.8010120391846,W09IXVtDQF0xKFtDSDNdKVtDSDJdT1tDQEBIXShbQ0BIXShbT0hdKVtDQEBIXTFbTkhdW0NIM10pT1tDQEBIXTJbQ0BIXShbTkhdQyg9TylbQ0BIXShbT0hdKVtDSDJdW0NIMl1bTkgyXSlbQ0gyXVtDQEBIXShbTkgyXSlbQ0BIXShbQ0BIXTJbT0hdKU9bQ0BIXTNbQ0BIXShbTkgyXSlbQ0gyXVtDSF09QyhPMylbQ0gyXVtOSF1bQ0gyXVtDSDJdW09IXQ==,0,312.718,2,,3881,536.103,-2,3,16,1,0.0,35.557,vsw_Plazomicin_Analog_9-LIGPREP-001-in.maegz,12,-54.965015411377,1,14.0,56135,13,202,-0.95925371085025,-5.464,0.8993,0.0926553,0.12,592.688,14,0,glide-grid_Ab_minmz,0.0,-9.97434268429006,50.497,5,-1.194,"71515458  1
1118  2
42613186  2",1.92688954339452,0,31278641,,-2.11608999356279,-0.411348883033773,1,-1.43,19.994,31278641,2,18,21.9
11.6008443832397,452633185,-0.838870740558045,8.814,,0.0319749992383854,5,7,24262,5,2,18,-0.243276650836343,J2VwaWtfcHl0aG9uJywgJy1waCcsICc3LjAwMDAwMCcsICctcGh0JywgJzIuMDAwMDAwJywgJy1tcycsICcxNicsICctdG4nLCAnOCcsICctbWEnLCAnMjAwJywgJy1pbWFlJywgJzxpbmZpbGUubWFlPicsICctb21hZScsICc8b3V0ZmlsZS5tYWU+Jw==,49.42,0,https://patents.google.com/?q=SFTBRKHJMASSAP-BGJNVEJLSA-N,452633185-2,,0.0215316,1957,-2.3,0,6.128,-181.939358023238,41,1,0,1,3.7,0.7924257,0.0,21,73.305288,"This compound contains an acetal/aminal-like group ( X-CH(R)-Y where X, Y are N, S, or O) that may be acid/base labile, releasing an aldehyde.",1743.91,1,0,0.055,-9.268,1.0277,3913-2,OPLS_2005,2,-0.746089747435381,-83.7660274505615,452633185,17.912,,113,19,-1.959,-10.8736426842901,1957_sdstereoexpander_1_neutralizer_1_epik_2_stereoizer_1,42.986,255.153,0.413100258988576,0.8993,884.211,0.0001,1.0276,-3.226,2.0,-7.317,-28.8010120391846,W09IXVtDQF0xKFtDSDNdKVtDSDJdT1tDQEBIXShbQ0BIXShbT0hdKVtDQEBIXTFbTkhdW0NIM10pT1tDQEBIXTJbQ0BIXShbTkhdQyg9TylbQ0BIXShbT0hdKVtDSDJdW0NIMl1bTkgyXSlbQ0gyXVtDQEBIXShbTkgyXSlbQ0BIXShbQ0BIXTJbT0hdKU9bQ0BIXTNbQ0BIXShbTkgyXSlbQ0gyXVtDSF09QyhPMylbQ0gyXVtOSF1bQ0gyXVtDSDJdW09IXQ==,0,312.796,2,,3913,535.846,-2,3,16,1,0.0,35.569,vsw_Plazomicin_Analog_9-LIGPREP-001-in.maegz,12,-54.965015411377,1,14.0,56135,13,202,-0.95925371085025,-5.464,0.8993,0.0926728,0.12,592.688,14,0,glide-grid_Ab_minmz,0.0,-9.97434268429006,50.493,5,-1.194,"71515458  1
1118  2
42613186  2",1.92688954339452,0,31278641,,-2.11608999356279,-0.411348883033773,1,-1.43,19.993,31278641,2,18,21.9
11.6008443832397,452633185,-0.838870740558045,8.813,,0.0320353520280472,5,17,24262,5,2,18,-0.243276650836343,J2VwaWtfcHl0aG9uJywgJy1waCcsICc3LjAwMDAwMCcsICctcGh0JywgJzIuMDAwMDAwJywgJy1tcycsICcxNicsICctdG4nLCAnOCcsICctbWEnLCAnMjAwJywgJy1pbWFlJywgJzxpbmZpbGUubWFlPicsICctb21hZScsICc8b3V0ZmlsZS5tYWU+Jw==,49.421,0,https://patents.google.com/?q=SFTBRKHJMASSAP-BGJNVEJLSA-N,452633185-2,,0.0214101,2021,-2.3,0,6.111,-181.939358023238,41,1,0,1,3.7,0.7921962,0.0,21,73.16082,"This compound contains an acetal/aminal-like group ( X-CH(R)-Y where X, Y are N, S, or O) that may be acid/base labile, releasing an aldehyde.",1744.231,1,0,0.055,-9.267,1.0277,4041-2,OPLS_2005,2,-0.746089747435381,-83.7660274505615,452633185,17.906,,113,19,-1.959,-10.8736426842901,2021_sdstereoexpander_1_neutralizer_1_epik_2_stereoizer_1,42.986,255.125,0.413100258988576,0.8993,884.576,0.0001,1.0276,-3.228,2.0,-7.32,-28.8010120391846,W09IXVtDQF0xKFtDSDNdKVtDSDJdT1tDQEBIXShbQ0BIXShbT0hdKVtDQEBIXTFbTkhdW0NIM10pT1tDQEBIXTJbQ0BIXShbTkhdQyg9TylbQ0BIXShbT0hdKVtDSDJdW0NIMl1bTkgyXSlbQ0gyXVtDQEBIXShbTkgyXSlbQ0BIXShbQ0BIXTJbT0hdKU9bQ0BIXTNbQ0BIXShbTkgyXSlbQ0gyXVtDSF09QyhPMylbQ0gyXVtOSF1bQ0gyXVtDSDJdW09IXQ==,0,312.748,2,,4041,536.273,-2,3,16,1,0.0,35.554,vsw_Plazomicin_Analog_9-LIGPREP-001-in.maegz,12,-54.965015411377,1,14.0,56135,13,202,-0.95925371085025,-5.464,0.8993,0.0926346,0.12,592.688,14,0,glide-grid_Ab_minmz,0.0,-9.97434268429006,50.506,5,-1.194,"71515458  1
1118  2
42613186  2",1.92688954339452,0,31278641,,-2.11608999356279,-0.411348883033773,1,-1.43,19.997,31278641,2,18,21.9
11.6008443832397,409558093,-0.837516684521424,9.208,,0.0153880531669321,5,262,,5,2,18,-0.242883967909514,J2VwaWtfcHl0aG9uJywgJy1waCcsICc3LjAwMDAwMCcsICctcGh0JywgJzIuMDAwMDAwJywgJy1tcycsICcxNicsICctdG4nLCAnOCcsICctbWEnLCAnMjAwJywgJy1pbWFlJywgJzxpbmZpbGUubWFlPicsICctb21hZScsICc8b3V0ZmlsZS5tYWU+Jw==,49.548,0,https://patents.google.com/?q=IYDYFVUFSPQPPV-PEXOCOHZSA-N,409558093-2,,0.0364865,707,-2.3,0,7.966,-181.939358023238,41,1,0,1,3.7,0.7803513,0.0,21,78.954688,"This compound contains an acetal/aminal-like group ( X-CH(R)-Y where X, Y are N, S, or O) that may be acid/base labile, releasing an aldehyde.",1739.345,1,0,0.037,-9.586,1.0484,1413-2,OPLS_2005,2,-0.746089747435381,-83.7660274505615,409558093,19.913,,113,19,-2.026,-10.8736426842901,707_sdstereoexpander_1_neutralizer_1_epik_2_stereoizer_1,43.24,253.054,0.413100258988576,0.9154,896.325,0.0001,1.0483,-3.508,2.0,-7.489,-28.8010120391846,W05IMl1bQ0gyXVtDSDJdW0NAQEhdKFtPSF0pQyg9TylbTkhdW0NAQEhdMVtDSDJdW0NAQEhdKFtOSDJdKVtDQEhdKFtDQEBIXShbT0hdKVtDQEBIXTFPW0NAQEhdKE9bQ0gyXVtDQF0yKFtPSF0pW0NIM10pW0NASF0oW09IXSlbQ0BASF0yW05IXVtDSDNdKU9bQ0BIXTNbQ0BIXShbTkgyXSlbQ0gyXVtDSF09QyhPMylbQ0gyXVtOSF1bQ0gyXVtDSDJdW09IXQ==,0,329.092,2,,1413,536.568,-2,3,16,2,0.0,30.664,vsw_Plazomicin_Analog_9-LIGPREP-001-in.maegz,11,-54.965015411377,1,14.0,56135,13,202,-0.95925371085025,-5.668,0.9154,0.0914203,0.081,592.688,14,0,glide-grid_Ab_minmz,0.0,-9.95824268429006,50.263,5,-0.811,42613186  1,1.96368161356047,0,2255321,24262,-2.11267432498444,-0.411348883033773,1,-1.43,20.139,2255321,2,18,21.9
11.6008443832397,409558093,-0.837516684521424,9.208,,0.015382676297766,5,297,,5,2,18,-0.242883967909514,J2VwaWtfcHl0aG9uJywgJy1waCcsICc3LjAwMDAwMCcsICctcGh0JywgJzIuMDAwMDAwJywgJy1tcycsICcxNicsICctdG4nLCAnOCcsICctbWEnLCAnMjAwJywgJy1pbWFlJywgJzxpbmZpbGUubWFlPicsICctb21hZScsICc8b3V0ZmlsZS5tYWU+Jw==,49.548,0,https://patents.google.com/?q=IYDYFVUFSPQPPV-PEXOCOHZSA-N,409558093-2,,0.0364857,739,-2.3,0,7.966,-181.939358023238,41,1,0,1,3.7,0.7803452,0.0,21,78.95469,"This compound contains an acetal/aminal-like group ( X-CH(R)-Y where X, Y are N, S, or O) that may be acid/base labile, releasing an aldehyde.",1739.35,1,0,0.037,-9.586,1.0484,1477-2,OPLS_2005,2,-0.746089747435381,-83.7660274505615,409558093,19.907,,113,19,-2.026,-10.8736426842901,739_sdstereoexpander_1_neutralizer_1_epik_2_stereoizer_1,43.24,253.054,0.413100258988576,0.9154,896.334,0.0001,1.0483,-3.508,2.0,-7.489,-28.8010120391846,W05IMl1bQ0gyXVtDSDJdW0NAQEhdKFtPSF0pQyg9TylbTkhdW0NAQEhdMVtDSDJdW0NAQEhdKFtOSDJdKVtDQEhdKFtDQEBIXShbT0hdKVtDQEBIXTFPW0NAQEhdKE9bQ0gyXVtDQF0yKFtPSF0pW0NIM10pW0NASF0oW09IXSlbQ0BASF0yW05IXVtDSDNdKU9bQ0BIXTNbQ0BIXShbTkgyXSlbQ0gyXVtDSF09QyhPMylbQ0gyXVtOSF1bQ0gyXVtDSDJdW09IXQ==,0,329.101,2,,1477,536.568,-2,3,16,2,0.0,30.665,vsw_Plazomicin_Analog_9-LIGPREP-001-in.maegz,11,-54.965015411377,1,14.0,56135,13,202,-0.95925371085025,-5.668,0.9154,0.0914194,0.081,592.688,14,0,glide-grid_Ab_minmz,0.0,-9.95824268429006,50.264,5,-0.811,42613186  1,1.96368161356047,0,2255321,24262,-2.11267432498444,-0.411348883033773,1,-1.43,20.139,2255321,2,18,21.9
11.6008443832397,409558093,-0.837516684521424,9.208,,0.015405919431495,5,7,,5,2,18,-0.242883967909514,J2VwaWtfcHl0aG9uJywgJy1waCcsICc3LjAwMDAwMCcsICctcGh0JywgJzIuMDAwMDAwJywgJy1tcycsICcxNicsICctdG4nLCAnOCcsICctbWEnLCAnMjAwJywgJy1pbWFlJywgJzxpbmZpbGUubWFlPicsICctb21hZScsICc8b3V0ZmlsZS5tYWU+Jw==,49.548,0,https://patents.google.com/?q=IYDYFVUFSPQPPV-PEXOCOHZSA-N,409558093-2,,0.0364752,771,-2.3,0,7.965,-181.939358023238,41,1,0,1,3.7,0.780351,0.0,21,78.954875,"This compound contains an acetal/aminal-like group ( X-CH(R)-Y where X, Y are N, S, or O) that may be acid/base labile, releasing an aldehyde.",1739.368,1,0,0.037,-9.585,1.0484,1541-2,OPLS_2005,2,-0.746089747435381,-83.7660274505615,409558093,19.91,,113,19,-2.026,-10.8736426842901,771_sdstereoexpander_1_neutralizer_1_epik_2_stereoizer_1,43.24,253.061,0.413100258988576,0.9154,896.333,0.0001,1.0483,-3.508,2.0,-7.489,-28.8010120391846,W05IMl1bQ0gyXVtDSDJdW0NAQEhdKFtPSF0pQyg9TylbTkhdW0NAQEhdMVtDSDJdW0NAQEhdKFtOSDJdKVtDQEhdKFtDQEBIXShbT0hdKVtDQEBIXTFPW0NAQEhdKE9bQ0gyXVtDQF0yKFtPSF0pW0NIM10pW0NASF0oW09IXSlbQ0BASF0yW05IXVtDSDNdKU9bQ0BIXTNbQ0BIXShbTkgyXSlbQ0gyXVtDSF09QyhPMylbQ0gyXVtOSF1bQ0gyXVtDSDJdW09IXQ==,0,329.066,2,,1541,536.601,-2,3,16,2,0.0,30.667,vsw_Plazomicin_Analog_9-LIGPREP-001-in.maegz,11,-54.965015411377,1,14.0,56135,13,202,-0.95925371085025,-5.668,0.9154,0.0914195,0.081,592.688,14,0,glide-grid_Ab_minmz,0.0,-9.95824268429006,50.264,5,-0.811,42613186  1,1.96368161356047,0,2255321,24262,-2.11267432498444,-0.411348883033773,1,-1.43,20.139,2255321,2,18,21.9
21.1140098571777,494184869,-0.835664486076394,8.802,https://mcule.com,0.00767176028056117,5,222,1202,5,2,18,-0.242346821228141,J2VwaWtfcHl0aG9uJywgJy1waCcsICc3LjAwMDAwMCcsICctcGh0JywgJzIuMDAwMDAwJywgJy1tcycsICcxNicsICctdG4nLCAnOCcsICctbWEnLCAnMjAwJywgJy1pbWFlJywgJzxpbmZpbGUubWFlPicsICctb21hZScsICc8b3V0ZmlsZS5tYWU+Jw==,50.767,0,https://mcule.com/MCULE-5194744418,494184869-2,,0.1080485,1381,-2.19470662776564,0,13.766,-198.743085789479,41,1,0,1,3.7,0.7693158,0.0,21,79.530834,"This compound contains an acetal/aminal-like group ( X-CH(R)-Y where X, Y are N, S, or O) that may be acid/base labile, releasing an aldehyde.",1753.944,1,0,0.025,-9.888,1.0385,2762-2,OPLS_2005,2,-1.22121070065962,-93.814697265625,494184869,15.05,,528,19,-2.062,-10.8429196703538,1381_sdstereoexpander_1_neutralizer_1_epik_2_stereoizer_1,43.049,256.79,0.590143227126538,0.9067,914.263,0.0001,1.0385,-3.801,2.0,-7.676,-23.0888137817383,W05IMl1bQ0gyXVtDSDJdW0NASF0oW09IXSlDKD1PKVtOSF1bQ0BIXTFbQ0BIXShPW0NAQEhdKE9bQ0gyXTIpW0NAQEhdKFtPSF0pW0NAQEhdKFtOSF1bQ0gzXSlbQ0BdMihbT0hdKVtDSDNdKVtDQEhdKFtPSF0pW0NAQEhdKFtDQEhdKFtOSDJdKVtDSDJdMSlPW0NASF0zW0NASF0oW05IMl0pW0NIMl1bQ0hdPUMoTzMpW0NIMl1bTkhdW0NIMl1bQ0gyXVtPSF0=,0,345.823,2,,2762,536.059,-2,3,16,1,0.0,32.381,vsw_Plazomicin_Analog_9-LIGPREP-002-in.maegz,13,-70.7258834838867,1,14.0,56135,13,137,-1.45471453052766,-5.766,0.9067,0.0896267,0.061,592.688,14,0,glide-grid_Ab_minmz,0.0,-9.93621967035378,50.864,5,-0.793,42613186  1,1.94513993098116,0,MCULE-5194744418,,-2.10800206928863,-0.507990349440485,1,-0.9,20.503,MCULE-5194744418,2,18,21.9
21.1140098571777,494184869,-0.835664486076394,8.802,https://mcule.com,0.00767143800214597,5,227,1202,5,2,18,-0.242346821228141,J2VwaWtfcHl0aG9uJywgJy1waCcsICc3LjAwMDAwMCcsICctcGh0JywgJzIuMDAwMDAwJywgJy1tcycsICcxNicsICctdG4nLCAnOCcsICctbWEnLCAnMjAwJywgJy1pbWFlJywgJzxpbmZpbGUubWFlPicsICctb21hZScsICc8b3V0ZmlsZS5tYWU+Jw==,50.767,0,https://mcule.com/MCULE-5194744418,494184869-2,,0.1080806,1397,-2.19470662776564,0,13.768,-198.743085789479,41,1,0,1,3.7,0.7693015,0.0,21,79.5315,"This compound contains an acetal/aminal-like group ( X-CH(R)-Y where X, Y are N, S, or O) that may be acid/base labile, releasing an aldehyde.",1753.919,1,0,0.025,-9.888,1.0385,2794-2,OPLS_2005,2,-1.22121070065962,-93.814697265625,494184869,15.051,,528,19,-2.062,-10.8429196703538,1397_sdstereoexpander_1_neutralizer_1_epik_2_stereoizer_1,43.049,256.782,0.590143227126538,0.9067,914.271,0.0001,1.0385,-3.801,2.0,-7.676,-23.0888137817383,W05IMl1bQ0gyXVtDSDJdW0NASF0oW09IXSlDKD1PKVtOSF1bQ0BIXTFbQ0BIXShPW0NAQEhdKE9bQ0gyXTIpW0NAQEhdKFtPSF0pW0NAQEhdKFtOSF1bQ0gzXSlbQ0BdMihbT0hdKVtDSDNdKVtDQEhdKFtPSF0pW0NAQEhdKFtDQEhdKFtOSDJdKVtDSDJdMSlPW0NASF0zW0NASF0oW05IMl0pW0NIMl1bQ0hdPUMoTzMpW0NIMl1bTkhdW0NIMl1bQ0gyXVtPSF0=,0,345.824,2,,2794,536.065,-2,3,16,1,0.0,32.382,vsw_Plazomicin_Analog_9-LIGPREP-002-in.maegz,13,-70.7258834838867,1,14.0,56135,13,137,-1.45471453052766,-5.767,0.9067,0.0896259,0.061,592.688,14,0,glide-grid_Ab_minmz,0.0,-9.93621967035378,50.863,5,-0.793,42613186  1,1.94513993098116,0,MCULE-5194744418,,-2.10800206928863,-0.507990349440485,1,-0.9,20.503,MCULE-5194744418,2,18,21.9
21.1140098571777,494184869,-0.835664486076394,8.802,https://mcule.com,0.00767273157589709,5,242,1202,5,2,18,-0.242346821228141,J2VwaWtfcHl0aG9uJywgJy1waCcsICc3LjAwMDAwMCcsICctcGh0JywgJzIuMDAwMDAwJywgJy1tcycsICcxNicsICctdG4nLCAnOCcsICctbWEnLCAnMjAwJywgJy1pbWFlJywgJzxpbmZpbGUubWFlPicsICctb21hZScsICc8b3V0ZmlsZS5tYWU+Jw==,50.767,0,https://mcule.com/MCULE-5194744418,494184869-2,,0.1080446,1413,-2.19470662776564,0,13.766,-198.743085789479,41,1,0,1,3.7,0.7693146,0.0,21,79.530924,"This compound contains an acetal/aminal-like group ( X-CH(R)-Y where X, Y are N, S, or O) that may be acid/base labile, releasing an aldehyde.",1753.929,1,0,0.025,-9.888,1.0385,2826-2,OPLS_2005,2,-1.22121070065962,-93.814697265625,494184869,15.048,,528,19,-2.062,-10.8429196703538,1413_sdstereoexpander_1_neutralizer_1_epik_2_stereoizer_1,43.049,256.786,0.590143227126538,0.9067,914.259,0.0001,1.0385,-3.801,2.0,-7.676,-23.0888137817383,W05IMl1bQ0gyXVtDSDJdW0NASF0oW09IXSlDKD1PKVtOSF1bQ0BIXTFbQ0BIXShPW0NAQEhdKE9bQ0gyXTIpW0NAQEhdKFtPSF0pW0NAQEhdKFtOSF1bQ0gzXSlbQ0BdMihbT0hdKVtDSDNdKVtDQEhdKFtPSF0pW0NAQEhdKFtDQEhdKFtOSDJdKVtDSDJdMSlPW0NASF0zW0NASF0oW05IMl0pW0NIMl1bQ0hdPUMoTzMpW0NIMl1bTkhdW0NIMl1bQ0gyXVtPSF0=,0,345.819,2,,2826,536.06,-2,3,16,1,0.0,32.38,vsw_Plazomicin_Analog_9-LIGPREP-002-in.maegz,13,-70.7258834838867,1,14.0,56135,13,137,-1.45471453052766,-5.766,0.9067,0.089627,0.061,592.688,14,0,glide-grid_Ab_minmz,0.0,-9.93621967035378,50.863,5,-0.793,42613186  1,1.94513993098116,0,MCULE-5194744418,,-2.10800206928863,-0.507990349440485,1,-0.9,20.503,MCULE-5194744418,2,18,21.9
21.1140098571777,494184869,-0.835664486076394,8.802,https://mcule.com,0.007673985813201,5,262,1202,5,2,18,-0.242346821228141,J2VwaWtfcHl0aG9uJywgJy1waCcsICc3LjAwMDAwMCcsICctcGh0JywgJzIuMDAwMDAwJywgJy1tcycsICcxNicsICctdG4nLCAnOCcsICctbWEnLCAnMjAwJywgJy1pbWFlJywgJzxpbmZpbGUubWFlPicsICctb21hZScsICc8b3V0ZmlsZS5tYWU+Jw==,50.767,0,https://mcule.com/MCULE-5194744418,494184869-2,,0.1080476,1429,-2.19470662776564,0,13.766,-198.743085789479,41,1,0,1,3.7,0.769321,0.0,21,79.530859,"This compound contains an acetal/aminal-like group ( X-CH(R)-Y where X, Y are N, S, or O) that may be acid/base labile, releasing an aldehyde.",1753.928,1,0,0.025,-9.888,1.0385,2858-2,OPLS_2005,2,-1.22121070065962,-93.814697265625,494184869,15.047,,528,19,-2.062,-10.8429196703538,1429_sdstereoexpander_1_neutralizer_1_epik_2_stereoizer_1,43.049,256.782,0.590143227126538,0.9067,914.251,0.0001,1.0385,-3.801,2.0,-7.675,-23.0888137817383,W05IMl1bQ0gyXVtDSDJdW0NASF0oW09IXSlDKD1PKVtOSF1bQ0BIXTFbQ0BIXShPW0NAQEhdKE9bQ0gyXTIpW0NAQEhdKFtPSF0pW0NAQEhdKFtOSF1bQ0gzXSlbQ0BdMihbT0hdKVtDSDNdKVtDQEhdKFtPSF0pW0NAQEhdKFtDQEhdKFtOSDJdKVtDSDJdMSlPW0NASF0zW0NASF0oW05IMl0pW0NIMl1bQ0hdPUMoTzMpW0NIMl1bTkhdW0NIMl1bQ0gyXVtPSF0=,0,345.816,2,,2858,536.054,-2,3,16,1,0.0,32.381,vsw_Plazomicin_Analog_9-LIGPREP-002-in.maegz,13,-70.7258834838867,1,14.0,56135,13,137,-1.45471453052766,-5.766,0.9067,0.0896278,0.061,592.688,14,0,glide-grid_Ab_minmz,0.0,-9.93621967035378,50.863,5,-0.793,42613186  1,1.94513993098116,0,MCULE-5194744418,,-2.10800206928863,-0.507990349440485,1,-0.9,20.503,MCULE-5194744418,2,18,21.9
24.21946144104,315720949,-0.834404842191378,9.103,https://www.epa.gov/chemical-research/distributed-structure-searchable-toxicity-dsstox-database,0.00348279354253139,5,21,,4,2,18,-0.241981518290779,J2VwaWtfcHl0aG9uJywgJy1waCcsICc3LjAwMDAwMCcsICctcGh0JywgJzIuMDAwMDAwJywgJy1tcycsICcxNicsICctdG4nLCAnOCcsICctbWEnLCAnMjAwJywgJy1pbWFlJywgJzxpbmZpbGUubWFlPicsICctb21hZScsICc8b3V0ZmlsZS5tYWU+Jw==,50.146,0,,315720949-1,"Plazomicin Sulfate
1380078-95-4
DTXSID60160452",0.0488506,1589,-2.3,0,9.245,-148.028111767377,41,1,0,1,3.7,0.7934964,0.0,21,64.544461,"This compound contains an acetal/aminal-like group ( X-CH(R)-Y where X, Y are N, S, or O) that may be acid/base labile, releasing an aldehyde.",1749.604,1,0,0.016,-10.231,0.4441,3178-1,OPLS_2005,2,-0.227331701643313,-64.5706119537354,315720949,13.77,"DTXCID: DTXCID0082943
InChIKey: SFTBRKHJMASSAP-BGJNVEJLSA-N",1006,19,-1.945,-10.4040422499219,1589_sdstereoexpander_1_neutralizer_1_epik_1_stereoizer_1,43.042,259.303,0.415228276576539,0.4828,884.939,0.2735,0.1706,-3.772,2.0,-7.303,-25.0127849578857,W0NIM11bTkhdW0NASF0oW0NAQF0xKFtDSDNdKVtPSF0pW0NASF0oW09IXSlbQ0BIXShPW0NIMl0xKU9bQ0BIXTJbQ0BIXShbTkhdQyg9TylbQ0BIXShbT0hdKVtDSDJdW0NIMl1bTkgyXSlbQ0gyXVtDQEBIXShbTkgyXSlbQ0BIXShbQ0BIXTJbT0hdKU9bQ0BASF0zT0MoPVtDSF1bQ0gyXVtDQEhdM1tOSDJdKVtDSDJdW05IXVtDSDJdW0NIMl1bT0hd,0,365.167,2,1380078-95-4,3178,483.543,-2,3,16,4,0.0,36.229,vsw_Plazomicin_Analog_9-LIGPREP-002-in.maegz,12,-39.5578269958496,1,14.0,56135,13,243,-1.28309627826038,-5.792,0.4828,0.0925965,0.041,592.688,14,0,glide-grid_Ab_minmz,0.0,-9.92124224992192,50.727,4,-0.698,"71515458  1
1118  2
42613186  2",0.65331963232584,0,DTXSID60160452,EPA DSSTox,-2.10482455970144,-0.473203298700481,1,-1.285,20.407,DTXSID60160452,2,18,21.9
24.21946144104,315720949,-0.834404842191378,9.103,https://www.epa.gov/chemical-research/distributed-structure-searchable-toxicity-dsstox-database,0.00348280059082378,5,51,,4,2,18,-0.241981518290779,J2VwaWtfcHl0aG9uJywgJy1waCcsICc3LjAwMDAwMCcsICctcGh0JywgJzIuMDAwMDAwJywgJy1tcycsICcxNicsICctdG4nLCAnOCcsICctbWEnLCAnMjAwJywgJy1pbWFlJywgJzxpbmZpbGUubWFlPicsICctb21hZScsICc8b3V0ZmlsZS5tYWU+Jw==,50.146,0,,315720949-1,"Plazomicin Sulfate
1380078-95-4
DTXSID60160452",0.0488509,1605,-2.3,0,9.245,-148.028111767377,41,1,0,1,3.7,0.7934964,0.0,21,64.544461,"This compound contains an acetal/aminal-like group ( X-CH(R)-Y where X, Y are N, S, or O) that may be acid/base labile, releasing an aldehyde.",1749.604,1,0,0.016,-10.231,0.4441,3210-1,OPLS_2005,2,-0.227331701643313,-64.5706119537354,315720949,13.77,"DTXCID: DTXCID0082943
InChIKey: SFTBRKHJMASSAP-BGJNVEJLSA-N",1006,19,-1.945,-10.4040422499219,1605_sdstereoexpander_1_neutralizer_1_epik_1_stereoizer_1,43.042,259.303,0.415228276576539,0.4828,884.939,0.2735,0.1706,-3.772,2.0,-7.303,-25.0127849578857,W0NIM11bTkhdW0NASF0oW0NAQF0xKFtDSDNdKVtPSF0pW0NASF0oW09IXSlbQ0BIXShPW0NIMl0xKU9bQ0BIXTJbQ0BIXShbTkhdQyg9TylbQ0BIXShbT0hdKVtDSDJdW0NIMl1bTkgyXSlbQ0gyXVtDQEBIXShbTkgyXSlbQ0BIXShbQ0BIXTJbT0hdKU9bQ0BASF0zT0MoPVtDSF1bQ0gyXVtDQEhdM1tOSDJdKVtDSDJdW05IXVtDSDJdW0NIMl1bT0hd,0,365.167,2,1380078-95-4,3210,483.543,-2,3,16,4,0.0,36.229,vsw_Plazomicin_Analog_9-LIGPREP-002-in.maegz,12,-39.5578269958496,1,14.0,56135,13,243,-1.28309627826038,-5.792,0.4828,0.0925966,0.041,592.688,14,0,glide-grid_Ab_minmz,0.0,-9.92124224992192,50.727,4,-0.698,"71515458  1
1118  2
42613186  2",0.65331963232584,0,DTXSID60160452,EPA DSSTox,-2.10482455970144,-0.473203298700481,1,-1.285,20.407,DTXSID60160452,2,18,21.9
24.21946144104,315720949,-0.834404842191378,9.103,https://www.epa.gov/chemical-research/distributed-structure-searchable-toxicity-dsstox-database,0.00348279065900711,5,66,,4,2,18,-0.241981518290779,J2VwaWtfcHl0aG9uJywgJy1waCcsICc3LjAwMDAwMCcsICctcGh0JywgJzIuMDAwMDAwJywgJy1tcycsICcxNicsICctdG4nLCAnOCcsICctbWEnLCAnMjAwJywgJy1pbWFlJywgJzxpbmZpbGUubWFlPicsICctb21hZScsICc8b3V0ZmlsZS5tYWU+Jw==,50.146,0,,315720949-1,"Plazomicin Sulfate
1380078-95-4
DTXSID60160452",0.0488525,1621,-2.3,0,9.245,-148.028111767377,41,1,0,1,3.7,0.7934964,0.0,21,64.544461,"This compound contains an acetal/aminal-like group ( X-CH(R)-Y where X, Y are N, S, or O) that may be acid/base labile, releasing an aldehyde.",1749.604,1,0,0.016,-10.231,0.4441,3242-1,OPLS_2005,2,-0.227331701643313,-64.5706119537354,315720949,13.77,"DTXCID: DTXCID0082943
InChIKey: SFTBRKHJMASSAP-BGJNVEJLSA-N",1006,19,-1.945,-10.4040422499219,1621_sdstereoexpander_1_neutralizer_1_epik_1_stereoizer_1,43.042,259.303,0.415228276576539,0.4828,884.939,0.2735,0.1706,-3.772,2.0,-7.303,-25.0127849578857,W0NIM11bTkhdW0NASF0oW0NAQF0xKFtDSDNdKVtPSF0pW0NASF0oW09IXSlbQ0BIXShPW0NIMl0xKU9bQ0BIXTJbQ0BIXShbTkhdQyg9TylbQ0BIXShbT0hdKVtDSDJdW0NIMl1bTkgyXSlbQ0gyXVtDQEBIXShbTkgyXSlbQ0BIXShbQ0BIXTJbT0hdKU9bQ0BASF0zT0MoPVtDSF1bQ0gyXVtDQEhdM1tOSDJdKVtDSDJdW05IXVtDSDJdW0NIMl1bT0hd,0,365.167,2,1380078-95-4,3242,483.543,-2,3,16,4,0.0,36.229,vsw_Plazomicin_Analog_9-LIGPREP-002-in.maegz,12,-39.5578269958496,1,14.0,56135,13,243,-1.28309627826038,-5.792,0.4828,0.0925965,0.041,592.688,14,0,glide-grid_Ab_minmz,0.0,-9.92124224992192,50.727,4,-0.698,"71515458  1
1118  2
42613186  2",0.65331963232584,0,DTXSID60160452,EPA DSSTox,-2.10482455970144,-0.473203298700481,1,-1.285,20.407,DTXSID60160452,2,18,21.9
24.21946144104,315720949,-0.834404842191378,9.103,https://www.epa.gov/chemical-research/distributed-structure-searchable-toxicity-dsstox-database,0.00348280591843182,5,86,,4,2,18,-0.241981518290779,J2VwaWtfcHl0aG9uJywgJy1waCcsICc3LjAwMDAwMCcsICctcGh0JywgJzIuMDAwMDAwJywgJy1tcycsICcxNicsICctdG4nLCAnOCcsICctbWEnLCAnMjAwJywgJy1pbWFlJywgJzxpbmZpbGUubWFlPicsICctb21hZScsICc8b3V0ZmlsZS5tYWU+Jw==,50.146,0,,315720949-1,"Plazomicin Sulfate
1380078-95-4
DTXSID60160452",0.0488525,1637,-2.3,0,9.245,-148.028111767377,41,1,0,1,3.7,0.7934964,0.0,21,64.544461,"This compound contains an acetal/aminal-like group ( X-CH(R)-Y where X, Y are N, S, or O) that may be acid/base labile, releasing an aldehyde.",1749.604,1,0,0.016,-10.231,0.4441,3274-1,OPLS_2005,2,-0.227331701643313,-64.5706119537354,315720949,13.77,"DTXCID: DTXCID0082943
InChIKey: SFTBRKHJMASSAP-BGJNVEJLSA-N",1006,19,-1.945,-10.4040422499219,1637_sdstereoexpander_1_neutralizer_1_epik_1_stereoizer_1,43.042,259.303,0.415228276576539,0.4828,884.939,0.2735,0.1706,-3.772,2.0,-7.303,-25.0127849578857,W0NIM11bTkhdW0NASF0oW0NAQF0xKFtDSDNdKVtPSF0pW0NASF0oW09IXSlbQ0BIXShPW0NIMl0xKU9bQ0BIXTJbQ0BIXShbTkhdQyg9TylbQ0BIXShbT0hdKVtDSDJdW0NIMl1bTkgyXSlbQ0gyXVtDQEBIXShbTkgyXSlbQ0BIXShbQ0BIXTJbT0hdKU9bQ0BASF0zT0MoPVtDSF1bQ0gyXVtDQEhdM1tOSDJdKVtDSDJdW05IXVtDSDJdW0NIMl1bT0hd,0,365.167,2,1380078-95-4,3274,483.543,-2,3,16,4,0.0,36.229,vsw_Plazomicin_Analog_9-LIGPREP-002-in.maegz,12,-39.5578269958496,1,14.0,56135,13,243,-1.28309627826038,-5.792,0.4828,0.0925966,0.041,592.688,14,0,glide-grid_Ab_minmz,0.0,-9.92124224992192,50.727,4,-0.698,"71515458  1
1118  2
42613186  2",0.65331963232584,0,DTXSID60160452,EPA DSSTox,-2.10482455970144,-0.473203298700481,1,-1.285,20.407,DTXSID60160452,2,18,21.9
24.21946144104,315720949,-0.834404842191378,9.103,https://www.epa.gov/chemical-research/distributed-structure-searchable-toxicity-dsstox-database,0.00348279964052377,5,136,,4,2,18,-0.241981518290779,J2VwaWtfcHl0aG9uJywgJy1waCcsICc3LjAwMDAwMCcsICctcGh0JywgJzIuMDAwMDAwJywgJy1tcycsICcxNicsICctdG4nLCAnOCcsICctbWEnLCAnMjAwJywgJy1pbWFlJywgJzxpbmZpbGUubWFlPicsICctb21hZScsICc8b3V0ZmlsZS5tYWU+Jw==,50.146,0,,315720949-1,"Plazomicin Sulfate
1380078-95-4
DTXSID60160452",0.0488515,1669,-2.3,0,9.245,-148.028111767377,41,1,0,1,3.7,0.7934964,0.0,21,64.544461,"This compound contains an acetal/aminal-like group ( X-CH(R)-Y where X, Y are N, S, or O) that may be acid/base labile, releasing an aldehyde.",1749.604,1,0,0.016,-10.231,0.4441,3338-1,OPLS_2005,2,-0.227331701643313,-64.5706119537354,315720949,13.77,"DTXCID: DTXCID0082943
InChIKey: SFTBRKHJMASSAP-BGJNVEJLSA-N",1006,19,-1.945,-10.4040422499219,1669_sdstereoexpander_1_neutralizer_1_epik_1_stereoizer_1,43.042,259.303,0.415228276576539,0.4828,884.939,0.2735,0.1706,-3.772,2.0,-7.303,-25.0127849578857,W0NIM11bTkhdW0NASF0oW0NAQF0xKFtDSDNdKVtPSF0pW0NASF0oW09IXSlbQ0BIXShPW0NIMl0xKU9bQ0BIXTJbQ0BIXShbTkhdQyg9TylbQ0BIXShbT0hdKVtDSDJdW0NIMl1bTkgyXSlbQ0gyXVtDQEBIXShbTkgyXSlbQ0BIXShbQ0BIXTJbT0hdKU9bQ0BASF0zT0MoPVtDSF1bQ0gyXVtDQEhdM1tOSDJdKVtDSDJdW05IXVtDSDJdW0NIMl1bT0hd,0,365.167,2,1380078-95-4,3338,483.543,-2,3,16,4,0.0,36.229,vsw_Plazomicin_Analog_9-LIGPREP-002-in.maegz,12,-39.5578269958496,1,14.0,56135,13,243,-1.28309627826038,-5.792,0.4828,0.0925965,0.041,592.688,14,0,glide-grid_Ab_minmz,0.0,-9.92124224992192,50.727,4,-0.698,"71515458  1
1118  2
42613186  2",0.65331963232584,0,DTXSID60160452,EPA DSSTox,-2.10482455970144,-0.473203298700481,1,-1.285,20.407,DTXSID60160452,2,18,21.9
24.21946144104,315720949,-0.834404842191378,9.103,https://www.epa.gov/chemical-research/distributed-structure-searchable-toxicity-dsstox-database,0.00348278749788921,5,156,,4,2,18,-0.241981518290779,J2VwaWtfcHl0aG9uJywgJy1waCcsICc3LjAwMDAwMCcsICctcGh0JywgJzIuMDAwMDAwJywgJy1tcycsICcxNicsICctdG4nLCAnOCcsICctbWEnLCAnMjAwJywgJy1pbWFlJywgJzxpbmZpbGUubWFlPicsICctb21hZScsICc8b3V0ZmlsZS5tYWU+Jw==,50.146,0,,315720949-1,"Plazomicin Sulfate
1380078-95-4
DTXSID60160452",0.0488512,1685,-2.3,0,9.245,-148.028111767377,41,1,0,1,3.7,0.7934964,0.0,21,64.544461,"This compound contains an acetal/aminal-like group ( X-CH(R)-Y where X, Y are N, S, or O) that may be acid/base labile, releasing an aldehyde.",1749.604,1,0,0.016,-10.231,0.4441,3370-1,OPLS_2005,2,-0.227331701643313,-64.5706119537354,315720949,13.77,"DTXCID: DTXCID0082943
InChIKey: SFTBRKHJMASSAP-BGJNVEJLSA-N",1006,19,-1.945,-10.4040422499219,1685_sdstereoexpander_1_neutralizer_1_epik_1_stereoizer_1,43.042,259.303,0.415228276576539,0.4828,884.939,0.2735,0.1706,-3.772,2.0,-7.303,-25.0127849578857,W0NIM11bTkhdW0NASF0oW0NAQF0xKFtDSDNdKVtPSF0pW0NASF0oW09IXSlbQ0BIXShPW0NIMl0xKU9bQ0BIXTJbQ0BIXShbTkhdQyg9TylbQ0BIXShbT0hdKVtDSDJdW0NIMl1bTkgyXSlbQ0gyXVtDQEBIXShbTkgyXSlbQ0BIXShbQ0BIXTJbT0hdKU9bQ0BASF0zT0MoPVtDSF1bQ0gyXVtDQEhdM1tOSDJdKVtDSDJdW05IXVtDSDJdW0NIMl1bT0hd,0,365.167,2,1380078-95-4,3370,483.543,-2,3,16,4,0.0,36.229,vsw_Plazomicin_Analog_9-LIGPREP-002-in.maegz,12,-39.5578269958496,1,14.0,56135,13,243,-1.28309627826038,-5.792,0.4828,0.0925965,0.041,592.688,14,0,glide-grid_Ab_minmz,0.0,-9.92124224992192,50.727,4,-0.698,"71515458  1
1118  2
42613186  2",0.65331963232584,0,DTXSID60160452,EPA DSSTox,-2.10482455970144,-0.473203298700481,1,-1.285,20.407,DTXSID60160452,2,18,21.9
24.21946144104,385642644,-0.83368996788633,9.02,http://chem-bla-ics.blogspot.com/,0.00159455029182028,5,61,,4,2,18,-0.241774201217608,J2VwaWtfcHl0aG9uJywgJy1waCcsICc3LjAwMDAwMCcsICctcGh0JywgJzIuMDAwMDAwJywgJy1tcycsICcxNicsICctdG4nLCAnOCcsICctbWEnLCAnMjAwJywgJy1pbWFlJywgJzxpbmZpbGUubWFlPicsICctb21hZScsICc8b3V0ZmlsZS5tYWU+Jw==,49.938,0,https://tools.wmflabs.org/scholia/Q15426988,385642644-1,"plazomicin
Q15426988",0.0198321,329,-2.3,0,5.925,-148.028111767377,41,1,0,1,3.7,0.7641414,0.0,21,66.316408,"This compound contains an acetal/aminal-like group ( X-CH(R)-Y where X, Y are N, S, or O) that may be acid/base labile, releasing an aldehyde.",1770.136,1,0,0.011,-10.57,0.4537,657-1,OPLS_2005,2,-0.227331701643313,-64.5706119537354,385642644,24.167,,1006,19,-2.064,-10.4040422499219,329_sdstereoexpander_1_neutralizer_1_epik_1_stereoizer_1,43.994,265.354,0.415228276576539,0.4913,926.11,0.2735,0.1802,-4.274,2.0,-7.754,-25.0127849578857,W0NIM11bQ0BdMShbT0hdKVtDSDJdT1tDQEBIXShbQ0BASF0oW09IXSlbQ0BASF0xW05IXVtDSDNdKU9bQ0BIXTJbQ0BIXShbTkhdQyg9TylbQ0BIXShbT0hdKVtDSDJdW0NIMl1bTkgyXSlbQ0gyXVtDQEBIXShbTkgyXSlbQ0BIXShbQ0BIXTJbT0hdKU9bQ0BIXTNbQ0BIXShbTkgyXSlbQ0gyXVtDSF09QyhPMylbQ0gyXVtOSF1bQ0gyXVtDSDJdW09IXQ==,0,382.611,2,,657,512.321,-2,3,16,1,0.0,31.177,vsw_Plazomicin_Analog_9-LIGPREP-001-in.maegz,12,-39.5578269958496,1,14.0,56135,13,243,-1.28309627826038,-5.968,0.4913,0.0884801,0.023,592.688,14,0,glide-grid_Ab_minmz,0.0,-9.91274224992192,51.5,4,-0.897,42613186  1,0.671484709278523,0,Q15426988,1139,-2.10302125641474,-0.473203298700481,1,-1.285,20.951,Q15426988,2,18,21.9
24.21946144104,385642644,-0.83368996788633,9.02,http://chem-bla-ics.blogspot.com/,0.00159453786453558,5,86,,4,2,18,-0.241774201217608,J2VwaWtfcHl0aG9uJywgJy1waCcsICc3LjAwMDAwMCcsICctcGh0JywgJzIuMDAwMDAwJywgJy1tcycsICcxNicsICctdG4nLCAnOCcsICctbWEnLCAnMjAwJywgJy1pbWFlJywgJzxpbmZpbGUubWFlPicsICctb21hZScsICc8b3V0ZmlsZS5tYWU+Jw==,49.938,0,https://tools.wmflabs.org/scholia/Q15426988,385642644-1,"plazomicin
Q15426988",0.0198292,361,-2.3,0,5.925,-148.028111767377,41,1,0,1,3.7,0.7641421,0.0,21,66.316384,"This compound contains an acetal/aminal-like group ( X-CH(R)-Y where X, Y are N, S, or O) that may be acid/base labile, releasing an aldehyde.",1770.136,1,0,0.011,-10.57,0.4537,721-1,OPLS_2005,2,-0.227331701643313,-64.5706119537354,385642644,24.168,,1006,19,-2.064,-10.4040422499219,361_sdstereoexpander_1_neutralizer_1_epik_1_stereoizer_1,43.994,265.354,0.415228276576539,0.4913,926.109,0.2735,0.1802,-4.274,2.0,-7.753,-25.0127849578857,W0NIM11bQ0BdMShbT0hdKVtDSDJdT1tDQEBIXShbQ0BASF0oW09IXSlbQ0BASF0xW05IXVtDSDNdKU9bQ0BIXTJbQ0BIXShbTkhdQyg9TylbQ0BIXShbT0hdKVtDSDJdW0NIMl1bTkgyXSlbQ0gyXVtDQEBIXShbTkgyXSlbQ0BIXShbQ0BIXTJbT0hdKU9bQ0BIXTNbQ0BIXShbTkgyXSlbQ0gyXVtDSF09QyhPMylbQ0gyXVtOSF1bQ0gyXVtDSDJdW09IXQ==,0,382.611,2,,721,512.321,-2,3,16,1,0.0,31.177,vsw_Plazomicin_Analog_9-LIGPREP-001-in.maegz,12,-39.5578269958496,1,14.0,56135,13,243,-1.28309627826038,-5.968,0.4913,0.0884802,0.023,592.688,14,0,glide-grid_Ab_minmz,0.0,-9.91274224992192,51.5,4,-0.897,42613186  1,0.671484709278523,0,Q15426988,1139,-2.10302125641474,-0.473203298700481,1,-1.285,20.951,Q15426988,2,18,21.9
24.21946144104,385642644,-0.83368996788633,9.02,http://chem-bla-ics.blogspot.com/,0.00159456276914597,5,116,,4,2,18,-0.241774201217608,J2VwaWtfcHl0aG9uJywgJy1waCcsICc3LjAwMDAwMCcsICctcGh0JywgJzIuMDAwMDAwJywgJy1tcycsICcxNicsICctdG4nLCAnOCcsICctbWEnLCAnMjAwJywgJy1pbWFlJywgJzxpbmZpbGUubWFlPicsICctb21hZScsICc8b3V0ZmlsZS5tYWU+Jw==,49.938,0,https://tools.wmflabs.org/scholia/Q15426988,385642644-1,"plazomicin
Q15426988",0.0198313,425,-2.3,0,5.925,-148.028111767377,41,1,0,1,3.7,0.7641416,0.0,21,66.316401,"This compound contains an acetal/aminal-like group ( X-CH(R)-Y where X, Y are N, S, or O) that may be acid/base labile, releasing an aldehyde.",1770.135,1,0,0.011,-10.57,0.4537,849-1,OPLS_2005,2,-0.227331701643313,-64.5706119537354,385642644,24.167,,1006,19,-2.064,-10.4040422499219,425_sdstereoexpander_1_neutralizer_1_epik_1_stereoizer_1,43.994,265.354,0.415228276576539,0.4913,926.109,0.2735,0.1802,-4.274,2.0,-7.754,-25.0127849578857,W0NIM11bQ0BdMShbT0hdKVtDSDJdT1tDQEBIXShbQ0BASF0oW09IXSlbQ0BASF0xW05IXVtDSDNdKU9bQ0BIXTJbQ0BIXShbTkhdQyg9TylbQ0BIXShbT0hdKVtDSDJdW0NIMl1bTkgyXSlbQ0gyXVtDQEBIXShbTkgyXSlbQ0BIXShbQ0BIXTJbT0hdKU9bQ0BIXTNbQ0BIXShbTkgyXSlbQ0gyXVtDSF09QyhPMylbQ0gyXVtOSF1bQ0gyXVtDSDJdW09IXQ==,0,382.611,2,,849,512.321,-2,3,16,1,0.0,31.177,vsw_Plazomicin_Analog_9-LIGPREP-001-in.maegz,12,-39.5578269958496,1,14.0,56135,13,243,-1.28309627826038,-5.968,0.4913,0.0884802,0.023,592.688,14,0,glide-grid_Ab_minmz,0.0,-9.91274224992192,51.5,4,-0.897,42613186  1,0.671484709278523,0,Q15426988,1139,-2.10302125641474,-0.473203298700481,1,-1.285,20.951,Q15426988,2,18,21.9
24.21946144104,461918095,-0.83368996788633,9.019,https://cheminf.uni-jena.de,0.00159488171376018,5,131,25339,4,2,18,-0.241774201217608,J2VwaWtfcHl0aG9uJywgJy1waCcsICc3LjAwMDAwMCcsICctcGh0JywgJzIuMDAwMDAwJywgJy1tcycsICcxNicsICctdG4nLCAnOCcsICctbWEnLCAnMjAwJywgJy1pbWFlJywgJzxpbmZpbGUubWFlPicsICctb21hZScsICc8b3V0ZmlsZS5tYWU+Jw==,49.941,0,,461918095-1,,0.0200198,1065,-2.3,0,5.953,-148.028111767377,41,1,0,1,3.7,0.7640599,0.0,21,66.481035,"This compound contains an acetal/aminal-like group ( X-CH(R)-Y where X, Y are N, S, or O) that may be acid/base labile, releasing an aldehyde.",1770.201,1,0,0.011,-10.57,0.4537,2129-1,OPLS_2005,2,-0.227331701643313,-64.5706119537354,461918095,24.172,,1006,19,-2.065,-10.4040422499219,1065_sdstereoexpander_1_neutralizer_1_epik_1_stereoizer_1,43.995,265.313,0.415228276576539,0.4913,926.231,0.2735,0.1802,-4.275,2.0,-7.755,-25.0127849578857,W0NIM11bQ0BdMShbT0hdKVtDSDJdT1tDQEBIXShbQ0BASF0oW09IXSlbQ0BASF0xW05IXVtDSDNdKU9bQ0BIXTJbQ0BIXShbTkhdQyg9TylbQ0BIXShbT0hdKVtDSDJdW0NIMl1bTkgyXSlbQ0gyXVtDQEBIXShbTkgyXSlbQ0BIXShbQ0BIXTJbT0hdKU9bQ0BIXTNbQ0BIXShbTkgyXSlbQ0gyXVtDSF09QyhPMylbQ0gyXVtOSF1bQ0gyXVtDSDJdW09IXQ==,0,382.606,2,,2129,512.45,-2,3,16,1,0.0,31.175,vsw_Plazomicin_Analog_9-LIGPREP-001-in.maegz,12,-39.5578269958496,1,14.0,56135,13,243,-1.28309627826038,-5.968,0.4913,0.0884685,0.023,592.688,14,0,glide-grid_Ab_minmz,0.0,-9.91274224992192,51.503,4,-0.897,42613186  1,0.671484709278523,0,CNP0074779.1,,-2.10302125641474,-0.473203298700481,1,-1.285,20.952,CNP0074779.1,2,18,21.9
24.21946144104,385750440,-0.83368996788633,9.02,http://chem-bla-ics.blogspot.com/,0.00159455029182028,5,191,,4,2,18,-0.241774201217608,J2VwaWtfcHl0aG9uJywgJy1waCcsICc3LjAwMDAwMCcsICctcGh0JywgJzIuMDAwMDAwJywgJy1tcycsICcxNicsICctdG4nLCAnOCcsICctbWEnLCAnMjAwJywgJy1pbWFlJywgJzxpbmZpbGUubWFlPicsICctb21hZScsICc8b3V0ZmlsZS5tYWU+Jw==,49.938,0,https://tools.wmflabs.org/scholia/Q27273718,385750440-1,"plazomicin sulfate
Q27273718",0.0198321,1716,-2.3,0,5.925,-148.028111767377,41,1,0,1,3.7,0.7641414,0.0,21,66.316408,"This compound contains an acetal/aminal-like group ( X-CH(R)-Y where X, Y are N, S, or O) that may be acid/base labile, releasing an aldehyde.",1770.136,1,0,0.011,-10.57,0.4537,3431-1,OPLS_2005,2,-0.227331701643313,-64.5706119537354,385750440,24.167,,1006,19,-2.064,-10.4040422499219,1716_sdstereoexpander_1_neutralizer_1_epik_1_stereoizer_1,43.994,265.354,0.415228276576539,0.4913,926.11,0.2735,0.1802,-4.274,2.0,-7.754,-25.0127849578857,W0NIM11bQ0BdMShbT0hdKVtDSDJdT1tDQEBIXShbQ0BASF0oW09IXSlbQ0BASF0xW05IXVtDSDNdKU9bQ0BIXTJbQ0BIXShbTkhdQyg9TylbQ0BIXShbT0hdKVtDSDJdW0NIMl1bTkgyXSlbQ0gyXVtDQEBIXShbTkgyXSlbQ0BIXShbQ0BIXTJbT0hdKU9bQ0BIXTNbQ0BIXShbTkgyXSlbQ0gyXVtDSF09QyhPMylbQ0gyXVtOSF1bQ0gyXVtDSDJdW09IXQ==,0,382.611,2,,3431,512.321,-2,3,16,1,0.0,31.177,vsw_Plazomicin_Analog_9-LIGPREP-001-in.maegz,12,-39.5578269958496,1,14.0,56135,13,243,-1.28309627826038,-5.968,0.4913,0.0884801,0.023,592.688,14,0,glide-grid_Ab_minmz,0.0,-9.91274224992192,51.5,4,-0.897,"71515458  1
1118  2
42613186  2",0.671484709278523,0,Q27273718,1139,-2.10302125641474,-0.473203298700481,1,-1.285,20.951,Q27273718,2,18,21.9
24.21946144104,385750440,-0.83368996788633,9.02,http://chem-bla-ics.blogspot.com/,0.00159453786453558,5,216,,4,2,18,-0.241774201217608,J2VwaWtfcHl0aG9uJywgJy1waCcsICc3LjAwMDAwMCcsICctcGh0JywgJzIuMDAwMDAwJywgJy1tcycsICcxNicsICctdG4nLCAnOCcsICctbWEnLCAnMjAwJywgJy1pbWFlJywgJzxpbmZpbGUubWFlPicsICctb21hZScsICc8b3V0ZmlsZS5tYWU+Jw==,49.938,0,https://tools.wmflabs.org/scholia/Q27273718,385750440-1,"plazomicin sulfate
Q27273718",0.0198292,1748,-2.3,0,5.925,-148.028111767377,41,1,0,1,3.7,0.7641421,0.0,21,66.316384,"This compound contains an acetal/aminal-like group ( X-CH(R)-Y where X, Y are N, S, or O) that may be acid/base labile, releasing an aldehyde.",1770.136,1,0,0.011,-10.57,0.4537,3495-1,OPLS_2005,2,-0.227331701643313,-64.5706119537354,385750440,24.168,,1006,19,-2.064,-10.4040422499219,1748_sdstereoexpander_1_neutralizer_1_epik_1_stereoizer_1,43.994,265.354,0.415228276576539,0.4913,926.109,0.2735,0.1802,-4.274,2.0,-7.753,-25.0127849578857,W0NIM11bQ0BdMShbT0hdKVtDSDJdT1tDQEBIXShbQ0BASF0oW09IXSlbQ0BASF0xW05IXVtDSDNdKU9bQ0BIXTJbQ0BIXShbTkhdQyg9TylbQ0BIXShbT0hdKVtDSDJdW0NIMl1bTkgyXSlbQ0gyXVtDQEBIXShbTkgyXSlbQ0BIXShbQ0BIXTJbT0hdKU9bQ0BIXTNbQ0BIXShbTkgyXSlbQ0gyXVtDSF09QyhPMylbQ0gyXVtOSF1bQ0gyXVtDSDJdW09IXQ==,0,382.611,2,,3495,512.321,-2,3,16,1,0.0,31.177,vsw_Plazomicin_Analog_9-LIGPREP-001-in.maegz,12,-39.5578269958496,1,14.0,56135,13,243,-1.28309627826038,-5.968,0.4913,0.0884802,0.023,592.688,14,0,glide-grid_Ab_minmz,0.0,-9.91274224992192,51.5,4,-0.897,"71515458  1
1118  2
42613186  2",0.671484709278523,0,Q27273718,1139,-2.10302125641474,-0.473203298700481,1,-1.285,20.951,Q27273718,2,18,21.9
24.21946144104,385750440,-0.83368996788633,9.02,http://chem-bla-ics.blogspot.com/,0.00159456276914597,5,246,,4,2,18,-0.241774201217608,J2VwaWtfcHl0aG9uJywgJy1waCcsICc3LjAwMDAwMCcsICctcGh0JywgJzIuMDAwMDAwJywgJy1tcycsICcxNicsICctdG4nLCAnOCcsICctbWEnLCAnMjAwJywgJy1pbWFlJywgJzxpbmZpbGUubWFlPicsICctb21hZScsICc8b3V0ZmlsZS5tYWU+Jw==,49.938,0,https://tools.wmflabs.org/scholia/Q27273718,385750440-1,"plazomicin sulfate
Q27273718",0.0198313,1812,-2.3,0,5.925,-148.028111767377,41,1,0,1,3.7,0.7641416,0.0,21,66.316401,"This compound contains an acetal/aminal-like group ( X-CH(R)-Y where X, Y are N, S, or O) that may be acid/base labile, releasing an aldehyde.",1770.135,1,0,0.011,-10.57,0.4537,3623-1,OPLS_2005,2,-0.227331701643313,-64.5706119537354,385750440,24.167,,1006,19,-2.064,-10.4040422499219,1812_sdstereoexpander_1_neutralizer_1_epik_1_stereoizer_1,43.994,265.354,0.415228276576539,0.4913,926.109,0.2735,0.1802,-4.274,2.0,-7.754,-25.0127849578857,W0NIM11bQ0BdMShbT0hdKVtDSDJdT1tDQEBIXShbQ0BASF0oW09IXSlbQ0BASF0xW05IXVtDSDNdKU9bQ0BIXTJbQ0BIXShbTkhdQyg9TylbQ0BIXShbT0hdKVtDSDJdW0NIMl1bTkgyXSlbQ0gyXVtDQEBIXShbTkgyXSlbQ0BIXShbQ0BIXTJbT0hdKU9bQ0BIXTNbQ0BIXShbTkgyXSlbQ0gyXVtDSF09QyhPMylbQ0gyXVtOSF1bQ0gyXVtDSDJdW09IXQ==,0,382.611,2,,3623,512.321,-2,3,16,1,0.0,31.177,vsw_Plazomicin_Analog_9-LIGPREP-001-in.maegz,12,-39.5578269958496,1,14.0,56135,13,243,-1.28309627826038,-5.968,0.4913,0.0884802,0.023,592.688,14,0,glide-grid_Ab_minmz,0.0,-9.91274224992192,51.5,4,-0.897,"71515458  1
1118  2
42613186  2",0.671484709278523,0,Q27273718,1139,-2.10302125641474,-0.473203298700481,1,-1.285,20.951,Q27273718,2,18,21.9
24.21946144104,386587091,-0.83368996788633,9.02,https://www.wikidata.org/wiki/Wikidata:Main_Page,0.00159455029182028,5,256,,4,2,18,-0.241774201217608,J2VwaWtfcHl0aG9uJywgJy1waCcsICc3LjAwMDAwMCcsICctcGh0JywgJzIuMDAwMDAwJywgJy1tcycsICcxNicsICctdG4nLCAnOCcsICctbWEnLCAnMjAwJywgJy1pbWFlJywgJzxpbmZpbGUubWFlPicsICctb21hZScsICc8b3V0ZmlsZS5tYWU+Jw==,49.938,0,https://scholia.toolforge.org/Q27273718,386587091-1,,0.0198321,1828,-2.3,0,5.925,-148.028111767377,41,1,0,1,3.7,0.7641414,0.0,21,66.316408,"This compound contains an acetal/aminal-like group ( X-CH(R)-Y where X, Y are N, S, or O) that may be acid/base labile, releasing an aldehyde.",1770.136,1,0,0.011,-10.57,0.4537,3655-1,OPLS_2005,2,-0.227331701643313,-64.5706119537354,386587091,24.167,,1006,19,-2.064,-10.4040422499219,1828_sdstereoexpander_1_neutralizer_1_epik_1_stereoizer_1,43.994,265.354,0.415228276576539,0.4913,926.11,0.2735,0.1802,-4.274,2.0,-7.754,-25.0127849578857,W0NIM11bQ0BdMShbT0hdKVtDSDJdT1tDQEBIXShbQ0BASF0oW09IXSlbQ0BASF0xW05IXVtDSDNdKU9bQ0BIXTJbQ0BIXShbTkhdQyg9TylbQ0BIXShbT0hdKVtDSDJdW0NIMl1bTkgyXSlbQ0gyXVtDQEBIXShbTkgyXSlbQ0BIXShbQ0BIXTJbT0hdKU9bQ0BIXTNbQ0BIXShbTkgyXSlbQ0gyXVtDSF09QyhPMylbQ0gyXVtOSF1bQ0gyXVtDSDJdW09IXQ==,0,382.611,2,,3655,512.321,-2,3,16,2,0.0,31.177,vsw_Plazomicin_Analog_9-LIGPREP-001-in.maegz,12,-39.5578269958496,1,14.0,56135,13,243,-1.28309627826038,-5.968,0.4913,0.0884801,0.023,592.688,14,0,glide-grid_Ab_minmz,0.0,-9.91274224992192,51.5,4,-0.897,"71515458  1
1118  2
42613186  2",0.671484709278523,0,Q27273718,23756,-2.10302125641474,-0.473203298700481,1,-1.285,20.951,Q27273718,2,18,21.9
24.21946144104,386587091,-0.83368996788633,9.02,https://www.wikidata.org/wiki/Wikidata:Main_Page,0.00159453786453558,5,281,,4,2,18,-0.241774201217608,J2VwaWtfcHl0aG9uJywgJy1waCcsICc3LjAwMDAwMCcsICctcGh0JywgJzIuMDAwMDAwJywgJy1tcycsICcxNicsICctdG4nLCAnOCcsICctbWEnLCAnMjAwJywgJy1pbWFlJywgJzxpbmZpbGUubWFlPicsICctb21hZScsICc8b3V0ZmlsZS5tYWU+Jw==,49.938,0,https://scholia.toolforge.org/Q27273718,386587091-1,,0.0198292,1860,-2.3,0,5.925,-148.028111767377,41,1,0,1,3.7,0.7641421,0.0,21,66.316384,"This compound contains an acetal/aminal-like group ( X-CH(R)-Y where X, Y are N, S, or O) that may be acid/base labile, releasing an aldehyde.",1770.136,1,0,0.011,-10.57,0.4537,3719-1,OPLS_2005,2,-0.227331701643313,-64.5706119537354,386587091,24.168,,1006,19,-2.064,-10.4040422499219,1860_sdstereoexpander_1_neutralizer_1_epik_1_stereoizer_1,43.994,265.354,0.415228276576539,0.4913,926.109,0.2735,0.1802,-4.274,2.0,-7.753,-25.0127849578857,W0NIM11bQ0BdMShbT0hdKVtDSDJdT1tDQEBIXShbQ0BASF0oW09IXSlbQ0BASF0xW05IXVtDSDNdKU9bQ0BIXTJbQ0BIXShbTkhdQyg9TylbQ0BIXShbT0hdKVtDSDJdW0NIMl1bTkgyXSlbQ0gyXVtDQEBIXShbTkgyXSlbQ0BIXShbQ0BIXTJbT0hdKU9bQ0BIXTNbQ0BIXShbTkgyXSlbQ0gyXVtDSF09QyhPMylbQ0gyXVtOSF1bQ0gyXVtDSDJdW09IXQ==,0,382.611,2,,3719,512.321,-2,3,16,2,0.0,31.177,vsw_Plazomicin_Analog_9-LIGPREP-001-in.maegz,12,-39.5578269958496,1,14.0,56135,13,243,-1.28309627826038,-5.968,0.4913,0.0884802,0.023,592.688,14,0,glide-grid_Ab_minmz,0.0,-9.91274224992192,51.5,4,-0.897,"71515458  1
1118  2
42613186  2",0.671484709278523,0,Q27273718,23756,-2.10302125641474,-0.473203298700481,1,-1.285,20.951,Q27273718,2,18,21.9
24.21946144104,386587091,-0.83368996788633,9.02,https://www.wikidata.org/wiki/Wikidata:Main_Page,0.00159456276914597,5,311,,4,2,18,-0.241774201217608,J2VwaWtfcHl0aG9uJywgJy1waCcsICc3LjAwMDAwMCcsICctcGh0JywgJzIuMDAwMDAwJywgJy1tcycsICcxNicsICctdG4nLCAnOCcsICctbWEnLCAnMjAwJywgJy1pbWFlJywgJzxpbmZpbGUubWFlPicsICctb21hZScsICc8b3V0ZmlsZS5tYWU+Jw==,49.938,0,https://scholia.toolforge.org/Q27273718,386587091-1,,0.0198313,1924,-2.3,0,5.925,-148.028111767377,41,1,0,1,3.7,0.7641416,0.0,21,66.316401,"This compound contains an acetal/aminal-like group ( X-CH(R)-Y where X, Y are N, S, or O) that may be acid/base labile, releasing an aldehyde.",1770.135,1,0,0.011,-10.57,0.4537,3847-1,OPLS_2005,2,-0.227331701643313,-64.5706119537354,386587091,24.167,,1006,19,-2.064,-10.4040422499219,1924_sdstereoexpander_1_neutralizer_1_epik_1_stereoizer_1,43.994,265.354,0.415228276576539,0.4913,926.109,0.2735,0.1802,-4.274,2.0,-7.754,-25.0127849578857,W0NIM11bQ0BdMShbT0hdKVtDSDJdT1tDQEBIXShbQ0BASF0oW09IXSlbQ0BASF0xW05IXVtDSDNdKU9bQ0BIXTJbQ0BIXShbTkhdQyg9TylbQ0BIXShbT0hdKVtDSDJdW0NIMl1bTkgyXSlbQ0gyXVtDQEBIXShbTkgyXSlbQ0BIXShbQ0BIXTJbT0hdKU9bQ0BIXTNbQ0BIXShbTkgyXSlbQ0gyXVtDSF09QyhPMylbQ0gyXVtOSF1bQ0gyXVtDSDJdW09IXQ==,0,382.611,2,,3847,512.321,-2,3,16,2,0.0,31.177,vsw_Plazomicin_Analog_9-LIGPREP-001-in.maegz,12,-39.5578269958496,1,14.0,56135,13,243,-1.28309627826038,-5.968,0.4913,0.0884802,0.023,592.688,14,0,glide-grid_Ab_minmz,0.0,-9.91274224992192,51.5,4,-0.897,"71515458  1
1118  2
42613186  2",0.671484709278523,0,Q27273718,23756,-2.10302125641474,-0.473203298700481,1,-1.285,20.951,Q27273718,2,18,21.9
24.21946144104,386478930,-0.83368996788633,9.02,https://www.wikidata.org/wiki/Wikidata:Main_Page,0.00159455029182028,5,96,,4,2,18,-0.241774201217608,J2VwaWtfcHl0aG9uJywgJy1waCcsICc3LjAwMDAwMCcsICctcGh0JywgJzIuMDAwMDAwJywgJy1tcycsICcxNicsICctdG4nLCAnOCcsICctbWEnLCAnMjAwJywgJy1pbWFlJywgJzxpbmZpbGUubWFlPicsICctb21hZScsICc8b3V0ZmlsZS5tYWU+Jw==,49.938,0,https://scholia.toolforge.org/Q15426988,386478930-1,,0.0198321,444,-2.3,0,5.925,-148.028111767377,41,1,0,1,3.7,0.7641414,0.0,21,66.316408,"This compound contains an acetal/aminal-like group ( X-CH(R)-Y where X, Y are N, S, or O) that may be acid/base labile, releasing an aldehyde.",1770.136,1,0,0.011,-10.57,0.4537,888-1,OPLS_2005,2,-0.227331701643313,-64.5706119537354,386478930,24.167,,1006,19,-2.064,-10.4040422499219,444_sdstereoexpander_1_neutralizer_1_epik_1_stereoizer_1,43.994,265.354,0.415228276576539,0.4913,926.11,0.2735,0.1802,-4.274,2.0,-7.754,-25.0127849578857,W0NIM11bQ0BdMShbT0hdKVtDSDJdT1tDQEBIXShbQ0BASF0oW09IXSlbQ0BASF0xW05IXVtDSDNdKU9bQ0BIXTJbQ0BIXShbTkhdQyg9TylbQ0BIXShbT0hdKVtDSDJdW0NIMl1bTkgyXSlbQ0gyXVtDQEBIXShbTkgyXSlbQ0BIXShbQ0BIXTJbT0hdKU9bQ0BIXTNbQ0BIXShbTkgyXSlbQ0gyXVtDSF09QyhPMylbQ0gyXVtOSF1bQ0gyXVtDSDJdW09IXQ==,0,382.611,2,,888,512.321,-2,3,16,2,0.0,31.177,vsw_Plazomicin_Analog_9-LIGPREP-002-in.maegz,12,-39.5578269958496,1,14.0,56135,13,243,-1.28309627826038,-5.968,0.4913,0.0884801,0.023,592.688,14,0,glide-grid_Ab_minmz,0.0,-9.91274224992192,51.5,4,-0.897,42613186  1,0.671484709278523,0,Q15426988,23756,-2.10302125641474,-0.473203298700481,1,-1.285,20.951,Q15426988,2,18,21.9
24.21946144104,386478930,-0.83368996788633,9.02,https://www.wikidata.org/wiki/Wikidata:Main_Page,0.00159453786453558,5,121,,4,2,18,-0.241774201217608,J2VwaWtfcHl0aG9uJywgJy1waCcsICc3LjAwMDAwMCcsICctcGh0JywgJzIuMDAwMDAwJywgJy1tcycsICcxNicsICctdG4nLCAnOCcsICctbWEnLCAnMjAwJywgJy1pbWFlJywgJzxpbmZpbGUubWFlPicsICctb21hZScsICc8b3V0ZmlsZS5tYWU+Jw==,49.938,0,https://scholia.toolforge.org/Q15426988,386478930-1,,0.0198292,476,-2.3,0,5.925,-148.028111767377,41,1,0,1,3.7,0.7641421,0.0,21,66.316384,"This compound contains an acetal/aminal-like group ( X-CH(R)-Y where X, Y are N, S, or O) that may be acid/base labile, releasing an aldehyde.",1770.136,1,0,0.011,-10.57,0.4537,952-1,OPLS_2005,2,-0.227331701643313,-64.5706119537354,386478930,24.168,,1006,19,-2.064,-10.4040422499219,476_sdstereoexpander_1_neutralizer_1_epik_1_stereoizer_1,43.994,265.354,0.415228276576539,0.4913,926.109,0.2735,0.1802,-4.274,2.0,-7.753,-25.0127849578857,W0NIM11bQ0BdMShbT0hdKVtDSDJdT1tDQEBIXShbQ0BASF0oW09IXSlbQ0BASF0xW05IXVtDSDNdKU9bQ0BIXTJbQ0BIXShbTkhdQyg9TylbQ0BIXShbT0hdKVtDSDJdW0NIMl1bTkgyXSlbQ0gyXVtDQEBIXShbTkgyXSlbQ0BIXShbQ0BIXTJbT0hdKU9bQ0BIXTNbQ0BIXShbTkgyXSlbQ0gyXVtDSF09QyhPMylbQ0gyXVtOSF1bQ0gyXVtDSDJdW09IXQ==,0,382.611,2,,952,512.321,-2,3,16,2,0.0,31.177,vsw_Plazomicin_Analog_9-LIGPREP-002-in.maegz,12,-39.5578269958496,1,14.0,56135,13,243,-1.28309627826038,-5.968,0.4913,0.0884802,0.023,592.688,14,0,glide-grid_Ab_minmz,0.0,-9.91274224992192,51.5,4,-0.897,42613186  1,0.671484709278523,0,Q15426988,23756,-2.10302125641474,-0.473203298700481,1,-1.285,20.951,Q15426988,2,18,21.9
24.21946144104,386478930,-0.83368996788633,9.02,https://www.wikidata.org/wiki/Wikidata:Main_Page,0.00159456276914597,5,151,,4,2,18,-0.241774201217608,J2VwaWtfcHl0aG9uJywgJy1waCcsICc3LjAwMDAwMCcsICctcGh0JywgJzIuMDAwMDAwJywgJy1tcycsICcxNicsICctdG4nLCAnOCcsICctbWEnLCAnMjAwJywgJy1pbWFlJywgJzxpbmZpbGUubWFlPicsICctb21hZScsICc8b3V0ZmlsZS5tYWU+Jw==,49.938,0,https://scholia.toolforge.org/Q15426988,386478930-1,,0.0198313,540,-2.3,0,5.925,-148.028111767377,41,1,0,1,3.7,0.7641416,0.0,21,66.316401,"This compound contains an acetal/aminal-like group ( X-CH(R)-Y where X, Y are N, S, or O) that may be acid/base labile, releasing an aldehyde.",1770.135,1,0,0.011,-10.57,0.4537,1080-1,OPLS_2005,2,-0.227331701643313,-64.5706119537354,386478930,24.167,,1006,19,-2.064,-10.4040422499219,540_sdstereoexpander_1_neutralizer_1_epik_1_stereoizer_1,43.994,265.354,0.415228276576539,0.4913,926.109,0.2735,0.1802,-4.274,2.0,-7.754,-25.0127849578857,W0NIM11bQ0BdMShbT0hdKVtDSDJdT1tDQEBIXShbQ0BASF0oW09IXSlbQ0BASF0xW05IXVtDSDNdKU9bQ0BIXTJbQ0BIXShbTkhdQyg9TylbQ0BIXShbT0hdKVtDSDJdW0NIMl1bTkgyXSlbQ0gyXVtDQEBIXShbTkgyXSlbQ0BIXShbQ0BIXTJbT0hdKU9bQ0BIXTNbQ0BIXShbTkgyXSlbQ0gyXVtDSF09QyhPMylbQ0gyXVtOSF1bQ0gyXVtDSDJdW09IXQ==,0,382.611,2,,1080,512.321,-2,3,16,2,0.0,31.177,vsw_Plazomicin_Analog_9-LIGPREP-002-in.maegz,12,-39.5578269958496,1,14.0,56135,13,243,-1.28309627826038,-5.968,0.4913,0.0884802,0.023,592.688,14,0,glide-grid_Ab_minmz,0.0,-9.91274224992192,51.5,4,-0.897,42613186  1,0.671484709278523,0,Q15426988,23756,-2.10302125641474,-0.473203298700481,1,-1.285,20.951,Q15426988,2,18,21.9
