feature,mean,std
sin_phi_ILE6,-0.415375461664583,0.08119703971496975
cos_phi_ILE6,0.9051998788224539,0.03851552892373341
sin_psi_ILE6,-0.8846801948434628,0.11193804873507616
cos_psi_ILE6,-0.39244628623084316,0.22538131803842018
sin_phi_ALA7,-0.16607118209148913,0.4329848108076927
cos_phi_ALA7,0.8278371405888291,0.3156424951591171
sin_psi_ALA7,0.7496792070533117,0.2104926752609114
cos_psi_ALA7,0.6039194291667734,0.1701624025697241
sin_phi_GLU8,-0.3408936064910887,0.23119386711793322
cos_phi_GLU8,-0.8984538267309955,0.1520581010435956
sin_psi_GLU8,-0.7258163115033465,0.12843244259170175
cos_psi_GLU8,0.6620143844274643,0.1357672436809845
sin_phi_VAL9,0.4653373397094972,0.5784123114039863
cos_phi_VAL9,0.6199679396872544,0.2540474602280584
sin_psi_VAL9,-0.772083547569979,0.401396250992627
cos_psi_VAL9,0.40393558442876215,0.2821419658487803
sin_phi_SER10,0.04749074546620113,0.3273663625808026
cos_phi_SER10,0.9407030148907147,0.07519129950465503
sin_psi_SER10,0.4615326902618645,0.5719468179657836
cos_psi_SER10,-0.05877827713187896,0.6755808814463807
sin_phi_THR11,0.8697602570694523,0.11601028363068078
cos_phi_THR11,0.42193287776166793,0.22810382718877506
sin_psi_THR11,-0.7927209224878076,0.2674333031956867
cos_psi_THR11,-0.3191193843490201,0.44523677512602866
sin_phi_GLN12,-0.014512815627546981,0.22756725763739855
cos_phi_GLN12,0.9730859848455574,0.033259397635952495
sin_psi_GLN12,-0.05247149094168022,0.70607379210199
cos_psi_GLN12,-0.1944377471896229,0.6788965349837169
sin_phi_LEU13,-0.911660444793559,0.155511045057005
cos_phi_LEU13,0.2534564579963555,0.28363951093602935
sin_psi_LEU13,0.9511824318427924,0.15118326375274124
cos_psi_LEU13,0.1421600190323897,0.22844283990401468
sin_phi_SER14,-0.39883412476446173,0.6272492049410289
cos_phi_SER14,-0.522445235275712,0.41778074627957534
sin_psi_SER14,0.6811005037488138,0.29673222669056676
cos_psi_SER14,0.0827000831925244,0.6642385005977294
sin_phi_GLU15,-0.5914986773898241,0.2749436059958121
cos_phi_GLU15,-0.5543282779673726,0.5169675893262902
sin_psi_GLU15,-0.16898847281521379,0.4258063114199608
cos_psi_GLU15,0.874982722123278,0.15664328008646813
sin_phi_VAL16,-0.9393162454571276,0.11035979207390839
cos_phi_VAL16,0.20136013145317694,0.2548721341670922
sin_psi_VAL16,0.058719724186471596,0.38926234255745684
cos_psi_VAL16,-0.9071145243717206,0.1488961461288132
sin_phi_VAL17,0.3073627678984923,0.20073225573535192
cos_phi_VAL17,0.9278385419668195,0.06595703493988722
sin_psi_VAL17,-0.8244308825529679,0.25873306823145337
cos_psi_VAL17,0.4392989003843731,0.24573846955158085
sin_phi_GLY18,-0.7822315397897119,0.13358919746028064
cos_phi_GLY18,0.5833988073077383,0.1729554165443886
sin_psi_GLY18,-0.002170450989547103,0.2542249436835784
cos_psi_GLY18,0.9656296696976877,0.054076872608517804
sin_phi_VAL19,-0.3501905611601869,0.31753118263
cos_phi_VAL19,-0.8684274345711995,0.1495804459680213
sin_psi_VAL19,-0.011238121095115065,0.27267715037984136
cos_psi_VAL19,0.960320241192771,0.0574970490585279
sin_phi_ILE20,-0.05482576949425323,0.3102376327455323
cos_phi_ILE20,0.9473561779761124,0.05712283499883217
sin_psi_ILE20,0.07702744866505631,0.7231614318148475
cos_psi_ILE20,-0.011260289943044921,0.6862780205995602
sin_phi_GLU21,0.4437482230092348,0.6213827557910422
cos_phi_GLU21,-0.4698555265669482,0.4429523332551398
sin_psi_GLU21,0.38634911353000323,0.10103182820818225
cos_psi_GLU21,0.915758992299552,0.04373099799915389
sin_phi_ARG22,0.9914013088155501,0.013704149883343253
cos_phi_ARG22,-0.053958791412865664,0.11842335067060032
sin_psi_ARG22,-0.3489637510201075,0.20671071642549982
cos_psi_ARG22,0.9078701538923859,0.10614501335554488
sin_phi_HIS23,0.5633932228457729,0.2747571834802959
cos_phi_HIS23,0.1690460640619766,0.7606050189175604
sin_psi_HIS23,-0.4316271823197613,0.44671490346390175
cos_psi_HIS23,-0.13045514335212913,0.7727387825642738
sin_phi_LEU24,0.4404511024300839,0.44281656249762924
cos_phi_LEU24,-0.7232702417030031,0.29461241625699774
sin_psi_LEU24,-0.25810338050195664,0.532360930411924
cos_psi_LEU24,0.7127227221690299,0.3768299431419703
sin_phi_GLU25,-0.9592598789040803,0.04700993303199016
cos_phi_GLU25,-0.0901035604901966,0.26361316224393344
sin_psi_GLU25,0.02005515215493177,0.10911760748675689
cos_psi_GLU25,-0.9937871455813936,0.008845783492413037
sin_phi_PRO26,-0.9118311250526477,0.06487490533178397
cos_phi_PRO26,-0.37502832678961245,0.15397727153316607
sin_psi_PRO26,0.32800071076188014,0.263611151529381
cos_psi_PRO26,-0.8924550037054223,0.16263075013726624
sin_phi_THR27,-0.251889902257781,0.18823196325706867
cos_phi_THR27,-0.948112084296504,0.046943378232654924
sin_psi_THR27,0.21057449651726354,0.2059506019159774
cos_psi_THR27,0.9547075284245717,0.042145772698971073
sin_phi_LEU28,0.40471314316509466,0.42353660306626867
cos_phi_LEU28,-0.7726834286353987,0.2445083571675217
sin_psi_LEU28,-0.8407047368681619,0.40858782352686684
cos_psi_LEU28,-0.07865660088976528,0.3465323578101771
sin_phi_LEU29,-0.46109113016318143,0.33627976976101537
cos_phi_LEU29,-0.7888482263859428,0.2280994560757895
sin_psi_LEU29,0.939643677606917,0.05841844342841144
cos_psi_LEU29,-0.3019926484147827,0.14985821600491336
sin_phi_ALA30,-0.7515306933799792,0.1768096102756929
cos_phi_ALA30,0.5960456265498855,0.22061185301955008
sin_psi_ALA30,-0.49703242923887125,0.09673182252576487
cos_psi_ALA30,0.8610700489662558,0.04647676375351498
sin_phi_VAL31,-0.512173784606106,0.2886406660273514
cos_phi_VAL31,-0.7858589788039549,0.19180783537371537
sin_psi_VAL31,-0.03675528199871679,0.2096562889785696
cos_psi_VAL31,-0.9765069231547167,0.03357854624366066
sin_phi_HIS32,0.12246270988113643,0.3798427555464458
cos_phi_HIS32,-0.9102965709470903,0.10992051068577094
sin_psi_HIS32,0.6887246152867875,0.07769515769097567
cos_psi_HIS32,0.7162655527482676,0.08115124592795567
sin_phi_LEU33,0.9426442583979704,0.05789946274441561
cos_phi_LEU33,0.07831560802079862,0.3192743645574779
sin_psi_LEU33,0.46771273304511213,0.1981785705792397
cos_psi_LEU33,0.8518396895244578,0.12782486793076023
sin_phi_TYR34,0.2766914691791141,0.24501443444693988
cos_phi_TYR34,0.9021380268944708,0.2226134277780669
sin_psi_TYR34,-0.6587240895962867,0.12124998804134078
cos_psi_TYR34,-0.7364027996321589,0.0953516170782449
sin_phi_GLY35,0.3119896951244632,0.6848559323745367
cos_phi_GLY35,-0.33399982654888355,0.5675199537398348
sin_psi_GLY35,-0.14982235137330918,0.6794797585740049
cos_psi_GLY35,0.6561256163422852,0.29216381756925525
sin_phi_SER36,0.9033815017728213,0.050611281261225
cos_phi_SER36,0.4050665505781336,0.13138283779288554
sin_psi_SER36,-0.6086494483476854,0.2749221349697178
cos_psi_SER36,-0.683221106505124,0.2952500437860499
sin_phi_ALA37,0.004393823266660469,0.6008511994544459
cos_phi_ALA37,-0.678445752052122,0.4226936147538612
sin_psi_ALA37,-0.8774331867681229,0.15223709888494902
cos_psi_ALA37,-0.2944093569243158,0.3467823511028805
sin_phi_VAL38,0.9577011398699055,0.0560939632657474
cos_phi_VAL38,0.20041342956659405,0.19873714103403167
sin_psi_VAL38,-0.3323730941906294,0.16655398441764524
cos_psi_VAL38,0.926312480962749,0.061098970084531676
sin_phi_ASP39,0.15590745182508153,0.4096617800914164
cos_phi_ASP39,-0.26948694484303837,0.857465380617146
sin_psi_ASP39,-0.1487503691338313,0.6698156666974474
cos_psi_ASP39,0.71496142384719,0.13435201055288234
sin_phi_GLY40,0.8909548236950435,0.1411298791083952
cos_phi_GLY40,-0.011620373878741305,0.43144736210608814
sin_psi_GLY40,0.9639935730196774,0.060680277783951374
cos_psi_GLY40,-0.14310821857189188,0.21576453101007623
sin_phi_GLY41,-0.9444138902774729,0.07488755427398468
cos_phi_GLY41,0.22292961374790096,0.22973168127196145
sin_psi_GLY41,0.6439897720181733,0.10269571324688967
cos_psi_GLY41,0.7526650448561305,0.09069781843249043
sin_phi_LEU42,0.5591400477736519,0.12565071054992824
cos_phi_LEU42,0.8158514053188418,0.07720615489225705
sin_psi_LEU42,0.49105650563207065,0.26960667210844247
cos_psi_LEU42,0.8028573298338254,0.20395062775860986
sin_phi_LYS43,0.8745705361621948,0.12828927216674227
cos_phi_LYS43,0.029528798698268067,0.46668650073827467
sin_psi_LYS43,-0.3451728437192791,0.3157797812470417
cos_psi_LYS43,0.1724071292883751,0.8668417499664274
sin_phi_PRO44,0.8206546369102786,0.18987390391859535
cos_phi_PRO44,-0.44141428648958786,0.3092366330357039
sin_psi_PRO44,0.9442529914373946,0.06034392813448456
cos_psi_PRO44,-0.0723137858372989,0.31546095618429393
sin_phi_HIS45,-0.9431676497920584,0.034354879193556356
cos_phi_HIS45,0.316528961884189,0.09520474226549397
sin_psi_HIS45,-0.25602180253848794,0.05147828061716726
cos_psi_HIS45,0.9652007958282184,0.013793004829171163
sin_phi_SER46,-0.9068687873132364,0.07250487890824645
cos_phi_SER46,0.3813973962749125,0.16391482924445216
sin_psi_SER46,-0.4576118580376512,0.2101960264013845
cos_psi_SER46,-0.8575250043163389,0.10516598709021839
sin_phi_ASP47,0.04421003131472866,0.8037228579207739
cos_phi_ASP47,0.4777983811336547,0.3518291457126213
sin_psi_ASP47,0.01850552556456879,0.6991014315817977
cos_psi_ASP47,0.10755080560962887,0.7066452844932739
sin_phi_ILE48,0.23091521878206966,0.19805919032976088
cos_phi_ILE48,-0.9511884198564643,0.0518778256262808
sin_psi_ILE48,0.9192944103636842,0.05775507701359222
cos_psi_ILE48,0.339349339578701,0.19079875230393858
sin_phi_ASP49,-0.017239152629815426,0.6800029804608881
cos_phi_ASP49,-0.04612605051821118,0.7315539253154932
sin_psi_ASP49,-0.20136062548363864,0.8686889744225045
cos_psi_ASP49,0.17214412838157236,0.4185687079624608
sin_phi_LEU50,-0.12053481185328643,0.39839880937683486
cos_phi_LEU50,0.9020976908568478,0.11388373004672896
sin_psi_LEU50,0.603135709315492,0.2971940194116028
cos_psi_LEU50,0.6946104103873226,0.25577218135682667
sin_phi_LEU51,0.6618662065336416,0.2875838567131103
cos_phi_LEU51,0.013024059340367966,0.6921408988674768
sin_psi_LEU51,-0.7495148291352173,0.23086755401549505
cos_psi_LEU51,0.08999355702757618,0.6138638718012595
sin_phi_VAL52,-0.5588271251897562,0.19780693701137816
cos_phi_VAL52,-0.6778173530836826,0.4349118251794949
sin_psi_VAL52,0.947759823758433,0.10780760588152888
cos_psi_VAL52,-0.10940752867145209,0.27956900624619047
sin_phi_THR53,-0.42079603114407976,0.21741447262206598
cos_phi_THR53,-0.8756178274674287,0.09463121836413156
sin_psi_THR53,0.9336905126322138,0.05438516587366743
cos_psi_THR53,-0.3248455704235669,0.1404978139676021
sin_phi_VAL54,0.9178872421114522,0.06427319971515778
cos_phi_VAL54,-0.3610573357924803,0.15162310786236977
sin_psi_VAL54,0.8841756741672828,0.12832631767262834
cos_psi_VAL54,0.3650795937020761,0.2616918486803541
sin_phi_THR55,0.015148337843121128,0.5435806197525628
cos_phi_THR55,0.7149046187460268,0.43954752164653194
sin_psi_THR55,-0.05118260181631364,0.7261703898688077
cos_psi_THR55,-0.05771741912387713,0.6831731886416322
sin_phi_VAL56,0.7230538619688589,0.14411281660859754
cos_phi_VAL56,-0.6658606128721202,0.11425520997582396
sin_psi_VAL56,0.8901818083364936,0.03860546601871694
cos_psi_VAL56,-0.43854260053443184,0.11733010532998533
sin_phi_ARG57,-0.40098412909663805,0.1468943363724823
cos_phi_ARG57,0.9018627950003304,0.06540092620514404
sin_psi_ARG57,0.9909840347884269,0.012890012365759904
cos_psi_ARG57,0.049452423644490866,0.12385050735199357
sin_phi_LEU58,0.9631176907111576,0.04532708854746383
cos_phi_LEU58,-0.014028635696201686,0.26486405241844446
sin_psi_LEU58,-0.3180398617073619,0.21058406644245278
cos_psi_LEU58,0.9205248468681819,0.08449262467241116
sin_phi_ASP59,-0.1753582173348372,0.1786257776807258
cos_phi_ASP59,-0.09466222369087797,0.9635255007351918
sin_psi_ASP59,0.7564435063396383,0.20092058653330253
cos_psi_ASP59,0.516490888877202,0.34736335634396626
sin_phi_GLU60,0.8466179127561251,0.16701834648006247
cos_phi_GLU60,-0.3959990544900356,0.3138912719119883
sin_psi_GLU60,0.35169549913055775,0.1377074478722267
cos_psi_GLU60,-0.924159962010872,0.05723023071672153
sin_phi_THR61,-0.030429016410808595,0.15691756782568295
cos_phi_THR61,0.9867986106247788,0.026066337236928236
sin_psi_THR61,-0.5606959400491399,0.7376800192619806
cos_psi_THR61,-0.23388479400191284,0.2945270023762475
sin_phi_THR62,0.477178518355409,0.11886904806260577
cos_phi_THR62,-0.8683053497046993,0.06493558890952349
sin_psi_THR62,0.8611898657054545,0.11117701325474227
cos_psi_THR62,0.4464167282874767,0.21611060046902206
sin_phi_ARG63,0.037211774959798494,0.7553997736794849
cos_phi_ARG63,-0.023850561971984652,0.6537718381996465
sin_psi_ARG63,-0.03445949888692136,0.6548220022416573
cos_psi_ARG63,0.7080787877633242,0.26200213479342205
sin_phi_ARG64,0.004327796852890655,0.22278164200698858
cos_phi_ARG64,0.9744615141332402,0.027827461835799896
sin_psi_ARG64,-0.0012575576895430215,0.8383318482356273
cos_psi_ARG64,-0.057590677904266266,0.5421083329012953
sin_phi_ALA65,0.11461054695504419,0.2424595436461685
cos_phi_ALA65,-0.9612046621219262,0.06452433445321927
sin_psi_ALA65,0.6175020167179534,0.2376212912552685
cos_psi_ALA65,0.7166444087858354,0.22056330757276907
sin_phi_LEU66,-0.3757611486481057,0.5385470941104241
cos_phi_LEU66,0.5189258005131142,0.547253689027034
sin_psi_LEU66,0.6284395504821351,0.5704557092660301
cos_psi_LEU66,0.49419119935357264,0.1881995580151026
sin_phi_ILE67,0.6581760433120608,0.2130392812024702
cos_phi_ILE67,-0.701902494112425,0.16956252367068678
sin_psi_ILE67,0.8542675842835905,0.10405924774252745
cos_psi_ILE67,0.4593414592794421,0.2200090706961203
sin_phi_ASN68,-0.1930344591474918,0.3115098199594688
cos_phi_ASN68,-0.9258784406204924,0.09191541135533185
sin_psi_ASN68,-0.3680639755871679,0.39188362687705475
cos_psi_ASN68,-0.8135384686588127,0.22161067860761594
sin_phi_ASP69,-0.910554009100149,0.04751447432793825
cos_phi_ASP69,0.40275309234404344,0.08014809946777196
sin_psi_ASP69,-0.4409844648021595,0.07826635768318377
cos_psi_ASP69,0.8933370709935884,0.036823316618108046
sin_phi_LEU70,-0.007874250438908435,0.35467646165130073
cos_phi_LEU70,0.9118089782075817,0.2067534546037496
sin_psi_LEU70,0.07464279600563392,0.5597136438688374
cos_psi_LEU70,0.5801922886609773,0.5869633702794977
sin_phi_LEU71,-0.9705198202264207,0.019738730478317684
cos_phi_LEU71,0.22732594959611604,0.07761812743814715
sin_psi_LEU71,0.9607835730490834,0.04983945131691626
cos_psi_LEU71,0.17789958023671262,0.20679142681230045
sin_phi_GLU72,-0.09351107973614006,0.4678094248033075
cos_phi_GLU72,0.7705040832979575,0.4227688229434073
sin_psi_GLU72,0.7251861562199753,0.49226012384930523
cos_psi_GLU72,0.33033981558036946,0.35022937560560474
sin_phi_THR73,-0.6025070284884706,0.1173724622540865
cos_phi_THR73,-0.7832038307237448,0.09899871345657947
sin_psi_THR73,-0.7037216869278096,0.3767159529940705
cos_psi_THR73,-0.5192531087194094,0.30534748597700334
sin_phi_SER74,0.38464100918929484,0.13405639372532968
cos_phi_SER74,0.91078482522381,0.0674624302351624
sin_psi_SER74,0.021184771159406854,0.42923452111840565
cos_psi_SER74,0.8794002915987593,0.204851308238912
sin_phi_ALA75,-0.8336517813569216,0.3869655188151371
cos_phi_ALA75,0.14185048987145443,0.3676422625485152
sin_psi_ALA75,0.4503391344413541,0.3531168212231787
cos_psi_ALA75,0.8091621856549392,0.1332656439821286
sin_phi_SER76,0.16759367813879839,0.5038684163039912
cos_phi_SER76,-0.7438192659187174,0.405908706173392
sin_psi_SER76,-0.9925565497442406,0.010048681056684198
cos_psi_SER76,-0.08907227230225737,0.0824417968978258
sin_phi_PRO77,-0.42948806724484173,0.4113252522384582
cos_phi_PRO77,-0.781556594864845,0.18846969514626938
sin_psi_PRO77,0.3909602682732293,0.4111349319188328
cos_psi_PRO77,0.8045816617706087,0.1754037796920777
sin_phi_GLY78,-0.0805558306471096,0.32388924301906485
cos_phi_GLY78,-0.9384574075111863,0.0889056280146236
sin_psi_GLY78,-0.11460222349121206,0.3321448487014117
cos_psi_GLY78,0.9324156668729903,0.08454084232951074
sin_phi_GLU79,0.13015392207898452,0.49249202035390593
cos_phi_GLU79,0.852055582397482,0.12046929467907298
sin_psi_GLU79,0.2508350495559342,0.3229139130165202
cos_psi_GLU79,0.9060075043135313,0.1093562290050176
sin_phi_SER80,-0.6907494503611815,0.48391102911277867
cos_phi_SER80,0.17262924066680205,0.508816723384305
sin_psi_SER80,0.94676937367404,0.053581430906782516
cos_psi_SER80,-0.27539008338098486,0.1578514659743831
sin_phi_GLU81,0.1511341813974034,0.14663515474311173
cos_phi_GLU81,0.9772639301839484,0.024734618821061448
sin_psi_GLU81,-0.011003752741078692,0.6385922951186161
cos_psi_GLU81,0.5219832352712277,0.5653426395881824
sin_phi_ILE82,0.3345931291387371,0.5722693990919259
cos_phi_ILE82,0.18942305726801303,0.7243438949638173
sin_psi_ILE82,-0.3401838741222708,0.7991276400312729
cos_psi_ILE82,0.0653177622871805,0.4913283389496344
sin_phi_LEU83,0.5114151123494289,0.42079277071457727
cos_phi_LEU83,-0.4549407577031621,0.5953292651595778
sin_psi_LEU83,-0.33816322376079433,0.48886350614893564
cos_psi_LEU83,0.7828307881035119,0.18394038069089358
sin_phi_ARG84,0.7841053549692627,0.1707245825059577
cos_phi_ARG84,0.04817898987684708,0.5947358188062492
sin_psi_ARG84,0.023526174514472812,0.3961195612986652
cos_psi_ARG84,-0.1786043083268213,0.900353437998859
sin_phi_ALA85,-0.5568305989148636,0.08390588256595054
cos_phi_ALA85,0.8243292707146053,0.058144134924083865
sin_psi_ALA85,-0.28213382914914475,0.726571613689629
cos_psi_ALA85,0.17123374730938126,0.6026385288151405
sin_phi_VAL86,-0.055111590614039085,0.7071729501673826
cos_phi_VAL86,0.1690143985584417,0.6843268694209511
sin_psi_VAL86,-0.0862795692620348,0.7065396959031154
cos_psi_VAL86,0.5730991591837984,0.40609709157283347
sin_phi_GLU87,0.0029548433725665865,0.6837106275042516
cos_phi_GLU87,0.01840138324082484,0.7295152060328904
sin_psi_GLU87,-0.058934513989524075,0.5888925812670049
cos_psi_GLU87,0.7832849395235678,0.1902549718274487
sin_phi_VAL88,0.45296077217421843,0.514691989655105
cos_phi_VAL88,-0.6903837294811833,0.23084410480637654
sin_psi_VAL88,-0.8438443639955309,0.36892047504134384
cos_psi_VAL88,0.31424366460906156,0.23038075375628655
sin_phi_THR89,-0.7789226655234001,0.167144996049167
cos_phi_THR89,0.5739835882138343,0.18943302745513235
sin_psi_THR89,0.9352755030514984,0.10148893880475193
cos_psi_THR89,-0.2330437150385676,0.24627292903012038
sin_phi_ILE90,0.7976734384185349,0.2767444966385345
cos_phi_ILE90,0.31517358123871164,0.43335341571401204
sin_psi_ILE90,-0.35558351147480677,0.18888344901261836
cos_psi_ILE90,0.9118245120018199,0.08037081789422447
sin_phi_VAL91,-0.7441184835949309,0.0928117139995648
cos_phi_VAL91,-0.6530722291665021,0.10568978951790607
sin_psi_VAL91,-0.8908336977366001,0.1397585473889736
cos_psi_VAL91,-0.35144349905295164,0.2517346586826646
sin_phi_VAL92,0.915215079734778,0.06100823078826532
cos_phi_VAL92,0.08338565808495295,0.3894947825425764
sin_psi_VAL92,-0.8598489900204732,0.08399661553860034
cos_psi_VAL92,0.07799316734206607,0.49751517442866533
sin_phi_HIS93,-0.944276686374429,0.06485005314717596
cos_phi_HIS93,-0.22704161675553178,0.22932098560221434
sin_psi_HIS93,-0.4965220959273762,0.2114629369506896
cos_psi_HIS93,-0.8309663175791615,0.13507114273967705
sin_phi_ASP94,-0.941405226926175,0.049871056165976695
cos_phi_ASP94,-0.29400387792021265,0.1575779053066885
sin_psi_ASP94,0.957938601057007,0.04539577045630914
cos_psi_ASP94,0.20978276891579403,0.19048372764003937
sin_phi_ASP95,0.3528699076531039,0.1602988129795732
cos_phi_ASP95,-0.9204058779570431,0.05138227955583918
sin_psi_ASP95,0.8272921439216587,0.0573977256850016
cos_psi_ASP95,-0.5524174646742915,0.08442839815205878
sin_phi_ILE96,0.6371429809297012,0.10215144157667357
cos_phi_ILE96,0.7592877406254326,0.0842379473381669
sin_psi_ILE96,0.20625237482785513,0.1815574891599801
cos_psi_ILE96,0.9599782831603675,0.05420822694265999
sin_phi_ILE97,-0.8717669735740011,0.2007301362271956
cos_phi_ILE97,0.372492702328589,0.24693914818793594
sin_psi_ILE97,0.978559312261866,0.029101033067232506
cos_psi_ILE97,-0.003905890028278639,0.20386158608990226
sin_phi_PRO98,0.9735159551965171,0.03367760623543578
cos_phi_PRO98,0.1636332716463337,0.15606619181097797
sin_psi_PRO98,-0.41038860796469356,0.1491262333518575
cos_psi_PRO98,0.8969437147147953,0.06953078176399537
sin_phi_TRP99,-0.7292053333915038,0.2373557152991559
cos_phi_TRP99,-0.5863141373844056,0.26107006429575946
sin_psi_TRP99,-0.4555391076239377,0.38889542286957124
cos_psi_TRP99,0.7637454084350482,0.24070193723911965
sin_phi_ARG100,-0.8161528627268119,0.14163767713922704
cos_phi_ARG100,0.5089844234220875,0.23402591692186345
sin_psi_ARG100,-0.009224299761618822,0.08649977199026815
cos_psi_ARG100,-0.9961938874437541,0.00551727824568288
sin_phi_TYR101,0.9608819749428505,0.04038812381454476
cos_phi_TYR101,-0.2252125859103771,0.15605742799440545
sin_psi_TYR101,0.23526661360042184,0.12467948711954367
cos_psi_TYR101,-0.9633566933471388,0.032380972806019176
sin_phi_PRO102,0.6805489911229975,0.09468945967993306
cos_phi_PRO102,0.7204639798059146,0.09390756470708526
sin_psi_PRO102,0.81765718114549,0.0665535765570027
cos_psi_PRO102,0.5584455621534028,0.12306871933944984
sin_phi_ALA103,-0.8939390679435217,0.05234299079466709
cos_phi_ALA103,0.43285499437889086,0.10377720347064381
sin_psi_ALA103,0.9453407583352019,0.07836926868483471
cos_psi_ALA103,0.0010868767315505624,0.31652476531070967
sin_phi_LYS104,-0.4831266530843844,0.26095117905969695
cos_phi_LYS104,-0.8181756788810272,0.17053350906612227
sin_psi_LYS104,-0.16104137785914108,0.786115745545483
cos_psi_LYS104,-0.22648786353614173,0.5520787596833742
sin_phi_ARG105,0.11006063053600976,0.5143797755972264
cos_phi_ARG105,-0.8474018375451354,0.07218192147408396
sin_psi_ARG105,-0.059237937665925104,0.7656284258429529
cos_psi_ARG105,-0.5682041518952666,0.2957161173343631
sin_phi_GLU106,0.5993266919905599,0.11449345748580068
cos_phi_GLU106,-0.7874893934524325,0.08694377298300114
sin_psi_GLU106,0.8514715681502558,0.11535729074820185
cos_psi_GLU106,-0.47165978274160564,0.19805532925705502
sin_phi_LEU107,-0.9889716627989406,0.012239216665889896
cos_phi_LEU107,0.11218073667188999,0.09592045702485011
sin_psi_LEU107,0.5911468536494938,0.08776058795820432
cos_psi_LEU107,0.7990335063708505,0.06624901748885309
sin_phi_GLN108,0.9546091849952374,0.08509699074075663
cos_phi_GLN108,0.1556173806504235,0.2392969638944407
sin_psi_GLN108,0.4507500657097322,0.12846953298458164
cos_psi_GLN108,0.879707082203166,0.08022098777120357
sin_phi_PHE109,0.12281620357241205,0.07490629781373762
cos_phi_PHE109,0.9895368938669041,0.011043657190390264
sin_psi_PHE109,0.14214604840347006,0.24712080225736086
cos_psi_PHE109,0.9571793574713122,0.050333762483670386
sin_phi_GLY110,0.01567102505690704,0.3360640403371127
cos_phi_GLY110,-0.8913732887963286,0.3037581929535042
sin_psi_GLY110,-0.009399752034836254,0.16270073949536737
cos_psi_GLY110,-0.9864354884131709,0.019625015373577637
sin_phi_GLU111,0.5465934738769568,0.45674981538231063
cos_phi_GLU111,0.6677049053845727,0.21629919044861082
sin_psi_GLU111,0.2576821753643621,0.6143086674797099
cos_psi_GLU111,0.6354396063142551,0.39043727317711074
sin_phi_TRP112,0.5294070641241553,0.18058429147739652
cos_phi_TRP112,-0.8215989869794712,0.10996626174129909
sin_psi_TRP112,0.3599012312152917,0.1774319935693724
cos_psi_TRP112,-0.9119537808858139,0.08561128988506299
sin_phi_GLN113,-0.04699347354795767,0.2554914363446232
cos_phi_GLN113,0.9639733176861354,0.05719424960294408
sin_psi_GLN113,-0.22903342207620808,0.8956433654837442
cos_psi_GLN113,-0.16318492947305557,0.3445828379793275
sin_phi_ARG114,0.12132682856370089,0.5356782436443401
cos_phi_ARG114,-0.8136882923102035,0.19036801967267036
sin_psi_ARG114,0.562583614828846,0.11356110428957006
cos_psi_ARG114,0.8149897187192376,0.07997068400720382
sin_phi_ASN115,-0.013252699766955341,0.5275158743821025
cos_phi_ASN115,-0.7468070343641062,0.40475995558857036
sin_psi_ASN115,0.47542739581224946,0.39882817563628653
cos_psi_ASN115,0.6155096488860509,0.48585260085542875
sin_phi_ASP116,0.038314922767449085,0.626918839432511
cos_phi_ASP116,-0.5819515843534409,0.5165627637823287
sin_psi_ASP116,0.0065291558459728595,0.0881001751621182
cos_psi_ASP116,-0.9960743739186309,0.005618797286842046
sin_phi_ILE117,-0.02604535631290155,0.4693107801526681
cos_phi_ILE117,0.877287190478154,0.09714018977732879
sin_psi_ILE117,-0.11827232736734207,0.7989118532320961
cos_psi_ILE117,-0.12825469968157013,0.5755886025226354
sin_phi_LEU118,0.9272843462015719,0.24766818594450143
cos_phi_LEU118,0.06984980999061781,0.2718919178731834
sin_psi_LEU118,0.7485750038928995,0.14382480243102194
cos_psi_LEU118,0.627465736656347,0.15886043898570423
sin_phi_ALA119,0.6890093842062052,0.181630372950539
cos_phi_ALA119,0.15263987595987602,0.6848193516282873
sin_psi_ALA119,-0.9279048066634674,0.09463072312293505
cos_psi_ALA119,0.10835911106046826,0.34394185418795525
sin_phi_GLY120,0.331021925265779,0.3308840307673662
cos_phi_GLY120,-0.8598618268763546,0.20390655177638553
sin_psi_GLY120,0.980230812834789,0.031661040666700516
cos_psi_GLY120,-0.10135904632131916,0.16694752409659458
sin_phi_ILE121,-0.14661726394761887,0.22456069817298627
cos_phi_ILE121,0.9569947909423048,0.11062025518805094
sin_psi_ILE121,0.8400792775383867,0.09812005542113579
cos_psi_ILE121,-0.4557422828336843,0.27737742123734166
sin_phi_PHE122,-0.6148230039566325,0.1517933353518682
cos_phi_PHE122,-0.7479091622397309,0.1989556286873076
sin_psi_PHE122,0.39808103856733584,0.20309776695831253
cos_psi_PHE122,-0.8868461828443879,0.11741648846749173
sin_phi_GLU123,0.3462605721011542,0.3623309638504922
cos_phi_GLU123,-0.8542302935515745,0.13824071188382017
sin_psi_GLU123,0.8248347571411069,0.0800166908513114
cos_psi_GLU123,0.5413986259959467,0.1418889719706145
sin_phi_PRO124,0.01629972948697922,0.4920723335147568
cos_phi_PRO124,-0.036087736653427675,0.8696532715233273
sin_psi_PRO124,0.013015338270445856,0.9050152969022193
cos_psi_PRO124,-0.37268900576691794,0.20464803522917094
sin_phi_ALA125,-0.3443518051826218,0.455453529404545
cos_phi_ALA125,0.8083037185703563,0.1436280451922506
sin_psi_ALA125,-0.03855926848742446,0.7848756875919745
cos_psi_ALA125,-0.15912206358198694,0.5976315810950339
sin_phi_THR126,0.8724860920827168,0.1474571685556758
cos_phi_THR126,0.09784255912944285,0.45546815057342194
sin_psi_THR126,-0.5938797030901191,0.33449627246007374
cos_psi_THR126,0.04531070842488227,0.7303191642494009
sin_phi_ILE127,0.26440848389671573,0.20884489119216298
cos_phi_ILE127,-0.9390027172265093,0.0688902177932839
sin_psi_ILE127,-0.018300416008514772,0.08883631480852124
cos_psi_ILE127,-0.99586188812403,0.0056836367933365195
sin_phi_ASP128,0.9899011715347078,0.014660377346083314
cos_phi_ASP128,-0.0012801304217500207,0.14099328067814654
sin_psi_ASP128,0.6282971930586322,0.24126458630785821
cos_psi_ASP128,0.7205002233819445,0.16707323153309142
sin_phi_ILE129,0.8950963115464724,0.10397658019186912
cos_phi_ILE129,0.09118966755707367,0.42388195097023723
sin_psi_ILE129,-0.6420031220161988,0.25730511499320474
cos_psi_ILE129,-0.027907968701215466,0.7216974535099588
sin_phi_ASP130,0.5159431153988403,0.4638705840162432
cos_phi_ASP130,0.1266301106781699,0.7089369492603718
sin_psi_ASP130,-0.7218916185461621,0.21845753270950136
cos_psi_ASP130,0.1264339143225423,0.6443316403719125
sin_phi_LEU131,0.8007126269771778,0.26904594957206013
cos_phi_LEU131,0.4264280699439356,0.32346973147740604
sin_psi_LEU131,0.9933877804288855,0.00997775322524827
cos_psi_LEU131,0.018492112283286156,0.11286808192952816
sin_phi_ALA132,-0.881573193604829,0.07804600425198875
cos_phi_ALA132,-0.4402854750299529,0.15128194213233087
sin_psi_ALA132,-0.6140248049135213,0.5104648892745478
cos_psi_ALA132,-0.11104711841945668,0.591665169888824
sin_phi_ILE133,0.2153317563548462,0.7784302967856026
cos_phi_ILE133,-0.5218501604231833,0.27450121642301256
sin_psi_ILE133,-0.4508378366178231,0.3119914301114859
cos_psi_ILE133,-0.8053327678303378,0.225489968001856
sin_phi_LEU134,0.5437433841883774,0.18219229380949387
cos_phi_LEU134,-0.810574884006132,0.11881690808235729
sin_psi_LEU134,-0.9488063730950058,0.10532804233094492
cos_psi_LEU134,0.1790933574675548,0.23790342406957932
sin_phi_LEU135,-0.752938719811167,0.15745241863558398
cos_phi_LEU135,-0.24098973689297518,0.5917904754110026
sin_psi_LEU135,-0.638538970524827,0.37233013477751226
cos_psi_LEU135,0.37089221343025947,0.562207452702698
sin_phi_THR136,0.047182164509850265,0.39029090581711245
cos_phi_THR136,-0.8357726301953653,0.3833157481828062
sin_psi_THR136,0.5508354803673862,0.6224941567287228
cos_psi_THR136,0.5216754649626698,0.19218742847285739
sin_phi_LYS137,-0.08339473672195949,0.3497001173015863
cos_phi_LYS137,0.9022769263952287,0.23801574305308248
sin_psi_LYS137,0.7562944797631339,0.17189639489343878
cos_psi_LYS137,0.5378993643045263,0.33035520759212494
sin_phi_ALA138,-0.5522435932520255,0.2669489070551429
cos_phi_ALA138,-0.7614223095116001,0.20976501450951487
sin_psi_ALA138,-0.30274524014474086,0.4602646085299503
cos_psi_ALA138,-0.7892712052189557,0.27120614726936426
sin_phi_ARG139,-0.5042495746370729,0.23529395086084254
cos_phi_ARG139,-0.813188129824448,0.17057018695904408
sin_psi_ARG139,-0.8649502925208684,0.1380154658603097
cos_psi_ARG139,0.3924774802274062,0.2806673300649219
sin_phi_GLU140,0.7127945653811237,0.39819874408279143
cos_phi_GLU140,-0.39655291817972904,0.41965158269350483
sin_psi_GLU140,-0.5381542245238732,0.24697011443945838
cos_psi_GLU140,0.7820034205017362,0.1945930202357079
sin_phi_HIS141,0.9271279282785438,0.10111313629887676
cos_phi_HIS141,0.19870077076262085,0.30121079325296457
sin_psi_HIS141,0.9295844425690706,0.036276315576004366
cos_psi_HIS141,0.35676613630256315,0.08529195184495036
sin_phi_SER142,-0.8054166813959378,0.15365132343104979
cos_phi_SER142,0.5325583789582684,0.20994478592806906
sin_psi_SER142,-0.4137385865968451,0.30664243284756354
cos_psi_SER142,0.838800226260276,0.176649315775302
sin_phi_VAL143,-0.8375328459767035,0.17800284700757893
cos_phi_VAL143,0.42457503641138056,0.2942613750114594
sin_psi_VAL143,-0.7801049669313095,0.14050877367058962
cos_psi_VAL143,0.5643859788521034,0.2305688443086807
sin_phi_ALA144,-0.048044660875934724,0.6822693456247789
cos_phi_ALA144,-0.5011347048006323,0.5301549379440273
sin_psi_ALA144,-0.02859041720949757,0.7413420672871646
cos_psi_ALA144,0.61578612103629,0.2653337152592177
sin_phi_LEU145,0.44808152001398577,0.43377865585307485
cos_phi_LEU145,-0.6959198688568973,0.35602607387444885
sin_psi_LEU145,0.23326598324464762,0.16805228787113688
cos_psi_LEU145,-0.9558204179636189,0.061259596848472146
sin_phi_VAL146,0.42187169598515833,0.2884979091073005
cos_phi_VAL146,-0.8452005676331508,0.1562985253926661
sin_psi_VAL146,0.02214813874869611,0.25726901746725617
cos_psi_VAL146,0.9623838407729867,0.08449529939846291
sin_phi_GLY147,-0.6917228526233467,0.1563150015578537
cos_phi_GLY147,0.6877370252262924,0.1552510855983881
sin_psi_GLY147,0.3864869441081618,0.6232263211804501
cos_psi_GLY147,-0.44125408076057887,0.5172152654687927
sin_phi_PRO148,-0.3517143386037354,0.47830784141270577
cos_phi_PRO148,0.8027330920841813,0.056019779869473485
sin_psi_PRO148,0.5676490208815971,0.5668504674802629
cos_psi_PRO148,0.10105731685084567,0.5884237888804967
sin_phi_ALA149,0.50165546246278,0.4018425528165305
cos_phi_ALA149,-0.3422877690098858,0.6853491394270392
sin_psi_ALA149,0.23382998335335847,0.6349594623146896
cos_psi_ALA149,0.6337529286939353,0.37484296108352944
sin_phi_ALA150,-0.575288855371023,0.1953621453448909
cos_phi_ALA150,0.780522162194606,0.1471785289204819
sin_psi_ALA150,-0.5745004412526233,0.15252334767795836
cos_psi_ALA150,0.796784968031616,0.10871792001554481
sin_phi_GLU151,-0.9163302133532987,0.043424805295659966
cos_phi_GLU151,-0.3847979811427041,0.1019006383170943
sin_psi_GLU151,0.8992456444181401,0.08887609561515461
cos_psi_GLU151,0.3627807690952199,0.2277024905394985
sin_phi_GLU152,0.012175118377716627,0.6699145925314792
cos_phi_GLU152,-0.01288356376906056,0.7422265280832255
sin_psi_GLU152,-0.09678355041838388,0.5907374259974333
cos_psi_GLU152,0.7427192405492345,0.300050608418492
sin_phi_LEU153,-0.5568415035730704,0.4910253995421516
cos_phi_LEU153,-0.4787759046541382,0.468609891088061
sin_psi_LEU153,0.535318004675118,0.17885242089104636
cos_psi_LEU153,0.8119932189917279,0.1487059438069447
sin_phi_PHE154,-0.07128042405443039,0.20569447009218245
cos_phi_PHE154,-0.9753790793448821,0.03527800584566884
sin_psi_PHE154,0.09412540703643572,0.11656953448549204
cos_psi_PHE154,-0.9886035385799927,0.01466270395178654
sin_phi_ASP155,-0.019557713629694325,0.36815496700639594
cos_phi_ASP155,0.15383709495945644,0.9167407290616761
sin_psi_ASP155,0.05505976476415022,0.3463087052448813
cos_psi_ASP155,0.935486665638088,0.04362798859748766
sin_phi_PRO156,0.3524559027146832,0.46910387346121485
cos_phi_PRO156,0.5734757412609909,0.5717009416910377
sin_psi_PRO156,0.7818386858635634,0.19355024944108232
cos_psi_PRO156,-0.517028715055728,0.289737602040629
sin_phi_VAL157,0.5410706111623463,0.6149552209439675
cos_phi_VAL157,-0.4641539946565994,0.3370960385624289
sin_psi_VAL157,0.6596537266616543,0.31878225157927953
cos_psi_VAL157,0.40261980653093515,0.548755071382879
sin_phi_PRO158,-0.010716956203152725,0.3010813903426616
cos_phi_PRO158,-0.9524551430293546,0.045435049862424214
sin_psi_PRO158,0.03442560722471414,0.3440415346321526
cos_psi_PRO158,0.9371906833806433,0.046086039097388586
sin_phi_GLU159,0.14463627389213532,0.3407872146849062
cos_phi_GLU159,-0.9251526965742386,0.08388629568241525
sin_psi_GLU159,0.9123143894698464,0.07411001662338078
cos_psi_GLU159,0.34560169752638137,0.2067598289543377
sin_phi_GLN160,0.0020100753518749242,0.2823894812893126
cos_phi_GLN160,-0.9578216107971262,0.05319682644886764
sin_psi_GLN160,0.5769550978475013,0.33635749353902067
cos_psi_GLN160,0.6985254219162798,0.2569993901638894
sin_phi_ASP161,0.8110840694943989,0.14022780949378097
cos_phi_ASP161,0.12536973452068392,0.5538602922427226
sin_psi_ASP161,-0.729564033005474,0.12792860432211736
cos_psi_ASP161,0.12146619634913963,0.6607696702221245
sin_phi_LEU162,-0.9703123232190517,0.055721238997899276
cos_phi_LEU162,0.15275101795181442,0.17904263583981814
sin_psi_LEU162,0.7001834178428064,0.34374158231659735
cos_psi_LEU162,0.4769225324382002,0.4051293670140218
sin_phi_PHE163,-0.12236927350828007,0.2733164336394668
cos_phi_PHE163,-0.946085498497625,0.12347516971504409
sin_psi_PHE163,-0.2768710866327923,0.2834128181546493
cos_psi_PHE163,-0.9006942950690416,0.1782396216403599
sin_phi_GLU164,0.46225066511135593,0.4472658644069435
cos_phi_GLU164,-0.749170649218672,0.1581799844787326
sin_psi_GLU164,-0.0868635775865671,0.3816463887293636
cos_psi_GLU164,0.9017788499898222,0.18329118519375603
sin_phi_ALA165,0.7415298560287769,0.25081728629971306
cos_phi_ALA165,-0.5692121845864944,0.25143915850451737
sin_psi_ALA165,0.3276843983769196,0.21510284580348968
cos_psi_ALA165,0.9116332979302953,0.12360595006847248
sin_phi_LEU166,0.925250995065239,0.13222243933421216
cos_phi_LEU166,0.10924303230863613,0.3383692990791419
sin_psi_LEU166,-0.8977054896239965,0.27158975985457956
cos_psi_LEU166,0.03225987467927184,0.3454318409277728
sin_phi_ASN167,0.5948391257181552,0.3542088459895327
cos_phi_ASN167,0.06910233476832912,0.7182808470697171
sin_psi_ASN167,-0.620464973160653,0.5344095350864687
cos_psi_ASN167,0.042576727275200656,0.572378273682665
sin_phi_GLU168,-0.5766935638840203,0.7197294630293914
cos_phi_GLU168,-0.22740445658350897,0.3125719861857907
sin_psi_GLU168,0.07675102702182253,0.310663679714551
cos_psi_GLU168,0.9452310734002776,0.06430844295945481
sin_phi_THR169,0.8812641656897554,0.2455196563514877
cos_phi_THR169,0.012877162230072256,0.40364309396927267
sin_psi_THR169,0.3461063520900476,0.13829810902895442
cos_psi_THR169,0.9267677557766871,0.04674989769591245
sin_phi_LEU170,-0.7368825342233942,0.09278121116990601
cos_phi_LEU170,0.6623594916374562,0.09836504179902643
sin_psi_LEU170,-0.17440862209814995,0.08131759060076844
cos_psi_LEU170,0.9811860709390454,0.015587693604544003
sin_phi_THR171,-0.0780714734154557,0.08888631004937758
cos_phi_THR171,0.9929461203114035,0.007878520360931339
sin_psi_THR171,0.7296931771616679,0.21574016066047727
cos_psi_THR171,-0.6234199514260077,0.1798655454663184
sin_phi_LEU172,0.22269600211412163,0.09785164144448341
cos_phi_LEU172,0.9695328278357574,0.028942056903528232
sin_psi_LEU172,0.8483497995310368,0.09434076722254284
cos_psi_LEU172,-0.3485061722644478,0.3872284663723661
sin_phi_TRP173,-0.375286010245617,0.6575987761221559
cos_phi_TRP173,0.23474904695364618,0.6096040888239878
sin_psi_TRP173,-0.22576792179904812,0.7265144224275678
cos_psi_TRP173,0.11017693176579375,0.6395832105347607
sin_phi_ASN174,0.21204110095445958,0.15372040321202082
cos_phi_ASN174,0.9642322443292013,0.040801815379047604
sin_psi_ASN174,-0.3856163396814784,0.2800478602647926
cos_psi_ASN174,0.8763480027691335,0.0699100320005691
sin_phi_SER175,-0.0650921194183609,0.7707815939172123
cos_phi_SER175,0.5819839819688062,0.2509051518000369
sin_psi_SER175,-0.7727207497211556,0.22087528720811864
cos_psi_SER175,-0.5329590133183341,0.26471010667115497
sin_phi_PRO176,-0.21093858264811127,0.8265144358960664
cos_phi_PRO176,0.2568714775477926,0.45430809549052376
sin_psi_PRO176,0.2767097945601907,0.624382008111369
cos_psi_PRO176,-0.5810956709308644,0.4426133965061155
sin_phi_PRO177,-0.12628902193299865,0.08242497689350191
cos_phi_PRO177,0.9885047012315384,0.010754616053544488
sin_psi_PRO177,0.602515532436785,0.1668020296421852
cos_psi_PRO177,-0.7683776219133925,0.13692313983540036
sin_phi_ASP178,0.2507081848794819,0.4233212197548047
cos_phi_ASP178,0.5401566597123421,0.6827703376012647
sin_psi_ASP178,0.3582006265552572,0.7469048442526875
cos_psi_ASP178,0.5507723693958556,0.10234872679894512
sin_phi_TRP179,-0.28773396415141356,0.30996161465237065
cos_phi_TRP179,-0.8954929932120894,0.13865519256003744
sin_psi_TRP179,-0.6357775179030001,0.2480609132701242
cos_psi_TRP179,0.6941104952942302,0.2290487968950957
sin_phi_ALA180,0.8972198592237884,0.11614050959164594
cos_phi_ALA180,0.10207091103898921,0.41362958715003556
sin_psi_ALA180,-0.6255573612684422,0.3116182790020796
cos_psi_ALA180,-0.07763136123896854,0.7110171641436164
sin_phi_GLY181,0.8933143619647532,0.2234546206886162
cos_phi_GLY181,0.06614935908378958,0.38429382702980863
sin_psi_GLY181,-0.0028083852008897433,0.6988176362559386
cos_psi_GLY181,-0.0532264181572254,0.7133112733164803
sin_phi_ASP182,-0.01778743407613644,0.2298077075583778
cos_phi_ASP182,0.972735378755528,0.02564971058491249
sin_psi_ASP182,-0.005590417772170211,0.7570841361257649
cos_psi_ASP182,0.13640410369510686,0.6388945754590281
sin_phi_GLU183,0.9120413615272281,0.08543606328100413
cos_phi_GLU183,-0.32908394329144885,0.22931417797937087
sin_psi_GLU183,0.43356664532263417,0.2072525709529088
cos_psi_GLU183,-0.8666455147112951,0.13413384258970984
sin_phi_ARG184,-0.8438590500664304,0.25011529505649344
cos_phi_ARG184,0.44397641161166923,0.1680154419457053
sin_psi_ARG184,0.7436258734312933,0.22089465971913577
cos_psi_ARG184,-0.5712363044140869,0.26817008444353035
sin_phi_ASN185,0.7654133104119327,0.21232775628927453
cos_phi_ASN185,0.0340547025964401,0.6065473315286093
sin_psi_ASN185,-0.7114615240314587,0.14342455029718204
cos_psi_ASN185,0.10777525346307043,0.679438292220755
sin_phi_VAL186,-0.5373128550370022,0.10422273350427472
cos_phi_VAL186,0.8337405737094764,0.07286407471089962
sin_psi_VAL186,0.8465801715719248,0.07264998158280672
cos_psi_VAL186,-0.513385824683265,0.12024553335385213
sin_phi_VAL187,-0.6087034919226105,0.0921287552181085
cos_phi_VAL187,-0.7760247735083711,0.1370324862376204
sin_psi_VAL187,0.25606165687747523,0.07602035118479844
cos_psi_VAL187,0.9507847764526085,0.15704025900661722
sin_phi_LEU188,-0.3490914213051333,0.32258362903461824
cos_phi_LEU188,-0.8644835418491462,0.16353344527029645
sin_psi_LEU188,0.9051311351106006,0.3446498056921009
cos_psi_LEU188,0.18415012016311602,0.16746006369789432
sin_phi_THR189,0.503729645039138,0.1057742652657358
cos_phi_THR189,-0.8550692360126089,0.0626486323956969
sin_psi_THR189,0.046928927976628065,0.10339581216561608
cos_psi_THR189,-0.9934889296227823,0.00931281174272812
sin_phi_LEU190,-0.16568058193108046,0.6325357433603744
cos_phi_LEU190,-0.6807335780486089,0.3302276091723034
sin_psi_LEU190,-0.5685923853101414,0.10061118218750673
cos_psi_LEU190,0.8131873431410879,0.07284527672604792
sin_phi_SER191,-0.8595967276953195,0.13523037608903396
cos_phi_SER191,-0.42755702879019986,0.24495142018452018
sin_psi_SER191,0.5178038689580087,0.1145986138088219
cos_psi_SER191,0.8446424434505597,0.07297570641714804
sin_phi_ARG192,0.5341350340209212,0.2322996661957066
cos_phi_ARG192,0.8006170471617797,0.14053104393971136
sin_psi_ARG192,-0.47120172332891175,0.4908102881161572
cos_psi_ARG192,0.6952543544615407,0.23172306664090378
sin_phi_ILE193,-0.13581381125528214,0.8125382425545513
cos_phi_ILE193,-0.05994006762954208,0.5636873258742313
sin_psi_ILE193,0.8166626884045812,0.12388951862260317
cos_psi_ILE193,0.42413446875585803,0.3712457312299328
sin_phi_TRP194,-0.03551359444868013,0.6025534454972749
cos_phi_TRP194,0.1771709598994926,0.7773535752133579
sin_psi_TRP194,-0.002507572363223887,0.6738706864941213
cos_psi_TRP194,0.4742016699458878,0.5665904924946378
sin_phi_TYR195,-0.043302679370496346,0.5016897093653003
cos_phi_TYR195,-0.7020098901240566,0.5036014571506982
sin_psi_TYR195,0.9023539333788322,0.147816385979808
cos_psi_TYR195,-0.21091734028405643,0.3455742619454144
sin_phi_SER196,-0.010222058464290732,0.6992844170066524
cos_phi_SER196,0.6539019115555569,0.2886331646162783
sin_psi_SER196,-0.11848483846589596,0.6726841980725073
cos_psi_SER196,-0.19567874798517876,0.7036811353903208
sin_phi_ALA197,-0.8160822985769253,0.11208802391911434
cos_phi_ALA197,-0.5223893372515911,0.2203527562095686
sin_psi_ALA197,-0.9018658094859401,0.11109915622958684
cos_psi_ALA197,-0.0449141558501294,0.4150635587107284
sin_phi_VAL198,0.8303140182168458,0.17694243354593225
cos_phi_VAL198,-0.2878766185764331,0.4431670777939601
sin_psi_VAL198,-0.21217208727116324,0.20089100752774136
cos_psi_VAL198,0.9549190744876068,0.052491615113453925
sin_phi_THR199,-0.896711270437731,0.07511066449659042
cos_phi_THR199,0.17686822963312918,0.3987291247141019
sin_psi_THR199,0.8799658744725136,0.0621016601431748
cos_psi_THR199,-0.04615147961451799,0.46869338004784816
sin_phi_GLY200,-0.10667234450599804,0.5808704934663734
cos_phi_GLY200,-0.7790227801894243,0.2105563788719433
sin_psi_GLY200,-0.7744851886317404,0.32482119911730556
cos_psi_GLY200,-0.42200231475903077,0.3414351000293803
sin_phi_GLN201,0.9433745943171047,0.07055453152231167
cos_phi_GLN201,0.23620501505094899,0.22197662882269018
sin_psi_GLN201,-0.15634034581952364,0.5446332668524787
cos_psi_GLN201,0.706995892867951,0.4231892110799582
sin_phi_ILE202,-0.02066991692740725,0.47594361187160933
cos_phi_ILE202,-0.8234535336859709,0.3081796727769511
sin_psi_ILE202,-0.098819871902411,0.5997128610572171
cos_psi_ILE202,-0.7004402760491187,0.37411567313865957
sin_phi_ALA203,0.01057879417175092,0.6773128167384647
cos_phi_ALA203,0.7078746726879059,0.20012217558948514
sin_psi_ALA203,0.0009166581521028421,0.6557043350576806
cos_psi_ALA203,0.00046426178192513927,0.7550170654928238
sin_phi_PRO204,-0.7121321694570578,0.20713477448834725
cos_phi_PRO204,-0.6451471751087758,0.1837065074275064
sin_psi_PRO204,0.9095788933319329,0.05433253340464643
cos_psi_PRO204,0.39675568117354704,0.11090149717386164
sin_phi_LYS205,-0.021511854901838667,0.15260662412971626
cos_phi_LYS205,-0.9878779115756983,0.0185927456619661
sin_psi_LYS205,0.6295284779775148,0.23481530579501012
cos_psi_LYS205,0.7069634742668597,0.2208128475253211
sin_phi_ASP206,0.11477851192329809,0.84877574608079
cos_phi_ASP206,0.19322537335498854,0.478612140629024
sin_psi_ASP206,-0.13467920219166202,0.6429452462620971
cos_psi_ASP206,-0.2506934419360867,0.7110806712154583
sin_phi_VAL207,-0.9558633051602352,0.036480803155570396
cos_phi_VAL207,-0.19739604526113227,0.2145443873992988
sin_psi_VAL207,0.695981768481767,0.1366847181207287
cos_psi_VAL207,0.6504917961255537,0.2716377899825428
sin_phi_ALA208,0.28695069312412796,0.1959913417928531
cos_phi_ALA208,-0.9337419353448537,0.08586438048612847
sin_psi_ALA208,0.8868705580317091,0.058268085642866965
cos_psi_ALA208,0.4356204402406221,0.14247903542839913
sin_phi_ALA209,0.8838874040211809,0.24917703837994318
cos_phi_ALA209,-0.15288811604844096,0.3650740808768222
sin_psi_ALA209,-0.3307749004316124,0.14211318839623513
cos_psi_ALA209,0.9326348927314022,0.02416534270808054
sin_phi_ASP210,0.912510040889311,0.02631778080464455
cos_phi_ASP210,0.4026776314076312,0.06695912823242761
sin_psi_ASP210,0.9231157563796505,0.11444741197073907
cos_psi_ASP210,0.32212647304832887,0.17605006554463373
sin_phi_TRP211,-0.9692571526752399,0.035181739436381435
cos_phi_TRP211,0.2106886296404968,0.12211927996154723
sin_psi_TRP211,-0.479263129478955,0.1457564297577321
cos_psi_TRP211,0.8618629046312175,0.07908381330562306
sin_phi_ALA212,0.8882018009195055,0.2112005058048828
cos_phi_ALA212,0.09903851860056898,0.39583238753860644
sin_psi_ALA212,0.06341816013211884,0.4398839525510388
cos_psi_ALA212,0.8717481041032368,0.20624133495966476
sin_phi_MET213,-0.38788249490768384,0.11657562391624154
cos_phi_MET213,0.9129914820224697,0.049029050644938635
sin_psi_MET213,0.5643265016994848,0.06512780213716687
cos_psi_MET213,0.8219794718433878,0.04054277662504653
sin_phi_GLU214,0.3804483482558224,0.5830283483214507
cos_phi_GLU214,-0.3161237184343184,0.6445174892943073
sin_psi_GLU214,-0.6265011062614869,0.6179091501876157
cos_psi_GLU214,-0.38630023330887486,0.2765081838084733
sin_phi_ARG215,-0.005655067614673423,0.9441271121560324
cos_phi_ARG215,-0.26162286235442594,0.200363405330567
sin_psi_ARG215,0.014025944880920627,0.37787936784566367
cos_psi_ARG215,0.9239263308485991,0.05805679453262932
sin_phi_LEU216,-0.7605777910224589,0.17694453294140397
cos_phi_LEU216,0.4020183981987672,0.47811427878201107
sin_psi_LEU216,0.7031507591632835,0.300136403574952
cos_psi_LEU216,-0.32257757129648673,0.5580688663898495
sin_phi_PRO217,-0.6496414577777001,0.3721311822657714
cos_phi_PRO217,0.47639718129926173,0.4610098536604855
sin_psi_PRO217,-0.38013672374251833,0.4647129676137704
cos_psi_PRO217,0.7376477503459885,0.30889112224764453
sin_phi_ALA218,0.9195223650433227,0.04300771668434788
cos_phi_ALA218,0.15979733212978428,0.3565021306176677
sin_psi_ALA218,-0.3702022930917856,0.7496317372025129
cos_psi_ALA218,0.04849270103743628,0.5464896876560619
sin_phi_GLN219,0.8626782673484189,0.10991710837653586
cos_phi_GLN219,-0.3930709806891345,0.29866308856461116
sin_psi_GLN219,0.7274114920761662,0.19922296354402755
cos_psi_GLN219,-0.588204933716523,0.29188642987265
sin_phi_TYR220,0.3189549087067608,0.43799914698944703
cos_phi_TYR220,-0.8338420359829135,0.10550816307873068
sin_psi_TYR220,-0.13528078864350787,0.47002999705776805
cos_psi_TYR220,0.8424135091422313,0.22607607061459858
sin_phi_GLN221,-0.005539981011865237,0.2857594307055634
cos_phi_GLN221,0.9546566158117265,0.08331627848219202
sin_psi_GLN221,0.004607594531261941,0.588364119294531
cos_psi_GLN221,-0.030499376022384495,0.8080075626265211
sin_phi_PRO222,-0.4998093931249234,0.23659661756254888
cos_phi_PRO222,-0.8187593644167923,0.15442057596663375
sin_psi_PRO222,0.8424397539800457,0.152624764694379
cos_psi_PRO222,-0.3752392092737246,0.35524143612430037
sin_phi_VAL223,-0.9507759801435121,0.023440623523607713
cos_phi_VAL223,0.28413229684357216,0.12142656480920788
sin_psi_VAL223,0.43306136658804495,0.3236249456486527
cos_psi_VAL223,0.43064804548248486,0.7226804330026635
sin_phi_ILE224,-0.44896513650414976,0.5401826874494983
cos_phi_ILE224,-0.2707793428868479,0.6582640183462973
sin_psi_ILE224,0.201853468793923,0.4860479941073963
cos_psi_ILE224,0.8218267106639991,0.21820490874228446
sin_phi_LEU225,0.8238673274187566,0.15789493570399243
cos_phi_LEU225,0.042876544373297625,0.5426540500480137
sin_psi_LEU225,-0.5521004918867626,0.2430589607459088
cos_psi_LEU225,0.09996716141025307,0.791273628461792
sin_phi_GLU226,0.08827912496991802,0.19648254297579193
cos_phi_GLU226,-0.9755694617745849,0.043192958374697984
sin_psi_GLU226,-0.6407131813771866,0.5566290543251361
cos_psi_GLU226,0.44037962890109056,0.2927737992709848
sin_phi_ALA227,-0.650176682244461,0.162922123263315
cos_phi_ALA227,0.6712423271420671,0.3164812820213236
sin_psi_ALA227,0.9646723999307943,0.07478052316671213
cos_psi_ALA227,0.038231975098007596,0.24970652824221423
sin_phi_ARG228,-0.2942529676214173,0.25448299588177375
cos_phi_ARG228,-0.9134174313538457,0.11967536067198155
sin_psi_ARG228,-0.7770937789442364,0.07734091818908444
cos_psi_ARG228,-0.6175687668396884,0.093554579385203
sin_phi_GLN229,-0.6362170749787311,0.21138413430796862
cos_phi_GLN229,0.7129184253018472,0.20564994562000904
sin_psi_GLN229,-0.5409156857339446,0.1576510757201221
cos_psi_GLN229,-0.8196615903513799,0.10349510400937759
sin_phi_ALA230,-0.053909582842726886,0.7094832081607425
cos_phi_ALA230,0.07803567416795446,0.6983106527705393
sin_psi_ALA230,0.2224129646127361,0.5582020547033065
cos_psi_ALA230,0.0966551293671749,0.7934738340135705
sin_phi_TYR231,0.44596227387334947,0.23479791136985664
cos_phi_TYR231,0.8483492080973717,0.1621456512479659
sin_psi_TYR231,0.6277959853521424,0.3572334669499819
cos_psi_TYR231,0.5312052171708049,0.4428063551002252
sin_phi_LEU232,0.10096323403771162,0.7042223150455351
cos_phi_LEU232,-0.09915846746690256,0.6957333934016454
sin_psi_LEU232,-0.10334291522619209,0.5049063690516568
cos_psi_LEU232,0.8338472781878818,0.197708161243499
sin_phi_GLY233,0.8970048969010654,0.1488547344519852
cos_phi_GLY233,-0.1365780604986757,0.39315507927172727
sin_psi_GLY233,-0.9832895411475324,0.024793740502810475
cos_psi_GLY233,0.04847761660565226,0.17371490836997794
sin_phi_GLN234,0.37748794427556326,0.09098504030746858
cos_phi_GLN234,0.9200469328792436,0.0523279625664363
sin_psi_GLN234,0.9231823816657369,0.1583265866173572
cos_psi_GLN234,0.24278116032687275,0.25243670561630194
sin_phi_GLU235,0.7283462341380247,0.16077876518845646
cos_phi_GLU235,0.08220795233823533,0.6609869926509805
sin_psi_GLU235,-0.9686099416236126,0.036498702076236296
cos_psi_GLU235,0.056089179894124236,0.2394089171970341
sin_phi_GLU236,-0.7104018141590307,0.18860250222543987
cos_phi_GLU236,-0.5908787690268104,0.3325968113305092
sin_psi_GLU236,-0.03224500907558277,0.2015486443140491
cos_psi_GLU236,0.974539971175129,0.09279142173101534
sin_phi_ASP237,-0.5553886709826577,0.6406754454786144
cos_phi_ASP237,0.2959372319182239,0.4398858402693538
sin_psi_ASP237,0.3945096421289657,0.5589059479256502
cos_psi_ASP237,0.7050911346527743,0.18663540788036212
sin_phi_ARG238,-0.04187685500958447,0.513285695883156
cos_phi_ARG238,0.7383883377670306,0.4353926803081237
sin_psi_ARG238,0.6714236013938799,0.1484970971916217
cos_psi_ARG238,-0.7133761505836369,0.1350312089681741
sin_phi_LEU239,-0.014224170313979897,0.5980264482040892
cos_phi_LEU239,-0.7525579488152347,0.27535172761812715
sin_psi_LEU239,-0.10822061610332243,0.5012951341144809
cos_psi_LEU239,0.8504226699814894,0.11735744179606546
sin_phi_ALA240,0.20379971133242392,0.30722527033129077
cos_phi_ALA240,-0.9252709292133251,0.08917409087507389
sin_psi_ALA240,-0.9117951273597105,0.17254640924818798
cos_psi_ALA240,-0.20568135267785387,0.31072908383229
sin_phi_SER241,-0.7109005042921819,0.48682126789284813
cos_phi_SER241,0.2708053672492652,0.4292900874622101
sin_psi_SER241,0.471733257533369,0.42456026663861096
cos_psi_SER241,0.7208509642041891,0.27855017705002216
sin_phi_ARG242,-0.43019933767955276,0.3158595919601619
cos_phi_ARG242,-0.3816865006049853,0.7546367757290622
sin_psi_ARG242,0.5089358903073169,0.15365402334232367
cos_psi_ARG242,0.8423744927818383,0.08820382405744155
sin_phi_ALA243,-0.046433165806469764,0.5369836268023749
cos_phi_ALA243,0.12312476542248929,0.8332663666553534
sin_psi_ALA243,-0.08121988484143401,0.45822049335517384
cos_psi_ALA243,0.8830229137735359,0.0608920645616466
sin_phi_ASP244,-0.020811937528048434,0.2116042875436649
cos_phi_ASP244,0.9769241604421046,0.020240392633438364
sin_psi_ASP244,-0.08643530292305654,0.834287885999358
cos_psi_ASP244,0.2667887378564734,0.4746750794346293
sin_phi_GLN245,0.6607047755909222,0.4509307793245972
cos_phi_GLN245,0.41619157502844234,0.4323369110362947
sin_psi_GLN245,0.8650258626086468,0.1265676824175725
cos_psi_GLN245,-0.23572174674987426,0.4244362577523264
sin_phi_LEU246,-0.11685519745743982,0.3288963621995011
cos_phi_LEU246,-0.9355757880567958,0.053572292848290445
sin_psi_LEU246,-0.10281290921988544,0.6041803443068802
cos_psi_LEU246,0.7499672025751708,0.2488871477447879
sin_phi_GLU247,-0.19938807829388658,0.8729077147317155
cos_phi_GLU247,-0.34005809668741205,0.2874665313970647
sin_psi_GLU247,0.2145381560482907,0.7592774543238939
cos_psi_GLU247,0.0958575027408026,0.6068628066730761
sin_phi_GLU248,-0.31327791989661313,0.18332015844468502
cos_phi_GLU248,-0.9288186146552008,0.07447580468219465
sin_psi_GLU248,-0.37539645060792837,0.06870544834127802
cos_psi_GLU248,0.9239299117588332,0.02665678893842795
sin_phi_PHE249,0.9940761382962914,0.009846754288699919
cos_phi_PHE249,0.04303153305178033,0.09931747008016259
sin_psi_PHE249,0.31558114546613536,0.05067060871077842
cos_psi_PHE249,0.9473903715137915,0.017103040727350353
sin_phi_VAL250,-0.7434135128501738,0.12644683912272425
cos_phi_VAL250,-0.6403225366572535,0.14606366706493656
sin_psi_VAL250,-0.3779709260627587,0.20117347140192982
cos_psi_VAL250,0.8992785651315396,0.0892483935447395
sin_phi_HIS251,-0.20177552167211196,0.23269665856565352
cos_phi_HIS251,-0.9492850187174301,0.06322070218666526
sin_psi_HIS251,0.9166050708571946,0.07490478039504511
cos_psi_HIS251,0.3333822241740006,0.20755893273391998
sin_phi_TYR252,-0.7220975538357123,0.3275720542013975
cos_phi_TYR252,-0.45587012014184825,0.4042945777680107
sin_psi_TYR252,0.3055552983920212,0.4587909722422817
cos_psi_TYR252,0.6911743171958253,0.4673594619374141
sin_phi_VAL253,0.21836926741611165,0.529949367505487
cos_phi_VAL253,-0.7845168411539636,0.23664711465490462
sin_psi_VAL253,0.4129143607406804,0.6307196887449442
cos_psi_VAL253,-0.4696305053824278,0.45950146173634887
sin_phi_LYS254,-0.9674633210221864,0.05898037980143306
cos_phi_LYS254,-0.16775166467372254,0.17998726697851608
sin_psi_LYS254,0.8173834495288056,0.17979924014083026
cos_psi_LYS254,-0.26694601224578995,0.4778036795873816
sin_phi_GLY255,-0.634798701853583,0.29303784409411276
cos_phi_GLY255,-0.64448946508288,0.30950405401361625
sin_psi_GLY255,0.39307301552998014,0.4805376417068538
cos_psi_GLY255,0.5028224690830524,0.6014538585379648
sin_phi_GLU256,-0.2180094102821967,0.09213804071452683
cos_phi_GLU256,0.9712863539254477,0.024192915490014535
sin_psi_GLU256,0.8132779902224417,0.18238299687924342
cos_psi_GLU256,-0.1539681925202916,0.5306685865595646
sin_phi_ILE257,-0.6949525434920666,0.2964544196571226
cos_phi_ILE257,-0.049876431492248956,0.6531983473197593
sin_psi_ILE257,0.01898774290814521,0.7284212802472818
cos_psi_ILE257,0.419792358434507,0.5411250131921085
sin_phi_THR258,0.4598264894899369,0.5898013021390511
cos_phi_THR258,-0.4767820442902039,0.46192305181804316
sin_psi_THR258,0.00454298220213017,0.4305189707854376
cos_psi_THR258,0.8960301233324853,0.10845642068282439
sin_phi_LYS259,0.299754670974114,0.6527892833185936
cos_phi_LYS259,-0.14923277497248266,0.6795166426862627
sin_psi_LYS259,0.0483825062727991,0.6307071855184281
cos_psi_LYS259,0.5880353597484138,0.5040654668867321
sin_phi_VAL260,0.8002684965988766,0.22268060804581102
cos_phi_VAL260,0.3661265163317094,0.41944612787642743
sin_psi_VAL260,-0.7956087068800249,0.24798980071393062
cos_psi_VAL260,-0.26313612348172755,0.48607327101741404
sin_phi_VAL261,0.583705385911692,0.42812348662412186
cos_phi_VAL261,0.3295967055380421,0.6061058606852082
sin_psi_VAL261,0.04954864981232112,0.35628802749959676
cos_psi_VAL261,0.9207910627481386,0.15082304706302663
