r_sd_PUBCHEM\_CONFORMER\_RMSD,i_i_glide_lignum,r_qp_Jm,r_epik_State_Penalty,s_lp_Variant,r_qp_QPlogKhsa,r_i_glide_lipo,i_sd_PUBCHEM\_HEAVY\_ATOM\_COUNT,r_i_glide_ligand_efficiency_sa,r_i_glide_metal,s_sd_PUBCHEM\_SHAPE\_FINGERPRINT,i_qp_#in56,r_i_glide_erotb,r_i_glide_hbond,r_qp_glob,r_sd_PUBCHEM\_MONOISOTOPIC\_WEIGHT,i_sd_PUBCHEM\_COMPONENT\_COUNT,r_lp_Energy,s_epik_cmdline,s_sd_PUBCHEM\_IUPAC\_NAME\_MARKUP,s_m_Source_Path,r_qp_IP(eV),s_sd_PUBCHEM\_OPENEYE\_ISO\_SMILES,r_qp_QPlogS,s_i_glide_gridfile,r_epik_Charging_Adjusted_Penalty,r_qp_QPlogKp,r_i_glide_einternal,s_m_title,i_m_ct_enhanced_stereo_status,i_sd_version,r_i_glide_ligand_efficiency,s_sd_PUBCHEM\_MOLECULAR\_FORMULA,r_i_glide_evdw,s_sd_PUBCHEM\_COORDINATE\_TYPE,r_i_docking_score,i_sd_PUBCHEM\_TOTAL\_CHARGE,r_qp_SAfluorine,r_qp_donorHB,s_sd_PUBCHEM\_PHARMACOPHORE\_FEATURES,i_qp_HumanOralAbsorption,r_qp_SAamideO,i_i_glide_rotatable_bonds,s_sd_PUBCHEM\_IUPAC\_INCHI,r_qp_QPlogPo/w,i_sd_PUBCHEM\_CONFORMER\_RMSD,i_sd_PUBCHEM\_COMPOUND\_CID,r_epik_Ionization_Penalty,i_qp_#nonHatm,r_qp_dipole,r_i_glide_emodel,r_qp_QPlogPC16,r_sd_PUBCHEM\_EXACT\_MASS,i_qp_#in34,i_sd_PUBCHEM\_BOND\_DEF\_STEREO\_COUNT,r_qp_QPpolrz,s_m_source_file,s_lp_Force_Field,i_qp_#rotor,r_qp_CIQPlogS,i_qp_#acid,s_sd_PUBCHEM\_IUPAC\_INCHIKEY,r_qp_QPPMDCK,i_sd_PUBCHEM\_CACTVS\_HBOND\_ACCEPTOR,i_i_glide_posenum,s_vsw_compound_code,i_f3d_flags,r_sd_PUBCHEM\_EFFECTIVE\_ROTOR\_COUNT,r_epik_Ionization_Penalty_Neutral,s_sd_PUBCHEM\_OPENEYE\_CAN\_SMILES,i_qp_#NandO,i_qp_RuleOfThree,r_qp_FOSA,r_i_glide_ecoul,s_sd_PUBCHEM\_IUPAC\_CAS\_NAME,i_lp_mmshare_version,r_qp_QPlogBB,i_m_ct_format,i_qp_CNS,r_qp_QPlogHERG,s_sd_PUBCHEM\_CONFORMER\_DIVERSEORDER,i_sd_PUBCHEM\_ISOTOPIC\_ATOM\_COUNT,s_sd_PUBCHEM\_MMFF94\_PARTIAL\_CHARGES,i_qp_RuleOfFive,i_sd_PUBCHEM\_CACTVS\_TAUTO\_COUNT,i_qp_#stars,i_i_glide_confnum,i_qp_#metab,r_qp_FISA,s_epik_Chemistry_Notes,i_m_source_file_index,i_sd_PUBCHEM\_CACTVS\_HBOND\_DONOR,s_m_Source_File,r_qp_QPlogPw,r_qp_PercentHumanOralAbsorption,r_i_glide_eff_state_penalty,r_i_glide_esite,i_qp_#ringatoms,r_qp_WPSA,r_qp_PSA,i_sd_PUBCHEM\_COMPOUND\_CANONICALIZED,r_sd_PUBCHEM\_MOLECULAR\_WEIGHT,s_m_entry_id,r_i_glide_energy,r_qp_EA(eV),i_sd_PUBCHEM\_CACTVS\_TPSA,r_sd_PUBCHEM\_MMFF94\_ENERGY,r_i_glide_rewards,b_sd_chiral_flag,s_vsw_variant,i_epik_Tot_abs_Q,r_qp_SASA,i_qp_#amide,r_i_glide_gscore,i_m_ct_stereo_status,r_qp_PISA,s_sd_PUBCHEM\_IUPAC\_OPENEYE\_NAME,i_qp_#amine,s_sd_PUBCHEM\_SHAPE\_MULTIPOLES,s_sd_PUBCHEM\_IUPAC\_TRADITIONAL\_NAME,i_sd_PUBCHEM\_BOND\_UDEF\_STEREO\_COUNT,i_m_Source_File_Index,i_epik_Tot_Q,i_sd_PUBCHEM\_ATOM\_UDEF\_STEREO\_COUNT,i_qp_#noncon,r_qp_mol_MW,r_qp_volume,s_epik_input,r_sd_PUBCHEM\_FEATURE\_SELFOVERLAP,r_i_glide_ligand_efficiency_ln,i_sd_PUBCHEM\_CACTVS\_COMPLEXITY,s_sd_PUBCHEM\_CONFORMER\_ID,s_sd_PUBCHEM\_IUPAC\_NAME,r_sd_PUBCHEM\_XLOGP3\_AA,s_sd_PUBCHEM\_BONDANNOTATIONS,r_epik_Ionization_Penalty_Charging,r_qp_dip^2/V,i_qp_#rtvFG,s_m_entry_name,s_sd_PUBCHEM\_CACTVS\_SUBSKEYS,r_qp_ACxDN^.5/SA,i_qp_#amidine,r_qp_QPPCaco,b_lp_Chiralities_Consistent,i_sd_PUBCHEM\_CACTVS\_ROTATABLE\_BOND,i_sd_PUBCHEM\_ATOM\_DEF\_STEREO\_COUNT,s_sd_PUBCHEM\_IUPAC\_SYSTEMATIC\_NAME,r_sd_PUBCHEM\_SHAPE\_VOLUME,r_qp_QPlogPoct,r_qp_accptHB,r_sd_PUBCHEM\_SHAPE\_SELFOVERLAP,s_lp_label,s_sd_PUBCHEM\_REFERENCE\_STANDARDIZATION
1.2,380,4.63210312109321e-06,0.6857,62404-1,-2.297,-0.0537424862464464,42,-0.638917146785602,-0.0,"10165383 225 17969232286264488174
10439779 11 17910962331384081985
12156800 1 15958716085520399736
12422481 6 17700125491883751723
131258 38 18411980282320596670
13636023 51 17095535006315810626
14950920 106 18408604743385233387
15001296 14 17774438421131857281
150020 26 18188193317627787564
15264996 154 18270415896649290823
16112460 7 18341330085157887176
19319366 153 18268713977203181368
21133410 90 17343186703196506617
21591340 35 18269269235291843880
22122407 14 18342456994408236041
23559900 14 16081659876819962423
474144 1 18272938193518453049
508180 173 17129882749025334248
5895379 119 17203334420453260128
6823239 73 15502672476359195719
86090 222 16878516626487893603",23,0.175828576095814,-0.896626197465637,0.7948243,,1,136.750145,J2VwaWtfcHl0aG9uJywgJy1waCcsICc3LjAwMDAwMCcsICctcGh0JywgJzIuMDAwMDAwJywgJy1tcycsICcxNicsICctdG4nLCAnOCcsICctbWEnLCAnMjAwJywgJy1pbWFlJywgJzxpbmZpbGUubWFlPicsICctb21hZScsICc8b3V0ZmlsZS5tYWU+Jw==,,C:\Users\HPC-3\Desktop\Menzi\Clinic_Ag,9.282,,2.0,glide-grid_Ab3ANT_avrg,1.42603794690297,-13.123,13.079005241394,62404,2,0,-0.183806746280707,,-21.2988815307617,"2
5
10",-7.71988334378971,,0.0,19.0,"36
1 1 acceptor
1 10 acceptor
1 10 donor
1 11 acceptor
1 11 donor
1 12 acceptor
1 12 donor
1 13 acceptor
1 13 donor
1 14 cation
1 14 donor
1 15 cation
1 15 donor
1 16 cation
1 16 donor
1 17 cation
1 17 donor
1 18 cation
1 18 donor
1 19 cation
1 19 donor
1 2 acceptor
1 3 acceptor
1 4 acceptor
1 5 acceptor
1 5 donor
1 6 acceptor
1 7 acceptor
1 8 acceptor
1 8 donor
1 9 acceptor
1 9 donor
5 3 26 27 28 29 rings
6 20 21 22 23 24 25 rings
6 6 30 31 32 34 35 rings
6 7 33 36 37 39 40 rings",1,0.0,16,,-9.65,,62404,0.7405,42,6.879,-159.31766719217,21.602,,0,0,46.173,vsw_avrg-LIGPREP-001-in.maegz,OPLS_2005,22,6.139,0,,0.0,,10,48,0,13.6,0.0001,,19,2,332.839,-47.5208435058594,,56135,-5.457,2,-2,-9.209,"1
29
6
47
50
36
44
55
42
18
17
10
52
3
38
26
25
45
15
43
31
46
56
37
33
54
24
48
23
11
4
49
30
13
41
28
51
9
39
19
21
5
2
22
14
53
32
40
35
34
27
12
20
7
8
16",0,"60
1 -0.56
10 -0.68
11 -0.68
12 -0.68
13 -0.68
14 -0.99
15 -0.99
16 -0.99
17 -0.99
18 -0.99
19 -0.99
2 -0.56
20 0.28
21 0.28
22 0.27
23 0.28
24 0.27
26 0.56
27 0.28
28 0.28
29 0.28
3 -0.56
30 0.56
31 0.27
32 0.28
33 0.56
34 0.28
35 0.28
36 0.27
37 0.28
38 0.28
39 0.28
4 -0.56
40 0.28
41 0.27
42 0.27
5 -0.68
58 0.36
59 0.36
6 -0.56
62 0.36
63 0.36
66 0.4
7 -0.56
71 0.4
74 0.36
75 0.36
78 0.36
79 0.36
8 -0.68
80 0.4
81 0.4
82 0.4
83 0.4
84 0.4
85 0.36
86 0.36
87 0.36
88 0.36
9 -0.68",3,1,14,7,15,520.367,"This compound contains an acetal/aminal-like group ( X-CH(R)-Y where X, Y are N, S, or O) that may be acid/base labile, releasing an aldehyde.",48,,Neomycins.sdf,55.965,0.0,0.6857,-0.466736770499274,23,0.0,336.161,,,121507,-68.8197250366211,-1.52,,101.3376,-2.09936238913608,1,48-1,6,853.207,0,-8.40558334378971,1,0.0,,6,"758.15
12.42
5.91
3.21
17.14
0.4
-1.66
-1.59
5.66
-9.99
2.85
0.98
-0.85
-3.48",,0,1,6,1,20,614.649,1660.506,W05IMl1bQ0BASF0xW0NAQEhdKFtPSF0pW0NASF0oW09IXSlbQ0BASF0oW0NIMl1bTkgyXSlPW0NAQEhdMU9bQ0BIXShbQ0BASF0oW05IMl0pW0NIMl1bQ0BASF0oW05IMl0pW0NAQEhdMltPSF0pW0NAQEhdMk9bQ0BASF0zT1tDQEhdKFtDSDJdW09IXSlbQ0BIXShbQ0BIXTNbT0hdKU9bQ0BIXTRPW0NAQEhdKFtDSDJdW05IMl0pW0NAQEhdKFtPSF0pW0NASF0oW09IXSlbQ0BIXTRbTkgyXQ==,182.894,-1.62946848678463,,0000F3C400000001,,,,0.7404,0.028499,3,Neomycins.1,,0.1435585,0,0.002,1,,18,,424.1,59.533,28.1,1571.309,48_sdstereoexpander_1_neutralizer_1_epik_1_stereoizer_1,
,561,0.142997853132188,0.1757,3467-1,-0.92,0.0,33,-0.7489913088635,-0.0,,18,0.304942915495211,-0.870274181493652,0.8789724,477.31624873,1,115.794963,J2VwaWtfcHl0aG9uJywgJy1waCcsICc3LjAwMDAwMCcsICctcGh0JywgJzIuMDAwMDAwJywgJy1tcycsICcxNicsICctdG4nLCAnOCcsICctbWEnLCAnMjAwJywgJy1pbWFlJywgJzxpbmZpbGUubWFlPicsICctb21hZScsICc8b3V0ZmlsZS5tYWU+Jw==,"2-[4,6-diamino-3-[3-amino-6-[1-(methylamino)ethyl]oxan-2-yl]oxy-2-hydroxycyclohexyl]oxy-5-methyl-4-(methylamino)oxane-3,5-diol",C:\Users\HPC-3\Desktop\Menzi\Clinic_Ag,8.978,CC(C1CCC(C(O1)OC2C(CC(C(C2O)OC3C(C(C(CO3)(C)O)NC)O)N)N)N)NC,2.0,glide-grid_Ab3ANT_avrg,0.387096191036002,-8.524,5.451735496521,3467,2,0,-0.233509990129217,C21H43N5O7,-14.2406053543091,"1
5
255",-7.70582967426417,0,0.0,11.0,,1,0.0,10,"InChI=1S/C21H43N5O7/c1-9(25-3)13-6-5-10(22)19(31-13)32-16-11(23)7-12(24)17(14(16)27)33-20-15(28)18(26-4)21(2,29)8-30-20/h9-20,25-29H,5-8,22-24H2,1-4H3",-3.787,,3467,0.2117,33,2.316,-131.872283195142,15.028,477.31624873,0,0,40.696,vsw_avrg-LIGPREP-001-in.maegz,OPLS_2005,13,3.223,0,CEAZRRDELHUEMR-UHFFFAOYSA-N,0.448,12,16,73,0,,0.0003,CC(C1CCC(C(O1)OC2C(CC(C(C2O)OC3C(C(C(CO3)(C)O)NC)O)N)N)N)NC,12,2,457.802,-42.552921295166,"2-[4,6-diamino-3-[[3-amino-6-[1-(methylamino)ethyl]-2-oxanyl]oxy]-2-hydroxycyclohexyl]oxy-5-methyl-4-(methylamino)oxane-3,5-diol",56135,-1.355,2,-2,-7.121,,0,,2,-1,5,1,8,223.937,"This compound contains an acetal/aminal-like group ( X-CH(R)-Y where X, Y are N, S, or O) that may be acid/base labile, releasing an aldehyde.",73,8,Gentamicin.sdf,32.822,0.0,0.1757,-0.445771231459369,18,0.0,182.269,1,477.6,121505,-56.7935266494751,-2.211,200,,-2.15839690909091,1,73-1,5,681.74,0,-7.88152967426417,1,0.0,"2-[4,6-diamino-3-[3-amino-6-[1-(methylamino)ethyl]tetrahydropyran-2-yl]oxy-2-hydroxy-cyclohexoxy]-5-methyl-4-(methylamino)tetrahydropyran-3,5-diol",5,,"2-[4,6-diamino-3-[3-amino-6-[1-(methylamino)ethyl]tetrahydropyran-2-yl]oxy-2-hydroxy-cyclohexoxy]-5-methyl-4-(methylamino)tetrahydropyran-3,5-diol",0,1,5,13,16,477.6,1379.25,W09IXVtDQF0xKFtDSDNdKVtDQEhdKFtOSF1bQ0gzXSlbQ0BASF0oW09IXSlbQ0BIXShPW0NIMl0xKU9bQ0BASF0yW0NASF0oW09IXSlbQ0BASF0oW0NASF0oW05IMl0pW0NIMl1bQ0BASF0yW05IMl0pT1tDQEhdM09bQ0BASF0oW0NAQEhdKFtDSDNdKVtOSF1bQ0gzXSlbQ0gyXVtDSDJdW0NASF0zW05IMl0=,,-1.71373662090563,636,,"2-[4,6-diamino-3-[3-amino-6-[1-(methylamino)ethyl]oxan-2-yl]oxy-2-hydroxycyclohexyl]oxy-5-methyl-4-(methylamino)oxane-3,5-diol",-4.1,"13  1  3
19  1  3
20  10  3
24  11  3
14  2  3
22  2  3
25  28  3
29  31  3
15  3  3
21  6  3
23  7  3
16  8  3
17  9  3",0.2114,0.0038903,2,Gentamicin.1,AAADcfB7uAAAAAAAAAAAAAAAAAAAAAAAAAA0SIAAAAAAAAAAAAAAHgAQCAAADHzxgAcCCALABgAAAAAAAAAAAAAAAAAAAIAIAAATEAIAwAAnQAAHEAAXAAHw8C0MAAAAAAAAAAAAgAAUCACgAAAAAAAAAA==,0.0824608,0,1.156,1,7,0,"2-[4,6-bis(azanyl)-3-[3-azanyl-6-[1-(methylamino)ethyl]oxan-2-yl]oxy-2-oxidanyl-cyclohexyl]oxy-5-methyl-4-(methylamino)oxane-3,5-diol",,38.702,16.95,,73_sdstereoexpander_1_neutralizer_1_epik_1_stereoizer_1,Bypass - this structure was created from CID 3467
,721,0.142997959585452,0.1757,3467-1,-0.92,-0.00567757726103843,33,-0.742698102154473,-0.0,,18,0.304942915495211,-0.999579945277418,0.878972,477.31624873,1,115.794964,J2VwaWtfcHl0aG9uJywgJy1waCcsICc3LjAwMDAwMCcsICctcGh0JywgJzIuMDAwMDAwJywgJy1tcycsICcxNicsICctdG4nLCAnOCcsICctbWEnLCAnMjAwJywgJy1pbWFlJywgJzxpbmZpbGUubWFlPicsICctb21hZScsICc8b3V0ZmlsZS5tYWU+Jw==,"2-[4,6-diamino-3-[3-amino-6-[1-(methylamino)ethyl]oxan-2-yl]oxy-2-hydroxycyclohexyl]oxy-5-methyl-4-(methylamino)oxane-3,5-diol",C:\Users\HPC-3\Desktop\Menzi\Clinic_Ag,8.978,CC(C1CCC(C(O1)OC2C(CC(C(C2O)OC3C(C(C(CO3)(C)O)NC)O)N)N)N)NC,2.0,glide-grid_Ab3ANT_avrg,0.387096191036002,-8.524,3.96089863777161,3467,2,0,-0.231547982534315,C21H43N5O7,-16.4164924621582,"1
5
255",-7.64108342363239,0,0.0,11.0,,1,0.0,10,"InChI=1S/C21H43N5O7/c1-9(25-3)13-6-5-10(22)19(31-13)32-16-11(23)7-12(24)17(14(16)27)33-20-15(28)18(26-4)21(2,29)8-30-20/h9-20,25-29H,5-8,22-24H2,1-4H3",-3.787,,3467,0.2117,33,2.316,-135.539769248472,15.028,477.31624873,0,0,40.696,vsw_avrg-LIGPREP-001-in.maegz,OPLS_2005,13,3.223,0,CEAZRRDELHUEMR-UHFFFAOYSA-N,0.448,12,17,105,0,,0.0003,CC(C1CCC(C(O1)OC2C(CC(C(C2O)OC3C(C(C(CO3)(C)O)NC)O)N)N)N)NC,12,2,457.803,-41.7537536621094,"2-[4,6-diamino-3-[[3-amino-6-[1-(methylamino)ethyl]-2-oxanyl]oxy]-2-hydroxycyclohexyl]oxy-5-methyl-4-(methylamino)oxane-3,5-diol",56135,-1.355,2,-2,-7.121,,0,,2,-1,5,1,8,223.937,"This compound contains an acetal/aminal-like group ( X-CH(R)-Y where X, Y are N, S, or O) that may be acid/base labile, releasing an aldehyde.",105,8,Gentamicin.sdf,32.822,0.0,0.1757,-0.442247284390329,18,0.0,182.269,1,477.6,121505,-58.1702461242676,-2.211,200,,-1.85339690909091,1,105-1,5,681.74,0,-7.81678342363239,1,0.0,"2-[4,6-diamino-3-[3-amino-6-[1-(methylamino)ethyl]tetrahydropyran-2-yl]oxy-2-hydroxy-cyclohexoxy]-5-methyl-4-(methylamino)tetrahydropyran-3,5-diol",5,,"2-[4,6-diamino-3-[3-amino-6-[1-(methylamino)ethyl]tetrahydropyran-2-yl]oxy-2-hydroxy-cyclohexoxy]-5-methyl-4-(methylamino)tetrahydropyran-3,5-diol",0,1,5,13,16,477.6,1379.251,W09IXVtDQF0xKFtDSDNdKVtDQEhdKFtOSF1bQ0gzXSlbQ0BASF0oW09IXSlbQ0BIXShPW0NIMl0xKU9bQ0BASF0yW0NASF0oW09IXSlbQ0BASF0oW0NASF0oW05IMl0pW0NIMl1bQ0BASF0yW05IMl0pT1tDQEhdM09bQ0BASF0oW0NAQEhdKFtDSDNdKVtOSF1bQ0gzXSlbQ0gyXVtDSDJdW0NASF0zW05IMl0=,,-1.69933739000326,636,,"2-[4,6-diamino-3-[3-amino-6-[1-(methylamino)ethyl]oxan-2-yl]oxy-2-hydroxycyclohexyl]oxy-5-methyl-4-(methylamino)oxane-3,5-diol",-4.1,"13  1  3
19  1  3
20  10  3
24  11  3
14  2  3
22  2  3
25  28  3
29  31  3
15  3  3
21  6  3
23  7  3
16  8  3
17  9  3",0.2114,0.0038903,2,Gentamicin.1,AAADcfB7uAAAAAAAAAAAAAAAAAAAAAAAAAA0SIAAAAAAAAAAAAAAHgAQCAAADHzxgAcCCALABgAAAAAAAAAAAAAAAAAAAIAIAAATEAIAwAAnQAAHEAAXAAHw8C0MAAAAAAAAAAAAgAAUCACgAAAAAAAAAA==,0.0824607,0,1.156,1,7,0,"2-[4,6-bis(azanyl)-3-[3-azanyl-6-[1-(methylamino)ethyl]oxan-2-yl]oxy-2-oxidanyl-cyclohexyl]oxy-5-methyl-4-(methylamino)oxane-3,5-diol",,38.702,16.95,,105_sdstereoexpander_1_neutralizer_1_epik_1_stereoizer_1,Bypass - this structure was created from CID 3467
,1201,0.142991825691152,0.1757,3467-1,-0.92,-0.00761134858682009,33,-0.738508906925972,-0.0,,18,0.304942915495211,-0.971913632519257,0.8789707,477.31624873,1,115.794964,J2VwaWtfcHl0aG9uJywgJy1waCcsICc3LjAwMDAwMCcsICctcGh0JywgJzIuMDAwMDAwJywgJy1tcycsICcxNicsICctdG4nLCAnOCcsICctbWEnLCAnMjAwJywgJy1pbWFlJywgJzxpbmZpbGUubWFlPicsICctb21hZScsICc8b3V0ZmlsZS5tYWU+Jw==,"2-[4,6-diamino-3-[3-amino-6-[1-(methylamino)ethyl]oxan-2-yl]oxy-2-hydroxycyclohexyl]oxy-5-methyl-4-(methylamino)oxane-3,5-diol",C:\Users\HPC-3\Desktop\Menzi\Clinic_Ag,8.978,CC(C1CCC(C(O1)OC2C(CC(C(C2O)OC3C(C(C(CO3)(C)O)NC)O)N)N)N)NC,2.0,glide-grid_Ab3ANT_avrg,0.387096191036002,-8.524,4.11283349990845,3467,2,0,-0.230241934086382,C21H43N5O7,-16.0565013885498,"1
5
255",-7.5979838248506,0,0.0,11.0,,1,0.0,10,"InChI=1S/C21H43N5O7/c1-9(25-3)13-6-5-10(22)19(31-13)32-16-11(23)7-12(24)17(14(16)27)33-20-15(28)18(26-4)21(2,29)8-30-20/h9-20,25-29H,5-8,22-24H2,1-4H3",-3.787,,3467,0.2117,33,2.316,-134.460021081416,15.028,477.31624873,0,0,40.696,vsw_avrg-LIGPREP-001-in.maegz,OPLS_2005,13,3.223,0,CEAZRRDELHUEMR-UHFFFAOYSA-N,0.448,12,17,201,0,,0.0003,CC(C1CCC(C(O1)OC2C(CC(C(C2O)OC3C(C(C(CO3)(C)O)NC)O)N)N)N)NC,12,2,457.803,-41.8164443969727,"2-[4,6-diamino-3-[[3-amino-6-[1-(methylamino)ethyl]-2-oxanyl]oxy]-2-hydroxycyclohexyl]oxy-5-methyl-4-(methylamino)oxane-3,5-diol",56135,-1.355,2,-2,-7.121,,0,,2,-1,5,1,8,223.938,"This compound contains an acetal/aminal-like group ( X-CH(R)-Y where X, Y are N, S, or O) that may be acid/base labile, releasing an aldehyde.",201,8,Gentamicin.sdf,32.822,0.0,0.1757,-0.442879780721331,18,0.0,182.268,1,477.6,121505,-57.8729457855225,-2.211,200,,-1.85339690909091,1,201-1,5,681.741,0,-7.7736838248506,1,0.0,"2-[4,6-diamino-3-[3-amino-6-[1-(methylamino)ethyl]tetrahydropyran-2-yl]oxy-2-hydroxy-cyclohexoxy]-5-methyl-4-(methylamino)tetrahydropyran-3,5-diol",5,,"2-[4,6-diamino-3-[3-amino-6-[1-(methylamino)ethyl]tetrahydropyran-2-yl]oxy-2-hydroxy-cyclohexoxy]-5-methyl-4-(methylamino)tetrahydropyran-3,5-diol",0,1,5,13,16,477.6,1379.251,W09IXVtDQF0xKFtDSDNdKVtDQEhdKFtOSF1bQ0gzXSlbQ0BASF0oW09IXSlbQ0BIXShPW0NIMl0xKU9bQ0BASF0yW0NASF0oW09IXSlbQ0BASF0oW0NASF0oW05IMl0pW0NIMl1bQ0BASF0yW05IMl0pT1tDQEhdM09bQ0BASF0oW0NAQEhdKFtDSDNdKVtOSF1bQ0gzXSlbQ0gyXVtDSDJdW0NASF0zW05IMl0=,,-1.68975226239197,636,,"2-[4,6-diamino-3-[3-amino-6-[1-(methylamino)ethyl]oxan-2-yl]oxy-2-hydroxycyclohexyl]oxy-5-methyl-4-(methylamino)oxane-3,5-diol",-4.1,"13  1  3
19  1  3
20  10  3
24  11  3
14  2  3
22  2  3
25  28  3
29  31  3
15  3  3
21  6  3
23  7  3
16  8  3
17  9  3",0.2114,0.00389,2,Gentamicin.1,AAADcfB7uAAAAAAAAAAAAAAAAAAAAAAAAAA0SIAAAAAAAAAAAAAAHgAQCAAADHzxgAcCCALABgAAAAAAAAAAAAAAAAAAAIAIAAATEAIAwAAnQAAHEAAXAAHw8C0MAAAAAAAAAAAAgAAUCACgAAAAAAAAAA==,0.0824606,0,1.156,1,7,0,"2-[4,6-bis(azanyl)-3-[3-azanyl-6-[1-(methylamino)ethyl]oxan-2-yl]oxy-2-oxidanyl-cyclohexyl]oxy-5-methyl-4-(methylamino)oxane-3,5-diol",,38.702,16.95,,201_sdstereoexpander_1_neutralizer_1_epik_1_stereoizer_1,Bypass - this structure was created from CID 3467
,1041,0.142997785869588,0.1757,3467-1,-0.92,-0.00591307853778154,33,-0.738360582703908,-0.0,,18,0.304942915495211,-1.0092338889661,0.8789726,477.31624873,1,115.794962,J2VwaWtfcHl0aG9uJywgJy1waCcsICc3LjAwMDAwMCcsICctcGh0JywgJzIuMDAwMDAwJywgJy1tcycsICcxNicsICctdG4nLCAnOCcsICctbWEnLCAnMjAwJywgJy1pbWFlJywgJzxpbmZpbGUubWFlPicsICctb21hZScsICc8b3V0ZmlsZS5tYWU+Jw==,"2-[4,6-diamino-3-[3-amino-6-[1-(methylamino)ethyl]oxan-2-yl]oxy-2-hydroxycyclohexyl]oxy-5-methyl-4-(methylamino)oxane-3,5-diol",C:\Users\HPC-3\Desktop\Menzi\Clinic_Ag,8.978,CC(C1CCC(C(O1)OC2C(CC(C(C2O)OC3C(C(C(CO3)(C)O)NC)O)N)N)N)NC,2.0,glide-grid_Ab3ANT_avrg,0.387096191036002,-8.524,4.34104871749878,3467,2,0,-0.230195691643753,C21H43N5O7,-15.2861661911011,"1
5
255",-7.59645782424383,0,0.0,11.0,,1,0.0,10,"InChI=1S/C21H43N5O7/c1-9(25-3)13-6-5-10(22)19(31-13)32-16-11(23)7-12(24)17(14(16)27)33-20-15(28)18(26-4)21(2,29)8-30-20/h9-20,25-29H,5-8,22-24H2,1-4H3",-3.787,,3467,0.2117,33,2.316,-133.800667329654,15.028,477.31624873,0,0,40.696,vsw_avrg-LIGPREP-001-in.maegz,OPLS_2005,13,3.223,0,CEAZRRDELHUEMR-UHFFFAOYSA-N,0.448,12,12,169,0,,0.0003,CC(C1CCC(C(O1)OC2C(CC(C(C2O)OC3C(C(C(CO3)(C)O)NC)O)N)N)N)NC,12,2,457.802,-41.9717903137207,"2-[4,6-diamino-3-[[3-amino-6-[1-(methylamino)ethyl]-2-oxanyl]oxy]-2-hydroxycyclohexyl]oxy-5-methyl-4-(methylamino)oxane-3,5-diol",56135,-1.355,2,-2,-7.121,,0,,2,-1,5,1,8,223.937,"This compound contains an acetal/aminal-like group ( X-CH(R)-Y where X, Y are N, S, or O) that may be acid/base labile, releasing an aldehyde.",169,8,Gentamicin.sdf,32.822,0.0,0.1757,-0.444248553589206,18,0.0,182.269,1,477.6,121505,-57.2579565048218,-2.211,200,,-1.85339690909091,1,169-1,5,681.739,0,-7.77215782424383,1,0.0,"2-[4,6-diamino-3-[3-amino-6-[1-(methylamino)ethyl]tetrahydropyran-2-yl]oxy-2-hydroxy-cyclohexoxy]-5-methyl-4-(methylamino)tetrahydropyran-3,5-diol",5,,"2-[4,6-diamino-3-[3-amino-6-[1-(methylamino)ethyl]tetrahydropyran-2-yl]oxy-2-hydroxy-cyclohexoxy]-5-methyl-4-(methylamino)tetrahydropyran-3,5-diol",0,1,5,13,16,477.6,1379.25,W09IXVtDQF0xKFtDSDNdKVtDQEhdKFtOSF1bQ0gzXSlbQ0BASF0oW09IXSlbQ0BIXShPW0NIMl0xKU9bQ0BASF0yW0NASF0oW09IXSlbQ0BASF0oW0NASF0oW05IMl0pW0NIMl1bQ0BASF0yW05IMl0pT1tDQEhdM09bQ0BASF0oW0NAQEhdKFtDSDNdKVtOSF1bQ0gzXSlbQ0gyXVtDSDJdW0NASF0zW05IMl0=,,-1.68941288775824,636,,"2-[4,6-diamino-3-[3-amino-6-[1-(methylamino)ethyl]oxan-2-yl]oxy-2-hydroxycyclohexyl]oxy-5-methyl-4-(methylamino)oxane-3,5-diol",-4.1,"13  1  3
19  1  3
20  10  3
24  11  3
14  2  3
22  2  3
25  28  3
29  31  3
15  3  3
21  6  3
23  7  3
16  8  3
17  9  3",0.2114,0.0038902,2,Gentamicin.1,AAADcfB7uAAAAAAAAAAAAAAAAAAAAAAAAAA0SIAAAAAAAAAAAAAAHgAQCAAADHzxgAcCCALABgAAAAAAAAAAAAAAAAAAAIAIAAATEAIAwAAnQAAHEAAXAAHw8C0MAAAAAAAAAAAAgAAUCACgAAAAAAAAAA==,0.0824608,0,1.156,1,7,0,"2-[4,6-bis(azanyl)-3-[3-azanyl-6-[1-(methylamino)ethyl]oxan-2-yl]oxy-2-oxidanyl-cyclohexyl]oxy-5-methyl-4-(methylamino)oxane-3,5-diol",,38.702,16.95,,169_sdstereoexpander_1_neutralizer_1_epik_1_stereoizer_1,Bypass - this structure was created from CID 3467
,881,0.142992032144628,0.1757,3467-1,-0.92,-0.00630892720538226,33,-0.737070556872225,-0.0,,18,0.304942915495211,-0.958108998519255,0.8789708,477.31624873,1,115.794964,J2VwaWtfcHl0aG9uJywgJy1waCcsICc3LjAwMDAwMCcsICctcGh0JywgJzIuMDAwMDAwJywgJy1tcycsICcxNicsICctdG4nLCAnOCcsICctbWEnLCAnMjAwJywgJy1pbWFlJywgJzxpbmZpbGUubWFlPicsICctb21hZScsICc8b3V0ZmlsZS5tYWU+Jw==,"2-[4,6-diamino-3-[3-amino-6-[1-(methylamino)ethyl]oxan-2-yl]oxy-2-hydroxycyclohexyl]oxy-5-methyl-4-(methylamino)oxane-3,5-diol",C:\Users\HPC-3\Desktop\Menzi\Clinic_Ag,8.978,CC(C1CCC(C(O1)OC2C(CC(C(C2O)OC3C(C(C(CO3)(C)O)NC)O)N)N)N)NC,2.0,glide-grid_Ab3ANT_avrg,0.387096191036002,-8.524,11.6434726715088,3467,2,0,-0.229793505509337,C21H43N5O7,-16.198637008667,"1
5
255",-7.58318568180811,0,0.0,11.0,,1,0.0,10,"InChI=1S/C21H43N5O7/c1-9(25-3)13-6-5-10(22)19(31-13)32-16-11(23)7-12(24)17(14(16)27)33-20-15(28)18(26-4)21(2,29)8-30-20/h9-20,25-29H,5-8,22-24H2,1-4H3",-3.787,,3467,0.2117,33,2.316,-130.481811112407,15.028,477.31624873,0,0,40.696,vsw_avrg-LIGPREP-001-in.maegz,OPLS_2005,13,3.223,0,CEAZRRDELHUEMR-UHFFFAOYSA-N,0.448,12,17,137,0,,0.0003,CC(C1CCC(C(O1)OC2C(CC(C(C2O)OC3C(C(C(CO3)(C)O)NC)O)N)N)N)NC,12,2,457.803,-41.1239128112793,"2-[4,6-diamino-3-[[3-amino-6-[1-(methylamino)ethyl]-2-oxanyl]oxy]-2-hydroxycyclohexyl]oxy-5-methyl-4-(methylamino)oxane-3,5-diol",56135,-1.355,2,-2,-7.121,,0,,2,-1,5,1,8,223.938,"This compound contains an acetal/aminal-like group ( X-CH(R)-Y where X, Y are N, S, or O) that may be acid/base labile, releasing an aldehyde.",137,8,Gentamicin.sdf,32.822,0.0,0.1757,-0.436081912054427,18,0.0,182.268,1,477.6,121505,-57.3225498199463,-2.211,200,,-1.85339690909091,1,137-1,5,681.741,0,-7.75888568180811,1,0.0,"2-[4,6-diamino-3-[3-amino-6-[1-(methylamino)ethyl]tetrahydropyran-2-yl]oxy-2-hydroxy-cyclohexoxy]-5-methyl-4-(methylamino)tetrahydropyran-3,5-diol",5,,"2-[4,6-diamino-3-[3-amino-6-[1-(methylamino)ethyl]tetrahydropyran-2-yl]oxy-2-hydroxy-cyclohexoxy]-5-methyl-4-(methylamino)tetrahydropyran-3,5-diol",0,1,5,13,16,477.6,1379.251,W09IXVtDQF0xKFtDSDNdKVtDQEhdKFtOSF1bQ0gzXSlbQ0BASF0oW09IXSlbQ0BIXShPW0NIMl0xKU9bQ0BASF0yW0NASF0oW09IXSlbQ0BASF0oW0NASF0oW05IMl0pW0NIMl1bQ0BASF0yW05IMl0pT1tDQEhdM09bQ0BASF0oW0NAQEhdKFtDSDNdKVtOSF1bQ0gzXSlbQ0gyXVtDSDJdW0NASF0zW05IMl0=,,-1.68646123200001,636,,"2-[4,6-diamino-3-[3-amino-6-[1-(methylamino)ethyl]oxan-2-yl]oxy-2-hydroxycyclohexyl]oxy-5-methyl-4-(methylamino)oxane-3,5-diol",-4.1,"13  1  3
19  1  3
20  10  3
24  11  3
14  2  3
22  2  3
25  28  3
29  31  3
15  3  3
21  6  3
23  7  3
16  8  3
17  9  3",0.2114,0.0038901,2,Gentamicin.1,AAADcfB7uAAAAAAAAAAAAAAAAAAAAAAAAAA0SIAAAAAAAAAAAAAAHgAQCAAADHzxgAcCCALABgAAAAAAAAAAAAAAAAAAAIAIAAATEAIAwAAnQAAHEAAXAAHw8C0MAAAAAAAAAAAAgAAUCACgAAAAAAAAAA==,0.0824606,0,1.156,1,7,0,"2-[4,6-bis(azanyl)-3-[3-azanyl-6-[1-(methylamino)ethyl]oxan-2-yl]oxy-2-oxidanyl-cyclohexyl]oxy-5-methyl-4-(methylamino)oxane-3,5-diol",,38.702,16.95,,137_sdstereoexpander_1_neutralizer_1_epik_1_stereoizer_1,Bypass - this structure was created from CID 3467
,736,0.0493721462693103,0.1757,3467-1,-1.074,-0.0494661917626983,33,-0.733425706623322,-0.0,,18,0.304942915495211,-0.675929362420505,0.8106232,477.31624873,1,107.855845,J2VwaWtfcHl0aG9uJywgJy1waCcsICc3LjAwMDAwMCcsICctcGh0JywgJzIuMDAwMDAwJywgJy1tcycsICcxNicsICctdG4nLCAnOCcsICctbWEnLCAnMjAwJywgJy1pbWFlJywgJzxpbmZpbGUubWFlPicsICctb21hZScsICc8b3V0ZmlsZS5tYWU+Jw==,"2-[4,6-diamino-3-[3-amino-6-[1-(methylamino)ethyl]oxan-2-yl]oxy-2-hydroxycyclohexyl]oxy-5-methyl-4-(methylamino)oxane-3,5-diol",C:\Users\HPC-3\Desktop\Menzi\Clinic_Ag,9.078,CC(C1CCC(C(O1)OC2C(CC(C(C2O)OC3C(C(C(CO3)(C)O)NC)O)N)N)N)NC,2.0,glide-grid_Ab3ANT_avrg,0.387096191036002,-8.986,15.1866388320923,3467,2,0,-0.228657165293406,C21H43N5O7,-13.6948347091675,"1
5
255",-7.54568645468241,0,0.0,11.0,,1,0.0,10,"InChI=1S/C21H43N5O7/c1-9(25-3)13-6-5-10(22)19(31-13)32-16-11(23)7-12(24)17(14(16)27)33-20-15(28)18(26-4)21(2,29)8-30-20/h9-20,25-29H,5-8,22-24H2,1-4H3",-3.801,,3467,0.2117,33,4.111,-113.023571123851,16.095,477.31624873,0,0,44.269,vsw_avrg-LIGPREP-001-in.maegz,OPLS_2005,13,3.223,0,CEAZRRDELHUEMR-UHFFFAOYSA-N,0.248,12,6,108,0,,0.0003,CC(C1CCC(C(O1)OC2C(CC(C(C2O)OC3C(C(C(CO3)(C)O)NC)O)N)N)N)NC,12,2,521.79,-34.0241889953613,"2-[4,6-diamino-3-[[3-amino-6-[1-(methylamino)ethyl]-2-oxanyl]oxy]-2-hydroxycyclohexyl]oxy-5-methyl-4-(methylamino)oxane-3,5-diol",56135,-1.949,2,-2,-8.227,,0,,2,-1,5,1,8,248.997,"This compound contains an acetal/aminal-like group ( X-CH(R)-Y where X, Y are N, S, or O) that may be acid/base labile, releasing an aldehyde.",108,8,Gentamicin.sdf,33.206,0.0,0.1757,-0.45779517144514,18,0.0,187.553,1,477.6,121505,-47.7190237045288,-1.983,200,,-2.15839690909091,1,108-1,5,770.787,0,-7.72138645468241,1,0.0,"2-[4,6-diamino-3-[3-amino-6-[1-(methylamino)ethyl]tetrahydropyran-2-yl]oxy-2-hydroxy-cyclohexoxy]-5-methyl-4-(methylamino)tetrahydropyran-3,5-diol",5,,"2-[4,6-diamino-3-[3-amino-6-[1-(methylamino)ethyl]tetrahydropyran-2-yl]oxy-2-hydroxy-cyclohexoxy]-5-methyl-4-(methylamino)tetrahydropyran-3,5-diol",0,1,5,13,16,477.6,1468.529,W09IXVtDQF0xKFtDSDNdKVtDQEhdKFtOSF1bQ0gzXSlbQ0BASF0oW09IXSlbQ0BIXShPW0NIMl0xKU9bQ0BIXTJbQ0BASF0oW09IXSlbQ0BASF0oW0NASF0oW05IMl0pW0NIMl1bQ0BASF0yW05IMl0pT1tDQEhdM09bQ0BASF0oW0NAQEhdKFtDSDNdKVtOSF1bQ0gzXSlbQ0gyXVtDSDJdW0NASF0zW05IMl0=,,-1.67812159804786,636,,"2-[4,6-diamino-3-[3-amino-6-[1-(methylamino)ethyl]oxan-2-yl]oxy-2-hydroxycyclohexyl]oxy-5-methyl-4-(methylamino)oxane-3,5-diol",-4.1,"13  1  3
19  1  3
20  10  3
24  11  3
14  2  3
22  2  3
25  28  3
29  31  3
15  3  3
21  6  3
23  7  3
16  8  3
17  9  3",0.2114,0.0115069,2,Gentamicin.1,AAADcfB7uAAAAAAAAAAAAAAAAAAAAAAAAAA0SIAAAAAAAAAAAAAAHgAQCAAADHzxgAcCCALABgAAAAAAAAAAAAAAAAAAAIAIAAATEAIAwAAnQAAHEAAXAAHw8C0MAAAAAAAAAAAAgAAUCACgAAAAAAAAAA==,0.0729343,0,0.669,1,7,0,"2-[4,6-bis(azanyl)-3-[3-azanyl-6-[1-(methylamino)ethyl]oxan-2-yl]oxy-2-oxidanyl-cyclohexyl]oxy-5-methyl-4-(methylamino)oxane-3,5-diol",,39.932,16.95,,108_sdstereoexpander_1_neutralizer_1_epik_1_stereoizer_1,Bypass - this structure was created from CID 3467
,696,0.257312744243959,0.1757,3467-1,-0.93,0.0,33,-0.72599018096478,-0.0,,18,0.304942915495211,-0.826561929251667,0.8692421,477.31624873,1,115.866521,J2VwaWtfcHl0aG9uJywgJy1waCcsICc3LjAwMDAwMCcsICctcGh0JywgJzIuMDAwMDAwJywgJy1tcycsICcxNicsICctdG4nLCAnOCcsICctbWEnLCAnMjAwJywgJy1pbWFlJywgJzxpbmZpbGUubWFlPicsICctb21hZScsICc8b3V0ZmlsZS5tYWU+Jw==,"2-[4,6-diamino-3-[3-amino-6-[1-(methylamino)ethyl]oxan-2-yl]oxy-2-hydroxycyclohexyl]oxy-5-methyl-4-(methylamino)oxane-3,5-diol",C:\Users\HPC-3\Desktop\Menzi\Clinic_Ag,8.865,CC(C1CCC(C(O1)OC2C(CC(C(C2O)OC3C(C(C(CO3)(C)O)NC)O)N)N)N)NC,2.0,glide-grid_Ab3ANT_avrg,0.387096191036002,-8.269,10.1213712692261,3467,2,0,-0.226339021541156,C21H43N5O7,-13.6366300582886,"1
5
255",-7.46918771085815,0,0.0,11.0,,1,0.0,10,"InChI=1S/C21H43N5O7/c1-9(25-3)13-6-5-10(22)19(31-13)32-16-11(23)7-12(24)17(14(16)27)33-20-15(28)18(26-4)21(2,29)8-30-20/h9-20,25-29H,5-8,22-24H2,1-4H3",-3.616,,3467,0.2117,33,5.888,-129.115274589669,15.133,477.31624873,0,0,41.662,vsw_avrg-LIGPREP-001-in.maegz,OPLS_2005,13,3.223,0,CEAZRRDELHUEMR-UHFFFAOYSA-N,0.621,12,18,100,0,,0.0003,CC(C1CCC(C(O1)OC2C(CC(C(C2O)OC3C(C(C(CO3)(C)O)NC)O)N)N)N)NC,12,2,487.29,-43.9643058776855,"2-[4,6-diamino-3-[[3-amino-6-[1-(methylamino)ethyl]-2-oxanyl]oxy]-2-hydroxycyclohexyl]oxy-5-methyl-4-(methylamino)oxane-3,5-diol",56135,-1.277,2,-2,-7.279,,0,,2,-1,5,2,8,210.094,"This compound contains an acetal/aminal-like group ( X-CH(R)-Y where X, Y are N, S, or O) that may be acid/base labile, releasing an aldehyde.",100,8,Gentamicin.sdf,32.765,0.0,0.1757,-0.50804028509636,18,0.0,181.264,1,477.6,121505,-57.6009359359741,-1.924,200,,-1.93339690909091,1,100-1,5,697.384,0,-7.64488771085815,1,0.0,"2-[4,6-diamino-3-[3-amino-6-[1-(methylamino)ethyl]tetrahydropyran-2-yl]oxy-2-hydroxy-cyclohexoxy]-5-methyl-4-(methylamino)tetrahydropyran-3,5-diol",5,,"2-[4,6-diamino-3-[3-amino-6-[1-(methylamino)ethyl]tetrahydropyran-2-yl]oxy-2-hydroxy-cyclohexoxy]-5-methyl-4-(methylamino)tetrahydropyran-3,5-diol",0,1,5,13,16,477.6,1403.369,W09IXVtDQF0xKFtDSDNdKVtDQEhdKFtOSF1bQ0gzXSlbQ0BASF0oW09IXSlbQ0BIXShPW0NIMl0xKU9bQ0BIXTJbQ0BASF0oW09IXSlbQ0BASF0oW0NASF0oW05IMl0pW0NIMl1bQ0BIXTJbTkgyXSlPW0NASF0zT1tDQEBIXShbQ0BASF0oW0NIM10pW05IXVtDSDNdKVtDSDJdW0NIMl1bQ0BIXTNbTkgyXQ==,,-1.66110867351064,636,,"2-[4,6-diamino-3-[3-amino-6-[1-(methylamino)ethyl]oxan-2-yl]oxy-2-hydroxycyclohexyl]oxy-5-methyl-4-(methylamino)oxane-3,5-diol",-4.1,"13  1  3
19  1  3
20  10  3
24  11  3
14  2  3
22  2  3
25  28  3
29  31  3
15  3  3
21  6  3
23  7  3
16  8  3
17  9  3",0.2114,0.0247068,2,Gentamicin.1,AAADcfB7uAAAAAAAAAAAAAAAAAAAAAAAAAA0SIAAAAAAAAAAAAAAHgAQCAAADHzxgAcCCALABgAAAAAAAAAAAAAAAAAAAIAIAAATEAIAwAAnQAAHEAAXAAHw8C0MAAAAAAAAAAAAgAAUCACgAAAAAAAAAA==,0.0806109,0,1.564,1,7,0,"2-[4,6-bis(azanyl)-3-[3-azanyl-6-[1-(methylamino)ethyl]oxan-2-yl]oxy-2-oxidanyl-cyclohexyl]oxy-5-methyl-4-(methylamino)oxane-3,5-diol",,39.231,16.95,,100_sdstereoexpander_1_neutralizer_1_epik_1_stereoizer_1,Bypass - this structure was created from CID 3467
1.2,470,4.60687885038269e-06,0.6857,62404-1,-2.298,-0.261536430798065,42,-0.617819456875819,-0.0,"10165383 225 17969232286264488174
10439779 11 17910962331384081985
12156800 1 15958716085520399736
12422481 6 17700125491883751723
131258 38 18411980282320596670
13636023 51 17095535006315810626
14950920 106 18408604743385233387
15001296 14 17774438421131857281
150020 26 18188193317627787564
15264996 154 18270415896649290823
16112460 7 18341330085157887176
19319366 153 18268713977203181368
21133410 90 17343186703196506617
21591340 35 18269269235291843880
22122407 14 18342456994408236041
23559900 14 16081659876819962423
474144 1 18272938193518453049
508180 173 17129882749025334248
5895379 119 17203334420453260128
6823239 73 15502672476359195719
86090 222 16878516626487893603",23,0.175828576095814,-1.05279467554727,0.7947077,,1,136.751129,J2VwaWtfcHl0aG9uJywgJy1waCcsICc3LjAwMDAwMCcsICctcGh0JywgJzIuMDAwMDAwJywgJy1tcycsICcxNicsICctdG4nLCAnOCcsICctbWEnLCAnMjAwJywgJy1pbWFlJywgJzxpbmZpbGUubWFlPicsICctb21hZScsICc8b3V0ZmlsZS5tYWU+Jw==,,C:\Users\HPC-3\Desktop\Menzi\Clinic_Ag,9.282,,2.0,glide-grid_Ab3ANT_avrg,1.42603794690297,-13.125,6.69421672821045,62404,2,0,-0.177737261753854,,-22.5221252441406,"2
5
10",-7.46496499366187,,0.0,19.0,"36
1 1 acceptor
1 10 acceptor
1 10 donor
1 11 acceptor
1 11 donor
1 12 acceptor
1 12 donor
1 13 acceptor
1 13 donor
1 14 cation
1 14 donor
1 15 cation
1 15 donor
1 16 cation
1 16 donor
1 17 cation
1 17 donor
1 18 cation
1 18 donor
1 19 cation
1 19 donor
1 2 acceptor
1 3 acceptor
1 4 acceptor
1 5 acceptor
1 5 donor
1 6 acceptor
1 7 acceptor
1 8 acceptor
1 8 donor
1 9 acceptor
1 9 donor
5 3 26 27 28 29 rings
6 20 21 22 23 24 25 rings
6 6 30 31 32 34 35 rings
6 7 33 36 37 39 40 rings",1,0.0,16,,-9.655,,62404,0.7405,42,6.891,-170.538552828996,21.596,,0,0,46.138,vsw_avrg-LIGPREP-001-in.maegz,OPLS_2005,22,6.139,0,,0.0,,4,57,0,13.6,0.0001,,19,2,332.535,-56.2715721130371,,56135,-5.46,2,-2,-9.211,"1
29
6
47
50
36
44
55
42
18
17
10
52
3
38
26
25
45
15
43
31
46
56
37
33
54
24
48
23
11
4
49
30
13
41
28
51
9
39
19
21
5
2
22
14
53
32
40
35
34
27
12
20
7
8
16",0,"60
1 -0.56
10 -0.68
11 -0.68
12 -0.68
13 -0.68
14 -0.99
15 -0.99
16 -0.99
17 -0.99
18 -0.99
19 -0.99
2 -0.56
20 0.28
21 0.28
22 0.27
23 0.28
24 0.27
26 0.56
27 0.28
28 0.28
29 0.28
3 -0.56
30 0.56
31 0.27
32 0.28
33 0.56
34 0.28
35 0.28
36 0.27
37 0.28
38 0.28
39 0.28
4 -0.56
40 0.28
41 0.27
42 0.27
5 -0.68
58 0.36
59 0.36
6 -0.56
62 0.36
63 0.36
66 0.4
7 -0.56
71 0.4
74 0.36
75 0.36
78 0.36
79 0.36
8 -0.68
80 0.4
81 0.4
82 0.4
83 0.4
84 0.4
85 0.36
86 0.36
87 0.36
88 0.36
9 -0.68",3,1,14,12,15,520.496,"This compound contains an acetal/aminal-like group ( X-CH(R)-Y where X, Y are N, S, or O) that may be acid/base labile, releasing an aldehyde.",57,,Neomycins.sdf,55.965,0.0,0.6857,-0.376056201205317,23,0.0,336.165,,,121507,-78.7936973571777,-1.52,,101.3376,-1.51,1,57-1,6,853.031,0,-8.15066499366187,1,0.0,,6,"758.15
12.42
5.91
3.21
17.14
0.4
-1.66
-1.59
5.66
-9.99
2.85
0.98
-0.85
-3.48",,0,1,6,1,20,614.649,1659.629,W05IMl1bQ0BASF0xW0NAQEhdKFtPSF0pW0NASF0oW09IXSlbQ0BASF0oW0NIMl1bTkgyXSlPW0NAQEhdMU9bQ0BIXShbQ0BASF0oW05IMl0pW0NIMl1bQ0BASF0oW05IMl0pW0NAQEhdMltPSF0pW0NAQEhdMk9bQ0BASF0zT1tDQEhdKFtDSDJdW09IXSlbQ0BIXShbQ0BIXTNbT0hdKU9bQ0BIXTRPW0NAQEhdKFtDSDJdW05IMl0pW0NAQEhdKFtPSF0pW0NASF0oW09IXSlbQ0BIXTRbTkgyXQ==,182.894,-1.57566179052534,,0000F3C400000001,,,,0.7404,0.0286104,3,Neomycins.1,,0.143588,0,0.002,1,,18,,424.1,59.522,28.1,1571.309,57_sdstereoexpander_1_neutralizer_1_epik_1_stereoizer_1,
1.2,410,4.60612968832685e-06,0.6857,62404-1,-2.299,-0.168211126167209,42,-0.61726079269068,-0.0,"10165383 225 17969232286264488174
10439779 11 17910962331384081985
12156800 1 15958716085520399736
12422481 6 17700125491883751723
131258 38 18411980282320596670
13636023 51 17095535006315810626
14950920 106 18408604743385233387
15001296 14 17774438421131857281
150020 26 18188193317627787564
15264996 154 18270415896649290823
16112460 7 18341330085157887176
19319366 153 18268713977203181368
21133410 90 17343186703196506617
21591340 35 18269269235291843880
22122407 14 18342456994408236041
23559900 14 16081659876819962423
474144 1 18272938193518453049
508180 173 17129882749025334248
5895379 119 17203334420453260128
6823239 73 15502672476359195719
86090 222 16878516626487893603",23,0.175828576095814,-0.966292361691206,0.7945417,,1,136.751126,J2VwaWtfcHl0aG9uJywgJy1waCcsICc3LjAwMDAwMCcsICctcGh0JywgJzIuMDAwMDAwJywgJy1tcycsICcxNicsICctdG4nLCAnOCcsICctbWEnLCAnMjAwJywgJy1pbWFlJywgJzxpbmZpbGUubWFlPicsICctb21hZScsICc8b3V0ZmlsZS5tYWU+Jw==,,C:\Users\HPC-3\Desktop\Menzi\Clinic_Ag,9.282,,2.0,glide-grid_Ab3ANT_avrg,1.42603794690297,-13.125,11.3344659805298,62404,2,0,-0.177576542564127,,-21.4218597412109,"2
5
10",-7.45821478769334,,0.0,19.0,"36
1 1 acceptor
1 10 acceptor
1 10 donor
1 11 acceptor
1 11 donor
1 12 acceptor
1 12 donor
1 13 acceptor
1 13 donor
1 14 cation
1 14 donor
1 15 cation
1 15 donor
1 16 cation
1 16 donor
1 17 cation
1 17 donor
1 18 cation
1 18 donor
1 19 cation
1 19 donor
1 2 acceptor
1 3 acceptor
1 4 acceptor
1 5 acceptor
1 5 donor
1 6 acceptor
1 7 acceptor
1 8 acceptor
1 8 donor
1 9 acceptor
1 9 donor
5 3 26 27 28 29 rings
6 20 21 22 23 24 25 rings
6 6 30 31 32 34 35 rings
6 7 33 36 37 39 40 rings",1,0.0,16,,-9.654,,62404,0.7405,42,6.89,-171.316426517535,21.603,,0,0,46.164,vsw_avrg-LIGPREP-001-in.maegz,OPLS_2005,22,6.139,0,,0.0,,13,51,0,13.6,0.0001,,19,2,332.934,-56.6604537963867,,56135,-5.462,2,-2,-9.213,"1
29
6
47
50
36
44
55
42
18
17
10
52
3
38
26
25
45
15
43
31
46
56
37
33
54
24
48
23
11
4
49
30
13
41
28
51
9
39
19
21
5
2
22
14
53
32
40
35
34
27
12
20
7
8
16",0,"60
1 -0.56
10 -0.68
11 -0.68
12 -0.68
13 -0.68
14 -0.99
15 -0.99
16 -0.99
17 -0.99
18 -0.99
19 -0.99
2 -0.56
20 0.28
21 0.28
22 0.27
23 0.28
24 0.27
26 0.56
27 0.28
28 0.28
29 0.28
3 -0.56
30 0.56
31 0.27
32 0.28
33 0.56
34 0.28
35 0.28
36 0.27
37 0.28
38 0.28
39 0.28
4 -0.56
40 0.28
41 0.27
42 0.27
5 -0.68
58 0.36
59 0.36
6 -0.56
62 0.36
63 0.36
66 0.4
7 -0.56
71 0.4
74 0.36
75 0.36
78 0.36
79 0.36
8 -0.68
80 0.4
81 0.4
82 0.4
83 0.4
84 0.4
85 0.36
86 0.36
87 0.36
88 0.36
9 -0.68",3,1,14,6,15,520.5,"This compound contains an acetal/aminal-like group ( X-CH(R)-Y where X, Y are N, S, or O) that may be acid/base labile, releasing an aldehyde.",51,,Neomycins.sdf,55.966,0.0,0.6857,-0.361657096923723,23,0.0,336.162,,,121507,-78.0823135375977,-1.52,,101.3376,-1.75248979194647,1,51-1,6,853.433,0,-8.14391478769334,1,0.0,,6,"758.15
12.42
5.91
3.21
17.14
0.4
-1.66
-1.59
5.66
-9.99
2.85
0.98
-0.85
-3.48",,0,1,6,1,20,614.649,1660.282,W05IMl1bQ0BASF0xW0NAQEhdKFtPSF0pW0NASF0oW09IXSlbQ0BASF0oW0NIMl1bTkgyXSlPW0NAQEhdMU9bQ0BIXShbQ0BASF0oW05IMl0pW0NIMl1bQ0BASF0oW05IMl0pW0NAQEhdMltPSF0pW0NAQEhdMk9bQ0BASF0zT1tDQEhdKFtDSDJdW09IXSlbQ0BIXShbQ0BIXTNbT0hdKU9bQ0BIXTRPW0NAQEhdKFtDSDJdW05IMl0pW0NAQEhdKFtPSF0pW0NASF0oW09IXSlbQ0BIXTRbTkgyXQ==,182.894,-1.57423699595071,,0000F3C400000001,,,,0.7404,0.0285949,3,Neomycins.1,,0.1435204,0,0.002,1,,18,,424.1,59.531,28.1,1571.309,51_sdstereoexpander_1_neutralizer_1_epik_1_stereoizer_1,
1.2,460,4.64486557953467e-06,0.6857,62404-1,-2.298,-0.245926903728932,42,-0.616655590357189,-0.0,"10165383 225 17969232286264488174
10439779 11 17910962331384081985
12156800 1 15958716085520399736
12422481 6 17700125491883751723
131258 38 18411980282320596670
13636023 51 17095535006315810626
14950920 106 18408604743385233387
15001296 14 17774438421131857281
150020 26 18188193317627787564
15264996 154 18270415896649290823
16112460 7 18341330085157887176
19319366 153 18268713977203181368
21133410 90 17343186703196506617
21591340 35 18269269235291843880
22122407 14 18342456994408236041
23559900 14 16081659876819962423
474144 1 18272938193518453049
508180 173 17129882749025334248
5895379 119 17203334420453260128
6823239 73 15502672476359195719
86090 222 16878516626487893603",23,0.175828576095814,-1.06482115668808,0.7946162,,1,136.750016,J2VwaWtfcHl0aG9uJywgJy1waCcsICc3LjAwMDAwMCcsICctcGh0JywgJzIuMDAwMDAwJywgJy1tcycsICcxNicsICctdG4nLCAnOCcsICctbWEnLCAnMjAwJywgJy1pbWFlJywgJzxpbmZpbGUubWFlPicsICctb21hZScsICc8b3V0ZmlsZS5tYWU+Jw==,,C:\Users\HPC-3\Desktop\Menzi\Clinic_Ag,9.282,,2.0,glide-grid_Ab3ANT_avrg,1.42603794690297,-13.122,6.53693342208862,62404,2,0,-0.177402435056886,,-22.3986797332764,"2
5
10",-7.45090227238922,,0.0,19.0,"36
1 1 acceptor
1 10 acceptor
1 10 donor
1 11 acceptor
1 11 donor
1 12 acceptor
1 12 donor
1 13 acceptor
1 13 donor
1 14 cation
1 14 donor
1 15 cation
1 15 donor
1 16 cation
1 16 donor
1 17 cation
1 17 donor
1 18 cation
1 18 donor
1 19 cation
1 19 donor
1 2 acceptor
1 3 acceptor
1 4 acceptor
1 5 acceptor
1 5 donor
1 6 acceptor
1 7 acceptor
1 8 acceptor
1 8 donor
1 9 acceptor
1 9 donor
5 3 26 27 28 29 rings
6 20 21 22 23 24 25 rings
6 6 30 31 32 34 35 rings
6 7 33 36 37 39 40 rings",1,0.0,16,,-9.654,,62404,0.7405,42,6.874,-170.426273631088,21.597,,0,0,46.143,vsw_avrg-LIGPREP-001-in.maegz,OPLS_2005,22,6.139,0,,0.0,,5,56,0,13.6,0.0001,,19,2,332.872,-54.6936988830566,,56135,-5.459,2,-2,-9.212,"1
29
6
47
50
36
44
55
42
18
17
10
52
3
38
26
25
45
15
43
31
46
56
37
33
54
24
48
23
11
4
49
30
13
41
28
51
9
39
19
21
5
2
22
14
53
32
40
35
34
27
12
20
7
8
16",0,"60
1 -0.56
10 -0.68
11 -0.68
12 -0.68
13 -0.68
14 -0.99
15 -0.99
16 -0.99
17 -0.99
18 -0.99
19 -0.99
2 -0.56
20 0.28
21 0.28
22 0.27
23 0.28
24 0.27
26 0.56
27 0.28
28 0.28
29 0.28
3 -0.56
30 0.56
31 0.27
32 0.28
33 0.56
34 0.28
35 0.28
36 0.27
37 0.28
38 0.28
39 0.28
4 -0.56
40 0.28
41 0.27
42 0.27
5 -0.68
58 0.36
59 0.36
6 -0.56
62 0.36
63 0.36
66 0.4
7 -0.56
71 0.4
74 0.36
75 0.36
78 0.36
79 0.36
8 -0.68
80 0.4
81 0.4
82 0.4
83 0.4
84 0.4
85 0.36
86 0.36
87 0.36
88 0.36
9 -0.68",3,1,14,14,15,520.302,"This compound contains an acetal/aminal-like group ( X-CH(R)-Y where X, Y are N, S, or O) that may be acid/base labile, releasing an aldehyde.",56,,Neomycins.sdf,55.964,0.0,0.6857,-0.371748801404202,23,0.0,336.178,,,121507,-77.092378616333,-1.519,,101.3376,-1.51,1,56-1,6,853.175,0,-8.13660227238922,1,0.0,,6,"758.15
12.42
5.91
3.21
17.14
0.4
-1.66
-1.59
5.66
-9.99
2.85
0.98
-0.85
-3.48",,0,1,6,1,20,614.649,1659.761,W05IMl1bQ0BASF0xW0NAQEhdKFtPSF0pW0NASF0oW09IXSlbQ0BASF0oW0NIMl1bTkgyXSlPW0NAQEhdMU9bQ0BIXShbQ0BASF0oW05IMl0pW0NIMl1bQ0BASF0oW05IMl0pW0NAQEhdMltPSF0pW0NAQEhdMk9bQ0BASF0zT1tDQEhdKFtDSDJdW09IXSlbQ0BIXShbQ0BIXTNbT0hdKU9bQ0BIXTRPW0NAQEhdKFtDSDJdW05IMl0pW0NAQEhdKFtPSF0pW0NASF0oW09IXSlbQ0BIXTRbTkgyXQ==,182.894,-1.57269351236209,,0000F3C400000001,,,,0.7404,0.0284731,3,Neomycins.1,,0.1435638,0,0.002,1,,18,,424.1,59.521,28.1,1571.309,56_sdstereoexpander_1_neutralizer_1_epik_1_stereoizer_1,
,1016,0.257312769718566,0.1757,3467-1,-0.93,0.0,33,-0.720527555268513,-0.0,,18,0.304942915495211,-0.780921031796712,0.8692421,477.31624873,1,115.866521,J2VwaWtfcHl0aG9uJywgJy1waCcsICc3LjAwMDAwMCcsICctcGh0JywgJzIuMDAwMDAwJywgJy1tcycsICcxNicsICctdG4nLCAnOCcsICctbWEnLCAnMjAwJywgJy1pbWFlJywgJzxpbmZpbGUubWFlPicsICctb21hZScsICc8b3V0ZmlsZS5tYWU+Jw==,"2-[4,6-diamino-3-[3-amino-6-[1-(methylamino)ethyl]oxan-2-yl]oxy-2-hydroxycyclohexyl]oxy-5-methyl-4-(methylamino)oxane-3,5-diol",C:\Users\HPC-3\Desktop\Menzi\Clinic_Ag,8.865,CC(C1CCC(C(O1)OC2C(CC(C(C2O)OC3C(C(C(CO3)(C)O)NC)O)N)N)N)NC,2.0,glide-grid_Ab3ANT_avrg,0.387096191036002,-8.269,13.5473279953003,3467,2,0,-0.224635960828275,C21H43N5O7,-13.5844211578369,"1
5
255",-7.41298670733307,0,0.0,11.0,,1,0.0,10,"InChI=1S/C21H43N5O7/c1-9(25-3)13-6-5-10(22)19(31-13)32-16-11(23)7-12(24)17(14(16)27)33-20-15(28)18(26-4)21(2,29)8-30-20/h9-20,25-29H,5-8,22-24H2,1-4H3",-3.616,,3467,0.2117,33,5.888,-129.758416610677,15.133,477.31624873,0,0,41.662,vsw_avrg-LIGPREP-001-in.maegz,OPLS_2005,13,3.223,0,CEAZRRDELHUEMR-UHFFFAOYSA-N,0.621,12,2,164,0,,0.0003,CC(C1CCC(C(O1)OC2C(CC(C(C2O)OC3C(C(C(CO3)(C)O)NC)O)N)N)N)NC,12,2,487.29,-44.5477485656738,"2-[4,6-diamino-3-[[3-amino-6-[1-(methylamino)ethyl]-2-oxanyl]oxy]-2-hydroxycyclohexyl]oxy-5-methyl-4-(methylamino)oxane-3,5-diol",56135,-1.277,2,-2,-7.279,,0,,2,-1,5,2,8,210.094,"This compound contains an acetal/aminal-like group ( X-CH(R)-Y where X, Y are N, S, or O) that may be acid/base labile, releasing an aldehyde.",164,8,Gentamicin.sdf,32.765,0.0,0.1757,-0.500090624048814,18,0.0,181.264,1,477.6,121505,-58.1321697235107,-1.924,200,,-1.93339690909091,1,164-1,5,697.384,0,-7.58868670733307,1,0.0,"2-[4,6-diamino-3-[3-amino-6-[1-(methylamino)ethyl]tetrahydropyran-2-yl]oxy-2-hydroxy-cyclohexoxy]-5-methyl-4-(methylamino)tetrahydropyran-3,5-diol",5,,"2-[4,6-diamino-3-[3-amino-6-[1-(methylamino)ethyl]tetrahydropyran-2-yl]oxy-2-hydroxy-cyclohexoxy]-5-methyl-4-(methylamino)tetrahydropyran-3,5-diol",0,1,5,13,16,477.6,1403.369,W09IXVtDQF0xKFtDSDNdKVtDQEhdKFtOSF1bQ0gzXSlbQ0BASF0oW09IXSlbQ0BIXShPW0NIMl0xKU9bQ0BIXTJbQ0BASF0oW09IXSlbQ0BASF0oW0NASF0oW05IMl0pW0NIMl1bQ0BIXTJbTkgyXSlPW0NASF0zT1tDQEBIXShbQ0BASF0oW0NIM10pW05IXVtDSDNdKVtDSDJdW0NIMl1bQ0BIXTNbTkgyXQ==,,-1.64860986131989,636,,"2-[4,6-diamino-3-[3-amino-6-[1-(methylamino)ethyl]oxan-2-yl]oxy-2-hydroxycyclohexyl]oxy-5-methyl-4-(methylamino)oxane-3,5-diol",-4.1,"13  1  3
19  1  3
20  10  3
24  11  3
14  2  3
22  2  3
25  28  3
29  31  3
15  3  3
21  6  3
23  7  3
16  8  3
17  9  3",0.2114,0.024707,2,Gentamicin.1,AAADcfB7uAAAAAAAAAAAAAAAAAAAAAAAAAA0SIAAAAAAAAAAAAAAHgAQCAAADHzxgAcCCALABgAAAAAAAAAAAAAAAAAAAIAIAAATEAIAwAAnQAAHEAAXAAHw8C0MAAAAAAAAAAAAgAAUCACgAAAAAAAAAA==,0.0806109,0,1.564,1,7,0,"2-[4,6-bis(azanyl)-3-[3-azanyl-6-[1-(methylamino)ethyl]oxan-2-yl]oxy-2-oxidanyl-cyclohexyl]oxy-5-methyl-4-(methylamino)oxane-3,5-diol",,39.231,16.95,,164_sdstereoexpander_1_neutralizer_1_epik_1_stereoizer_1,Bypass - this structure was created from CID 3467
1.4,173,0.0146671707399979,0.4945,42613186-1,-2.064,-0.0843121718936537,41,-0.61963666174871,-0.0,"10006869 2 18269552750568080037
10074138 170 18269538598149478499
10290309 65 18337108961155057261
11049842 53 18262252028019644524
11607047 403 18336554845680461467
12788726 201 18046617078510843010
13692114 37 18409448081287959571
13757389 114 18050862296694374934
15200665 1 18339369655123429841
19319366 153 18270672078642437228
21033648 29 18200587124787565752
21703447 108 18120659033423511835
22956985 138 17975701593079852708
23559900 14 17686338664513349317
4144715 1 17545602253904402521
6691757 9 18122592120920417216
6700243 42 17477526391630624276
6703917 75 18339380612129003060
79837 15 18266718299532980426",18,0.41522827657654,-1.23231802405842,0.7673153,,1,58.886595,J2VwaWtfcHl0aG9uJywgJy1waCcsICc3LjAwMDAwMCcsICctcGh0JywgJzIuMDAwMDAwJywgJy1tcycsICcxNicsICctdG4nLCAnOCcsICctbWEnLCAnMjAwJywgJy1pbWFlJywgJzxpbmZpbGUubWFlPicsICctb21hZScsICc8b3V0ZmlsZS5tYWU+Jw==,,C:\Users\HPC-3\Desktop\Menzi\Clinic_Ag,9.021,,2.0,glide-grid_Ab3ANT_avrg,0.672098752234441,-9.606,8.06720352172852,42613186,2,0,-0.179697687042176,,-25.6026420593262,"2
5
10",-7.36760516872922,,0.0,14.0,"29
1 1 acceptor
1 10 acceptor
1 10 donor
1 11 donor
1 12 cation
1 12 donor
1 13 cation
1 13 donor
1 14 cation
1 14 donor
1 15 cation
1 15 donor
1 16 cation
1 16 donor
1 2 acceptor
1 3 acceptor
1 4 acceptor
1 4 donor
1 5 acceptor
1 5 donor
1 6 acceptor
1 6 donor
1 7 acceptor
1 8 acceptor
1 9 acceptor
1 9 donor
6 17 18 19 20 21 22 rings
6 3 23 24 25 26 27 rings
6 7 28 30 32 35 36 rings",1,22.286,19,,-5.643,,42613186,0.4497,41,3.657,-117.909262784966,20.48,,0,0,51.105,vsw_avrg-LIGPREP-001-in.maegz,OPLS_2005,21,3.7,0,,0.036,,1,23,0,17.2,0.2721,,16,2,553.602,-30.5737247467041,,56135,-3.652,2,-2,-7.716,"1
24
6
3
5
23
4
16
17
2
20
22
15
21
7
11
14
8
26
25
13
18
10
9
12
19",0,"53
1 -0.56
10 -0.68
11 -0.73
12 -0.99
13 -0.9
14 -0.99
15 -0.9
16 -0.99
17 0.28
18 0.3
19 0.28
2 -0.56
20 0.28
21 0.27
23 0.56
24 0.27
25 0.28
26 0.28
27 0.28
28 0.56
3 -0.56
30 0.27
31 0.57
32 0.14
33 0.34
34 0.27
35 -0.06
36 -0.29
38 0.41
39 0.27
4 -0.68
40 0.27
41 0.28
5 -0.68
52 0.37
55 0.36
56 0.36
58 0.4
6 -0.68
62 0.36
64 0.4
65 0.4
7 -0.36
72 0.15
73 0.36
74 0.36
79 0.4
8 -0.57
82 0.36
83 0.36
84 0.36
89 0.4
9 -0.68",3,2,13,13,13,330.883,"This compound contains an acetal/aminal-like group ( X-CH(R)-Y where X, Y are N, S, or O) that may be acid/base labile, releasing an aldehyde.",23,,Plazomicin.sdf,43.505,0.0,0.4945,-0.39557114638738,18,0.0,261.04,,,121510,-56.1763668060303,-1.113,,76.6037,-1.285,1,23-1,4,918.603,1,-7.86210516872922,1,34.118,,5,"755.18
13.64
9.31
1.78
14.3
19.21
0.42
-14.83
8.38
0.35
-0.42
-1.22
-0.28
-0.17",,0,1,4,0,14,592.688,1759.564,W09IXVtDQF0xKFtDSDNdKVtDQEhdKFtOSF1bQ0gzXSlbQ0BASF0oW09IXSlbQ0BIXShPW0NIMl0xKU9bQ0BIXTJbQ0BIXShbTkhdQyg9TylbQ0BASF0oW09IXSlbQ0gyXVtDSDJdW05IMl0pW0NIMl1bQ0BIXShbTkgyXSlbQ0BIXShbQ0BASF0yW09IXSlPW0NASF0zT0MoPVtDSF1bQ0gyXVtDQEhdM1tOSDJdKVtDSDJdW05IXVtDSDJdW0NIMl1bT0hd,147.306,-1.56306195481182,,028A39C200000001,,,,0.1776,0.007601,2,Plazomicin.1,,0.0892031,0,0.074,1,,12,,432.5,49.394,21.9,1534.094,23_sdstereoexpander_1_neutralizer_1_epik_1_stereoizer_1,
1.2,440,4.61161224719015e-06,0.6857,62404-1,-2.298,-0.21737345485636,42,-0.608857257404742,-0.0,"10165383 225 17969232286264488174
10439779 11 17910962331384081985
12156800 1 15958716085520399736
12422481 6 17700125491883751723
131258 38 18411980282320596670
13636023 51 17095535006315810626
14950920 106 18408604743385233387
15001296 14 17774438421131857281
150020 26 18188193317627787564
15264996 154 18270415896649290823
16112460 7 18341330085157887176
19319366 153 18268713977203181368
21133410 90 17343186703196506617
21591340 35 18269269235291843880
22122407 14 18342456994408236041
23559900 14 16081659876819962423
474144 1 18272938193518453049
508180 173 17129882749025334248
5895379 119 17203334420453260128
6823239 73 15502672476359195719
86090 222 16878516626487893603",23,0.175828576095814,-1.04981074474092,0.7946413,,1,136.751111,J2VwaWtfcHl0aG9uJywgJy1waCcsICc3LjAwMDAwMCcsICctcGh0JywgJzIuMDAwMDAwJywgJy1tcycsICcxNicsICctdG4nLCAnOCcsICctbWEnLCAnMjAwJywgJy1pbWFlJywgJzxpbmZpbGUubWFlPicsICctb21hZScsICc8b3V0ZmlsZS5tYWU+Jw==,,C:\Users\HPC-3\Desktop\Menzi\Clinic_Ag,9.282,,2.0,glide-grid_Ab3ANT_avrg,1.42603794690297,-13.125,6.83285760879517,62404,2,0,-0.175158973265926,,-21.0293369293213,"2
5
10",-7.35667687716888,,0.0,19.0,"36
1 1 acceptor
1 10 acceptor
1 10 donor
1 11 acceptor
1 11 donor
1 12 acceptor
1 12 donor
1 13 acceptor
1 13 donor
1 14 cation
1 14 donor
1 15 cation
1 15 donor
1 16 cation
1 16 donor
1 17 cation
1 17 donor
1 18 cation
1 18 donor
1 19 cation
1 19 donor
1 2 acceptor
1 3 acceptor
1 4 acceptor
1 5 acceptor
1 5 donor
1 6 acceptor
1 7 acceptor
1 8 acceptor
1 8 donor
1 9 acceptor
1 9 donor
5 3 26 27 28 29 rings
6 20 21 22 23 24 25 rings
6 6 30 31 32 34 35 rings
6 7 33 36 37 39 40 rings",1,0.0,16,,-9.655,,62404,0.7405,42,6.89,-171.526723368106,21.597,,0,0,46.142,vsw_avrg-LIGPREP-001-in.maegz,OPLS_2005,22,6.139,0,,0.0,,6,54,0,13.6,0.0001,,19,2,332.661,-57.3234748840332,,56135,-5.461,2,-2,-9.212,"1
29
6
47
50
36
44
55
42
18
17
10
52
3
38
26
25
45
15
43
31
46
56
37
33
54
24
48
23
11
4
49
30
13
41
28
51
9
39
19
21
5
2
22
14
53
32
40
35
34
27
12
20
7
8
16",0,"60
1 -0.56
10 -0.68
11 -0.68
12 -0.68
13 -0.68
14 -0.99
15 -0.99
16 -0.99
17 -0.99
18 -0.99
19 -0.99
2 -0.56
20 0.28
21 0.28
22 0.27
23 0.28
24 0.27
26 0.56
27 0.28
28 0.28
29 0.28
3 -0.56
30 0.56
31 0.27
32 0.28
33 0.56
34 0.28
35 0.28
36 0.27
37 0.28
38 0.28
39 0.28
4 -0.56
40 0.28
41 0.27
42 0.27
5 -0.68
58 0.36
59 0.36
6 -0.56
62 0.36
63 0.36
66 0.4
7 -0.56
71 0.4
74 0.36
75 0.36
78 0.36
79 0.36
8 -0.68
80 0.4
81 0.4
82 0.4
83 0.4
84 0.4
85 0.36
86 0.36
87 0.36
88 0.36
9 -0.68",3,1,14,11,15,520.472,"This compound contains an acetal/aminal-like group ( X-CH(R)-Y where X, Y are N, S, or O) that may be acid/base labile, releasing an aldehyde.",54,,Neomycins.sdf,55.965,0.0,0.6857,-0.389554407201343,23,0.0,336.163,,,121507,-78.3528118133545,-1.519,,101.3376,-1.51,1,54-1,6,853.132,0,-8.04237687716888,1,0.0,,6,"758.15
12.42
5.91
3.21
17.14
0.4
-1.66
-1.59
5.66
-9.99
2.85
0.98
-0.85
-3.48",,0,1,6,1,20,614.649,1659.716,W05IMl1bQ0BASF0xW0NAQEhdKFtPSF0pW0NASF0oW09IXSlbQ0BASF0oW0NIMl1bTkgyXSlPW0NAQEhdMU9bQ0BIXShbQ0BASF0oW05IMl0pW0NIMl1bQ0BASF0oW05IMl0pW0NAQEhdMltPSF0pW0NAQEhdMk9bQ0BASF0zT1tDQEhdKFtDSDJdW09IXSlbQ0BIXShbQ0BIXTNbT0hdKU9bQ0BIXTRPW0NAQEhdKFtDSDJdW05IMl0pW0NAQEhdKFtPSF0pW0NASF0oW09IXSlbQ0BIXTRbTkgyXQ==,182.894,-1.55280495895669,,0000F3C400000001,,,,0.7404,0.0286022,3,Neomycins.1,,0.143571,0,0.002,1,,18,,424.1,59.523,28.1,1571.309,54_sdstereoexpander_1_neutralizer_1_epik_1_stereoizer_1,
1.2,430,4.60664822002355e-06,0.6857,62404-1,-2.298,-0.0322153970217273,42,-0.607941646710051,-0.0,"10165383 225 17969232286264488174
10439779 11 17910962331384081985
12156800 1 15958716085520399736
12422481 6 17700125491883751723
131258 38 18411980282320596670
13636023 51 17095535006315810626
14950920 106 18408604743385233387
15001296 14 17774438421131857281
150020 26 18188193317627787564
15264996 154 18270415896649290823
16112460 7 18341330085157887176
19319366 153 18268713977203181368
21133410 90 17343186703196506617
21591340 35 18269269235291843880
22122407 14 18342456994408236041
23559900 14 16081659876819962423
474144 1 18272938193518453049
508180 173 17129882749025334248
5895379 119 17203334420453260128
6823239 73 15502672476359195719
86090 222 16878516626487893603",23,0.175828576095814,-0.871485308375995,0.7947033,,1,136.75113,J2VwaWtfcHl0aG9uJywgJy1waCcsICc3LjAwMDAwMCcsICctcGh0JywgJzIuMDAwMDAwJywgJy1tcycsICcxNicsICctdG4nLCAnOCcsICctbWEnLCAnMjAwJywgJy1pbWFlJywgJzxpbmZpbGUubWFlPicsICctb21hZScsICc8b3V0ZmlsZS5tYWU+Jw==,,C:\Users\HPC-3\Desktop\Menzi\Clinic_Ag,9.282,,2.0,glide-grid_Ab3ANT_avrg,1.42603794690297,-13.125,13.9094896316528,62404,2,0,-0.174895565993954,,-21.6715183258057,"2
5
10",-7.34561377174605,,0.0,19.0,"36
1 1 acceptor
1 10 acceptor
1 10 donor
1 11 acceptor
1 11 donor
1 12 acceptor
1 12 donor
1 13 acceptor
1 13 donor
1 14 cation
1 14 donor
1 15 cation
1 15 donor
1 16 cation
1 16 donor
1 17 cation
1 17 donor
1 18 cation
1 18 donor
1 19 cation
1 19 donor
1 2 acceptor
1 3 acceptor
1 4 acceptor
1 5 acceptor
1 5 donor
1 6 acceptor
1 7 acceptor
1 8 acceptor
1 8 donor
1 9 acceptor
1 9 donor
5 3 26 27 28 29 rings
6 20 21 22 23 24 25 rings
6 6 30 31 32 34 35 rings
6 7 33 36 37 39 40 rings",1,0.0,16,,-9.655,,62404,0.7405,42,6.891,-156.875427420445,21.596,,0,0,46.139,vsw_avrg-LIGPREP-001-in.maegz,OPLS_2005,22,6.139,0,,0.0,,13,53,0,13.6,0.0001,,19,2,332.542,-49.6468162536621,,56135,-5.46,2,-2,-9.211,"1
29
6
47
50
36
44
55
42
18
17
10
52
3
38
26
25
45
15
43
31
46
56
37
33
54
24
48
23
11
4
49
30
13
41
28
51
9
39
19
21
5
2
22
14
53
32
40
35
34
27
12
20
7
8
16",0,"60
1 -0.56
10 -0.68
11 -0.68
12 -0.68
13 -0.68
14 -0.99
15 -0.99
16 -0.99
17 -0.99
18 -0.99
19 -0.99
2 -0.56
20 0.28
21 0.28
22 0.27
23 0.28
24 0.27
26 0.56
27 0.28
28 0.28
29 0.28
3 -0.56
30 0.56
31 0.27
32 0.28
33 0.56
34 0.28
35 0.28
36 0.27
37 0.28
38 0.28
39 0.28
4 -0.56
40 0.28
41 0.27
42 0.27
5 -0.68
58 0.36
59 0.36
6 -0.56
62 0.36
63 0.36
66 0.4
7 -0.56
71 0.4
74 0.36
75 0.36
78 0.36
79 0.36
8 -0.68
80 0.4
81 0.4
82 0.4
83 0.4
84 0.4
85 0.36
86 0.36
87 0.36
88 0.36
9 -0.68",3,1,14,16,15,520.497,"This compound contains an acetal/aminal-like group ( X-CH(R)-Y where X, Y are N, S, or O) that may be acid/base labile, releasing an aldehyde.",53,,Neomycins.sdf,55.965,0.0,0.6857,-0.432776277010149,23,0.0,336.164,,,121507,-71.3183345794678,-1.52,,101.3376,-1.78708944914371,1,53-1,6,853.039,0,-8.03131377174605,1,0.0,,6,"758.15
12.42
5.91
3.21
17.14
0.4
-1.66
-1.59
5.66
-9.99
2.85
0.98
-0.85
-3.48",,0,1,6,1,20,614.649,1659.638,W05IMl1bQ0BASF0xW0NAQEhdKFtPSF0pW0NASF0oW09IXSlbQ0BASF0oW0NIMl1bTkgyXSlPW0NAQEhdMU9bQ0BIXShbQ0BASF0oW05IMl0pW0NIMl1bQ0BASF0oW05IMl0pW0NAQEhdMltPSF0pW0NAQEhdMk9bQ0BASF0zT1tDQEhdKFtDSDJdW09IXSlbQ0BIXShbQ0BIXTNbT0hdKU9bQ0BIXTRPW0NAQEhdKFtDSDJdW05IMl0pW0NAQEhdKFtPSF0pW0NASF0oW09IXSlbQ0BIXTRbTkgyXQ==,182.894,-1.55046982242034,,0000F3C400000001,,,,0.7404,0.0286095,3,Neomycins.1,,0.1435867,0,0.002,1,,18,,424.1,59.522,28.1,1571.309,53_sdstereoexpander_1_neutralizer_1_epik_1_stereoizer_1,
1.2,450,4.6391282771362e-06,0.6857,62404-1,-2.367,-0.186658321010778,42,-0.607569285158291,-0.0,"10165383 225 17969232286264488174
10439779 11 17910962331384081985
12156800 1 15958716085520399736
12422481 6 17700125491883751723
131258 38 18411980282320596670
13636023 51 17095535006315810626
14950920 106 18408604743385233387
15001296 14 17774438421131857281
150020 26 18188193317627787564
15264996 154 18270415896649290823
16112460 7 18341330085157887176
19319366 153 18268713977203181368
21133410 90 17343186703196506617
21591340 35 18269269235291843880
22122407 14 18342456994408236041
23559900 14 16081659876819962423
474144 1 18272938193518453049
508180 173 17129882749025334248
5895379 119 17203334420453260128
6823239 73 15502672476359195719
86090 222 16878516626487893603",23,0.175828576095814,-1.07949911525543,0.7849496,,1,136.750057,J2VwaWtfcHl0aG9uJywgJy1waCcsICc3LjAwMDAwMCcsICctcGh0JywgJzIuMDAwMDAwJywgJy1tcycsICcxNicsICctdG4nLCAnOCcsICctbWEnLCAnMjAwJywgJy1pbWFlJywgJzxpbmZpbGUubWFlPicsICctb21hZScsICc8b3V0ZmlsZS5tYWU+Jw==,,C:\Users\HPC-3\Desktop\Menzi\Clinic_Ag,9.282,,2.0,glide-grid_Ab3ANT_avrg,1.42603794690297,-13.122,6.79375839233398,62404,2,0,-0.174788443238502,,-20.7844409942627,"2
5
10",-7.34111461601708,,0.0,19.0,"36
1 1 acceptor
1 10 acceptor
1 10 donor
1 11 acceptor
1 11 donor
1 12 acceptor
1 12 donor
1 13 acceptor
1 13 donor
1 14 cation
1 14 donor
1 15 cation
1 15 donor
1 16 cation
1 16 donor
1 17 cation
1 17 donor
1 18 cation
1 18 donor
1 19 cation
1 19 donor
1 2 acceptor
1 3 acceptor
1 4 acceptor
1 5 acceptor
1 5 donor
1 6 acceptor
1 7 acceptor
1 8 acceptor
1 8 donor
1 9 acceptor
1 9 donor
5 3 26 27 28 29 rings
6 20 21 22 23 24 25 rings
6 6 30 31 32 34 35 rings
6 7 33 36 37 39 40 rings",1,0.0,16,,-9.669,,62404,0.7405,42,6.877,-172.62451810849,21.807,,0,0,46.767,vsw_avrg-LIGPREP-001-in.maegz,OPLS_2005,22,6.139,0,,0.0,,7,55,0,13.6,0.0001,,19,2,348.743,-57.6973724365234,,56135,-5.596,2,-2,-9.369,"1
29
6
47
50
36
44
55
42
18
17
10
52
3
38
26
25
45
15
43
31
46
56
37
33
54
24
48
23
11
4
49
30
13
41
28
51
9
39
19
21
5
2
22
14
53
32
40
35
34
27
12
20
7
8
16",0,"60
1 -0.56
10 -0.68
11 -0.68
12 -0.68
13 -0.68
14 -0.99
15 -0.99
16 -0.99
17 -0.99
18 -0.99
19 -0.99
2 -0.56
20 0.28
21 0.28
22 0.27
23 0.28
24 0.27
26 0.56
27 0.28
28 0.28
29 0.28
3 -0.56
30 0.56
31 0.27
32 0.28
33 0.56
34 0.28
35 0.28
36 0.27
37 0.28
38 0.28
39 0.28
4 -0.56
40 0.28
41 0.27
42 0.27
5 -0.68
58 0.36
59 0.36
6 -0.56
62 0.36
63 0.36
66 0.4
7 -0.56
71 0.4
74 0.36
75 0.36
78 0.36
79 0.36
8 -0.68
80 0.4
81 0.4
82 0.4
83 0.4
84 0.4
85 0.36
86 0.36
87 0.36
88 0.36
9 -0.68",3,1,14,3,15,520.332,"This compound contains an acetal/aminal-like group ( X-CH(R)-Y where X, Y are N, S, or O) that may be acid/base labile, releasing an aldehyde.",55,,Neomycins.sdf,56.003,0.0,0.6857,-0.387263706133556,23,0.0,336.178,,,121507,-78.4818134307861,-1.52,,101.3376,-1.51,1,55-1,6,869.075,0,-8.02681461601708,1,0.0,,6,"758.15
12.42
5.91
3.21
17.14
0.4
-1.66
-1.59
5.66
-9.99
2.85
0.98
-0.85
-3.48",,0,1,6,1,20,614.649,1675.332,W05IMl1bQ0BASF0xW0NAQEhdKFtPSF0pW0NASF0oW09IXSlbQ0BASF0oW0NIMl1bTkgyXSlPW0NAQEhdMU9bQ0BIXShbQ0BASF0oW05IMl0pW0NIMl1bQ0BASF0oW05IMl0pW0NAQEhdMltPSF0pW0NAQEhdMk9bQ0BASF0zT1tDQEhdKFtDSDJdW09IXSlbQ0BIXShbQ0BIXTNbT0hdKU9bQ0BIXTRPW0NAQEhdKFtDSDJdW05IMl0pW0NAQEhdKFtPSF0pW0NASF0oW09IXSlbQ0BIXTRbTkgyXQ==,182.894,-1.54952016655755,,0000F3C400000001,,,,0.7404,0.0282254,3,Neomycins.1,,0.1409373,0,0.002,1,,18,,424.1,59.69,28.1,1571.309,55_sdstereoexpander_1_neutralizer_1_epik_1_stereoizer_1,
1.4,183,0.0146671420351029,0.4945,42613186-1,-2.064,-0.0942605879222843,41,-0.614405410922105,-0.0,"10006869 2 18269552750568080037
10074138 170 18269538598149478499
10290309 65 18337108961155057261
11049842 53 18262252028019644524
11607047 403 18336554845680461467
12788726 201 18046617078510843010
13692114 37 18409448081287959571
13757389 114 18050862296694374934
15200665 1 18339369655123429841
19319366 153 18270672078642437228
21033648 29 18200587124787565752
21703447 108 18120659033423511835
22956985 138 17975701593079852708
23559900 14 17686338664513349317
4144715 1 17545602253904402521
6691757 9 18122592120920417216
6700243 42 17477526391630624276
6703917 75 18339380612129003060
79837 15 18266718299532980426",18,0.41522827657654,-1.13275292953035,0.7673154,,1,58.886597,J2VwaWtfcHl0aG9uJywgJy1waCcsICc3LjAwMDAwMCcsICctcGh0JywgJzIuMDAwMDAwJywgJy1tcycsICcxNicsICctdG4nLCAnOCcsICctbWEnLCAnMjAwJywgJy1pbWFlJywgJzxpbmZpbGUubWFlPicsICctb21hZScsICc8b3V0ZmlsZS5tYWU+Jw==,,C:\Users\HPC-3\Desktop\Menzi\Clinic_Ag,9.021,,2.0,glide-grid_Ab3ANT_avrg,0.672098752234441,-9.606,7.67697620391846,42613186,2,0,-0.178180598509639,,-26.1222705841064,"2
5
10",-7.3054045388952,,0.0,14.0,"29
1 1 acceptor
1 10 acceptor
1 10 donor
1 11 donor
1 12 cation
1 12 donor
1 13 cation
1 13 donor
1 14 cation
1 14 donor
1 15 cation
1 15 donor
1 16 cation
1 16 donor
1 2 acceptor
1 3 acceptor
1 4 acceptor
1 4 donor
1 5 acceptor
1 5 donor
1 6 acceptor
1 6 donor
1 7 acceptor
1 8 acceptor
1 9 acceptor
1 9 donor
6 17 18 19 20 21 22 rings
6 3 23 24 25 26 27 rings
6 7 28 30 32 35 36 rings",1,22.286,19,,-5.643,,42613186,0.4497,41,3.657,-118.493892914945,20.48,,0,0,51.105,vsw_avrg-LIGPREP-001-in.maegz,OPLS_2005,21,3.7,0,,0.036,,1,25,0,17.2,0.2721,,16,2,553.602,-29.6447448730469,,56135,-3.652,2,-2,-7.716,"1
24
6
3
5
23
4
16
17
2
20
22
15
21
7
11
14
8
26
25
13
18
10
9
12
19",0,"53
1 -0.56
10 -0.68
11 -0.73
12 -0.99
13 -0.9
14 -0.99
15 -0.9
16 -0.99
17 0.28
18 0.3
19 0.28
2 -0.56
20 0.28
21 0.27
23 0.56
24 0.27
25 0.28
26 0.28
27 0.28
28 0.56
3 -0.56
30 0.27
31 0.57
32 0.14
33 0.34
34 0.27
35 -0.06
36 -0.29
38 0.41
39 0.27
4 -0.68
40 0.27
41 0.28
5 -0.68
52 0.37
55 0.36
56 0.36
58 0.4
6 -0.68
62 0.36
64 0.4
65 0.4
7 -0.36
72 0.15
73 0.36
74 0.36
79 0.4
8 -0.57
82 0.36
83 0.36
84 0.36
89 0.4
9 -0.68",3,2,13,23,13,330.883,"This compound contains an acetal/aminal-like group ( X-CH(R)-Y where X, Y are N, S, or O) that may be acid/base labile, releasing an aldehyde.",25,,Plazomicin.sdf,43.505,0.0,0.4945,-0.397005768813789,18,0.0,261.04,,,121510,-55.7670154571533,-1.113,,76.6037,-1.285,1,25-1,4,918.603,1,-7.7999045388952,1,34.118,,5,"755.18
13.64
9.31
1.78
14.3
19.21
0.42
-14.83
8.38
0.35
-0.42
-1.22
-0.28
-0.17",,0,1,4,0,14,592.688,1759.564,W09IXVtDQF0xKFtDSDNdKVtDQEhdKFtOSF1bQ0gzXSlbQ0BASF0oW09IXSlbQ0BIXShPW0NIMl0xKU9bQ0BIXTJbQ0BIXShbTkhdQyg9TylbQ0BASF0oW09IXSlbQ0gyXVtDSDJdW05IMl0pW0NIMl1bQ0BIXShbTkgyXSlbQ0BIXShbQ0BASF0yW09IXSlPW0NASF0zT0MoPVtDSF1bQ0gyXVtDQEhdM1tOSDJdKVtDSDJdW05IXVtDSDJdW0NIMl1bT0hd,147.306,-1.54986588419833,,028A39C200000001,,,,0.1776,0.0076009,2,Plazomicin.1,,0.0892032,0,0.074,1,,12,,432.5,49.394,21.9,1534.094,25_sdstereoexpander_1_neutralizer_1_epik_1_stereoizer_1,
1.2,420,4.60639500762638e-06,0.6857,62404-1,-2.298,-0.252944419184974,42,-0.602997304530772,-0.0,"10165383 225 17969232286264488174
10439779 11 17910962331384081985
12156800 1 15958716085520399736
12422481 6 17700125491883751723
131258 38 18411980282320596670
13636023 51 17095535006315810626
14950920 106 18408604743385233387
15001296 14 17774438421131857281
150020 26 18188193317627787564
15264996 154 18270415896649290823
16112460 7 18341330085157887176
19319366 153 18268713977203181368
21133410 90 17343186703196506617
21591340 35 18269269235291843880
22122407 14 18342456994408236041
23559900 14 16081659876819962423
474144 1 18272938193518453049
508180 173 17129882749025334248
5895379 119 17203334420453260128
6823239 73 15502672476359195719
86090 222 16878516626487893603",23,0.175828576095814,-0.756223270717072,0.7946981,,1,136.751128,J2VwaWtfcHl0aG9uJywgJy1waCcsICc3LjAwMDAwMCcsICctcGh0JywgJzIuMDAwMDAwJywgJy1tcycsICcxNicsICctdG4nLCAnOCcsICctbWEnLCAnMjAwJywgJy1pbWFlJywgJzxpbmZpbGUubWFlPicsICctb21hZScsICc8b3V0ZmlsZS5tYWU+Jw==,,C:\Users\HPC-3\Desktop\Menzi\Clinic_Ag,9.282,,2.0,glide-grid_Ab3ANT_avrg,1.42603794690297,-13.125,6.96014881134033,62404,2,0,-0.17347315394406,,-20.8530597686768,"2
5
10",-7.28587246565051,,0.0,19.0,"36
1 1 acceptor
1 10 acceptor
1 10 donor
1 11 acceptor
1 11 donor
1 12 acceptor
1 12 donor
1 13 acceptor
1 13 donor
1 14 cation
1 14 donor
1 15 cation
1 15 donor
1 16 cation
1 16 donor
1 17 cation
1 17 donor
1 18 cation
1 18 donor
1 19 cation
1 19 donor
1 2 acceptor
1 3 acceptor
1 4 acceptor
1 5 acceptor
1 5 donor
1 6 acceptor
1 7 acceptor
1 8 acceptor
1 8 donor
1 9 acceptor
1 9 donor
5 3 26 27 28 29 rings
6 20 21 22 23 24 25 rings
6 6 30 31 32 34 35 rings
6 7 33 36 37 39 40 rings",1,0.0,16,,-9.655,,62404,0.7405,42,6.89,-171.726951679591,21.596,,0,0,46.139,vsw_avrg-LIGPREP-001-in.maegz,OPLS_2005,22,6.139,0,,0.0,,17,52,0,13.6,0.0001,,19,2,332.55,-59.6072540283203,,56135,-5.46,2,-2,-9.211,"1
29
6
47
50
36
44
55
42
18
17
10
52
3
38
26
25
45
15
43
31
46
56
37
33
54
24
48
23
11
4
49
30
13
41
28
51
9
39
19
21
5
2
22
14
53
32
40
35
34
27
12
20
7
8
16",0,"60
1 -0.56
10 -0.68
11 -0.68
12 -0.68
13 -0.68
14 -0.99
15 -0.99
16 -0.99
17 -0.99
18 -0.99
19 -0.99
2 -0.56
20 0.28
21 0.28
22 0.27
23 0.28
24 0.27
26 0.56
27 0.28
28 0.28
29 0.28
3 -0.56
30 0.56
31 0.27
32 0.28
33 0.56
34 0.28
35 0.28
36 0.27
37 0.28
38 0.28
39 0.28
4 -0.56
40 0.28
41 0.27
42 0.27
5 -0.68
58 0.36
59 0.36
6 -0.56
62 0.36
63 0.36
66 0.4
7 -0.56
71 0.4
74 0.36
75 0.36
78 0.36
79 0.36
8 -0.68
80 0.4
81 0.4
82 0.4
83 0.4
84 0.4
85 0.36
86 0.36
87 0.36
88 0.36
9 -0.68",3,1,14,6,15,520.498,"This compound contains an acetal/aminal-like group ( X-CH(R)-Y where X, Y are N, S, or O) that may be acid/base labile, releasing an aldehyde.",52,,Neomycins.sdf,55.965,0.0,0.6857,-0.360580363410438,23,0.0,336.163,,,121507,-80.4603137969971,-1.52,,101.3376,-1.735,1,52-1,6,853.048,0,-7.97157246565051,1,0.0,,6,"758.15
12.42
5.91
3.21
17.14
0.4
-1.66
-1.59
5.66
-9.99
2.85
0.98
-0.85
-3.48",,0,1,6,1,20,614.649,1659.648,W05IMl1bQ0BASF0xW0NAQEhdKFtPSF0pW0NASF0oW09IXSlbQ0BASF0oW0NIMl1bTkgyXSlPW0NAQEhdMU9bQ0BIXShbQ0BASF0oW05IMl0pW0NIMl1bQ0BASF0oW05IMl0pW0NAQEhdMltPSF0pW0NAQEhdMk9bQ0BASF0zT1tDQEhdKFtDSDJdW09IXSlbQ0BIXShbQ0BIXTNbT0hdKU9bQ0BIXTRPW0NAQEhdKFtDSDJdW05IMl0pW0NAQEhdKFtPSF0pW0NASF0oW09IXSlbQ0BIXTRbTkgyXQ==,182.894,-1.53785997181679,,0000F3C400000001,,,,0.7404,0.0286074,3,Neomycins.1,,0.1435852,0,0.002,1,,18,,424.1,59.522,28.1,1571.309,52_sdstereoexpander_1_neutralizer_1_epik_1_stereoizer_1,
1.2,490,4.64467536420489e-06,0.6857,62404-1,-2.298,-0.177394290302985,42,-0.600865132864119,-0.0,"10165383 225 17969232286264488174
10439779 11 17910962331384081985
12156800 1 15958716085520399736
12422481 6 17700125491883751723
131258 38 18411980282320596670
13636023 51 17095535006315810626
14950920 106 18408604743385233387
15001296 14 17774438421131857281
150020 26 18188193317627787564
15264996 154 18270415896649290823
16112460 7 18341330085157887176
19319366 153 18268713977203181368
21133410 90 17343186703196506617
21591340 35 18269269235291843880
22122407 14 18342456994408236041
23559900 14 16081659876819962423
474144 1 18272938193518453049
508180 173 17129882749025334248
5895379 119 17203334420453260128
6823239 73 15502672476359195719
86090 222 16878516626487893603",23,0.175828576095814,-1.0157286110527,0.7946173,,1,136.750025,J2VwaWtfcHl0aG9uJywgJy1waCcsICc3LjAwMDAwMCcsICctcGh0JywgJzIuMDAwMDAwJywgJy1tcycsICcxNicsICctdG4nLCAnOCcsICctbWEnLCAnMjAwJywgJy1pbWFlJywgJzxpbmZpbGUubWFlPicsICctb21hZScsICc8b3V0ZmlsZS5tYWU+Jw==,,C:\Users\HPC-3\Desktop\Menzi\Clinic_Ag,9.282,,2.0,glide-grid_Ab3ANT_avrg,1.42603794690297,-13.122,6.71671581268311,62404,2,0,-0.17285976058229,,-20.6709861755371,"2
5
10",-7.26010994445616,,0.0,19.0,"36
1 1 acceptor
1 10 acceptor
1 10 donor
1 11 acceptor
1 11 donor
1 12 acceptor
1 12 donor
1 13 acceptor
1 13 donor
1 14 cation
1 14 donor
1 15 cation
1 15 donor
1 16 cation
1 16 donor
1 17 cation
1 17 donor
1 18 cation
1 18 donor
1 19 cation
1 19 donor
1 2 acceptor
1 3 acceptor
1 4 acceptor
1 5 acceptor
1 5 donor
1 6 acceptor
1 7 acceptor
1 8 acceptor
1 8 donor
1 9 acceptor
1 9 donor
5 3 26 27 28 29 rings
6 20 21 22 23 24 25 rings
6 6 30 31 32 34 35 rings
6 7 33 36 37 39 40 rings",1,0.0,16,,-9.654,,62404,0.7405,42,6.874,-168.835549664633,21.597,,0,0,46.143,vsw_avrg-LIGPREP-001-in.maegz,OPLS_2005,22,6.139,0,,0.0,,6,59,0,13.6,0.0001,,19,2,332.87,-59.453685760498,,56135,-5.459,2,-2,-9.212,"1
29
6
47
50
36
44
55
42
18
17
10
52
3
38
26
25
45
15
43
31
46
56
37
33
54
24
48
23
11
4
49
30
13
41
28
51
9
39
19
21
5
2
22
14
53
32
40
35
34
27
12
20
7
8
16",0,"60
1 -0.56
10 -0.68
11 -0.68
12 -0.68
13 -0.68
14 -0.99
15 -0.99
16 -0.99
17 -0.99
18 -0.99
19 -0.99
2 -0.56
20 0.28
21 0.28
22 0.27
23 0.28
24 0.27
26 0.56
27 0.28
28 0.28
29 0.28
3 -0.56
30 0.56
31 0.27
32 0.28
33 0.56
34 0.28
35 0.28
36 0.27
37 0.28
38 0.28
39 0.28
4 -0.56
40 0.28
41 0.27
42 0.27
5 -0.68
58 0.36
59 0.36
6 -0.56
62 0.36
63 0.36
66 0.4
7 -0.56
71 0.4
74 0.36
75 0.36
78 0.36
79 0.36
8 -0.68
80 0.4
81 0.4
82 0.4
83 0.4
84 0.4
85 0.36
86 0.36
87 0.36
88 0.36
9 -0.68",3,1,14,3,15,520.303,"This compound contains an acetal/aminal-like group ( X-CH(R)-Y where X, Y are N, S, or O) that may be acid/base labile, releasing an aldehyde.",59,,Neomycins.sdf,55.964,0.0,0.6857,-0.384966310419438,23,0.0,336.178,,,121507,-80.1246719360352,-1.519,,101.3376,-1.51,1,59-1,6,853.173,0,-7.94580994445616,1,0.0,,6,"758.15
12.42
5.91
3.21
17.14
0.4
-1.66
-1.59
5.66
-9.99
2.85
0.98
-0.85
-3.48",,0,1,6,1,20,614.649,1659.76,W05IMl1bQ0BASF0xW0NAQEhdKFtPSF0pW0NASF0oW09IXSlbQ0BASF0oW0NIMl1bTkgyXSlPW0NAQEhdMU9bQ0BIXShbQ0BASF0oW05IMl0pW0NIMl1bQ0BASF0oW05IMl0pW0NAQEhdMltPSF0pW0NAQEhdMk9bQ0BASF0zT1tDQEhdKFtDSDJdW09IXSlbQ0BIXShbQ0BIXTNbT0hdKU9bQ0BIXTRPW0NAQEhdKFtDSDJdW05IMl0pW0NAQEhdKFtPSF0pW0NASF0oW09IXSlbQ0BIXTRbTkgyXQ==,182.894,-1.53242216731161,,0000F3C400000001,,,,0.7404,0.0284731,3,Neomycins.1,,0.1435641,0,0.002,1,,18,,424.1,59.521,28.1,1571.309,59_sdstereoexpander_1_neutralizer_1_epik_1_stereoizer_1,
,6,0.000694039558334264,0.26,36294-1,-1.316,-0.433926774646232,32,-0.7165668394203,-0.0,"11007060 377 17626676251708249296
12156800 1 17253941465961342147
12160290 23 17689457995605803580
12553582 1 18197801949600223951
12788726 201 18053958250902932865
13140716 1 18339379537853701488
133893 2 18266757937532551145
14081887 123 18198627631720500090
14787075 74 18409172121602534214
20600515 1 18115886112811792772
21421861 104 18124349114083245440
23419403 2 17054094331391800529
23559900 14 18263351628934884645
238 59 18056473091925491237
3027735 51 17465657888872418887
3459 83 11891599210129594264
35225 105 17397267131437036666
392239 28 18413110537909314234
463206 1 18340211915590745019
469060 322 17200193051139493958
513532 50 17613384071161141869
550186 7 16013825781384600348",18,0.316931882308262,-0.638348971595699,0.8739514,,1,96.037856,J2VwaWtfcHl0aG9uJywgJy1waCcsICc3LjAwMDAwMCcsICctcGh0JywgJzIuMDAwMDAwJywgJy1tcycsICcxNicsICctdG4nLCAnOCcsICctbWEnLCAnMjAwJywgJy1pbWFlJywgJzxpbmZpbGUubWFlPicsICctb21hZScsICc8b3V0ZmlsZS5tYWU+Jw==,,C:\Users\HPC-3\Desktop\Menzi\Clinic_Ag,9.325,,2.0,glide-grid_Ab3ANT_avrg,0.567460256552466,-10.828,8.0591869354248,36294,2,0,-0.225704411421313,,-18.0502338409424,"2
5
10",-7.22254116548201,,0.0,15.0,"27
1 1 acceptor
1 10 cation
1 10 donor
1 11 cation
1 11 donor
1 12 cation
1 12 donor
1 13 cation
1 13 donor
1 14 cation
1 14 donor
1 2 acceptor
1 3 acceptor
1 3 donor
1 4 acceptor
1 5 acceptor
1 6 acceptor
1 6 donor
1 7 acceptor
1 7 donor
1 8 acceptor
1 8 donor
1 9 acceptor
1 9 donor
6 15 16 17 18 19 20 rings
6 4 21 23 25 26 27 rings
6 5 22 24 28 29 30 rings",1,0.0,11,,-6.488,1,36294,0.3079,32,1.752,-130.836623377698,16.226,,0,0,35.471,vsw_avrg-LIGPREP-001-in.maegz,OPLS_2005,16,4.577,0,,0.016,,12,2,0,9.6,0.0004,,14,2,293.444,-44.6570053100586,,56135,-2.786,2,-2,-7.202,"1
104
73
70
23
65
66
79
54
31
68
72
49
82
91
27
46
87
48
74
19
62
105
32
58
53
3
100
89
37
28
94
36
88
86
4
39
41
80
84
101
63
47
20
6
96
76
102
90
64
57
11
75
22
25
35
81
12
92
95
13
56
98
29
45
42
52
7
97
55
9
77
2
59
5
24
67
83
26
103
78
33
30
14
44
16
71
61
69
17
8
60
93
99
10
18
51
15
38
43
34
40
50
21
85
106",0,"45
1 -0.56
10 -0.99
11 -0.99
12 -0.99
13 -0.99
14 -0.99
15 0.28
16 0.28
17 0.28
18 0.27
19 0.27
2 -0.56
21 0.56
22 0.56
23 0.28
24 0.27
25 0.27
26 0.28
27 0.28
29 0.28
3 -0.68
30 0.28
31 0.28
32 0.27
4 -0.56
49 0.36
5 -0.56
50 0.36
51 0.36
52 0.36
55 0.4
6 -0.68
60 0.36
61 0.36
62 0.36
63 0.36
64 0.4
65 0.4
66 0.4
67 0.36
68 0.36
69 0.4
7 -0.68
8 -0.68
9 -0.68",2,1,10,1,11,364.616,"This compound contains an acetal/aminal-like group ( X-CH(R)-Y where X, Y are N, S, or O) that may be acid/base labile, releasing an aldehyde.",2,,Tobramycin.sdf,42.218,0.0,0.26,-0.350520176404134,18,0.0,253.722,,,121513,-62.707239151001,-1.833,,64.2958,-1.47416543309709,1,2-1,5,658.06,0,-7.48254116548201,1,0.0,,5,"580.82
8.19
4.85
2.26
2.59
2.72
0.17
-5.91
-0.34
1.76
0.78
-2.11
-0.4
0.15",,0,1,5,0,16,467.518,1296.826,W09IXVtDQEBIXTFbQ0BASF0oW05IMl0pW0NASF0oW09IXSlbQ0BASF0oW0NIMl1bT0hdKU9bQ0BASF0xT1tDQEBIXTJbQ0BASF0oW09IXSlbQ0BASF0oW0NAQEhdKFtOSDJdKVtDSDJdW0NASF0yW05IMl0pT1tDQEhdM09bQ0BIXShbQ0gyXVtOSDJdKVtDQEBIXShbT0hdKVtDSDJdW0NASF0zW05IMl0=,137.139,-1.61732384598783,,00008DC600000001,,,,0.3075,0.0023672,2,Tobramycin.1,,0.1194747,0,0.054,1,,14,,328.6,45.013,20.3,1191.279,2_sdstereoexpander_1_neutralizer_1_epik_1_stereoizer_1,
,1096,0.212455518728811,0.1757,3467-1,-1.066,-6.06301836049671e-05,33,-0.69827682440551,-0.0,,18,0.304942915495211,-0.638142400292765,0.8264846,477.31624873,1,111.23682,J2VwaWtfcHl0aG9uJywgJy1waCcsICc3LjAwMDAwMCcsICctcGh0JywgJzIuMDAwMDAwJywgJy1tcycsICcxNicsICctdG4nLCAnOCcsICctbWEnLCAnMjAwJywgJy1pbWFlJywgJzxpbmZpbGUubWFlPicsICctb21hZScsICc8b3V0ZmlsZS5tYWU+Jw==,"2-[4,6-diamino-3-[3-amino-6-[1-(methylamino)ethyl]oxan-2-yl]oxy-2-hydroxycyclohexyl]oxy-5-methyl-4-(methylamino)oxane-3,5-diol",C:\Users\HPC-3\Desktop\Menzi\Clinic_Ag,8.866,CC(C1CCC(C(O1)OC2C(CC(C(C2O)OC3C(C(C(CO3)(C)O)NC)O)N)N)N)NC,2.0,glide-grid_Ab3ANT_avrg,0.387096191036002,-8.352,5.8796911239624,3467,2,0,-0.217698940488117,C21H43N5O7,-14.9315528869629,"1
5
255",-7.18406503610786,0,0.0,11.0,,1,0.0,10,"InChI=1S/C21H43N5O7/c1-9(25-3)13-6-5-10(22)19(31-13)32-16-11(23)7-12(24)17(14(16)27)33-20-15(28)18(26-4)21(2,29)8-30-20/h9-20,25-29H,5-8,22-24H2,1-4H3",-3.692,,3467,0.2117,33,6.664,-120.910024381475,15.458,477.31624873,0,0,42.729,vsw_avrg-LIGPREP-001-in.maegz,OPLS_2005,13,3.223,0,CEAZRRDELHUEMR-UHFFFAOYSA-N,0.559,12,9,180,0,,0.0003,CC(C1CCC(C(O1)OC2C(CC(C(C2O)OC3C(C(C(CO3)(C)O)NC)O)N)N)N)NC,12,2,528.119,-37.1226119995117,"2-[4,6-diamino-3-[[3-amino-6-[1-(methylamino)ethyl]-2-oxanyl]oxy]-2-hydroxycyclohexyl]oxy-5-methyl-4-(methylamino)oxane-3,5-diol",56135,-1.518,2,-2,-7.97,,0,,2,-1,5,2,8,214.608,"This compound contains an acetal/aminal-like group ( X-CH(R)-Y where X, Y are N, S, or O) that may be acid/base labile, releasing an aldehyde.",180,8,Gentamicin.sdf,32.905,0.0,0.1757,-0.426530367687649,18,0.0,182.334,1,477.6,121505,-52.0541648864746,-1.868,200,,-1.85339690909091,1,180-1,5,742.727,0,-7.35976503610786,1,0.0,"2-[4,6-diamino-3-[3-amino-6-[1-(methylamino)ethyl]tetrahydropyran-2-yl]oxy-2-hydroxy-cyclohexoxy]-5-methyl-4-(methylamino)tetrahydropyran-3,5-diol",5,,"2-[4,6-diamino-3-[3-amino-6-[1-(methylamino)ethyl]tetrahydropyran-2-yl]oxy-2-hydroxy-cyclohexoxy]-5-methyl-4-(methylamino)tetrahydropyran-3,5-diol",0,1,5,13,16,477.6,1430.042,W09IXVtDQF0xKFtDSDNdKVtDQEhdKFtOSF1bQ0gzXSlbQ0BASF0oW09IXSlbQ0BIXShPW0NIMl0xKU9bQ0BIXTJbQ0BASF0oW09IXSlbQ0BASF0oW0NAQEhdKFtOSDJdKVtDSDJdW0NASF0yW05IMl0pT1tDQEhdM09bQ0BASF0oW0NAQEhdKFtDSDNdKVtOSF1bQ0gzXSlbQ0gyXVtDSDJdW0NASF0zW05IMl0=,,-1.59769886693238,636,,"2-[4,6-diamino-3-[3-amino-6-[1-(methylamino)ethyl]oxan-2-yl]oxy-2-hydroxycyclohexyl]oxy-5-methyl-4-(methylamino)oxane-3,5-diol",-4.1,"13  1  3
19  1  3
20  10  3
24  11  3
14  2  3
22  2  3
25  28  3
29  31  3
15  3  3
21  6  3
23  7  3
16  8  3
17  9  3",0.2114,0.031055,2,Gentamicin.1,AAADcfB7uAAAAAAAAAAAAAAAAAAAAAAAAAA0SIAAAAAAAAAAAAAAHgAQCAAADHzxgAcCCALABgAAAAAAAAAAAAAAAAAAAIAIAAATEAIAwAAnQAAHEAAXAAHw8C0MAAAAAAAAAAAAgAAUCACgAAAAAAAAAA==,0.0756897,0,1.417,1,7,0,"2-[4,6-bis(azanyl)-3-[3-azanyl-6-[1-(methylamino)ethyl]oxan-2-yl]oxy-2-oxidanyl-cyclohexyl]oxy-5-methyl-4-(methylamino)oxane-3,5-diol",,39.546,16.95,,180_sdstereoexpander_1_neutralizer_1_epik_1_stereoizer_1,Bypass - this structure was created from CID 3467
,621,0.169366978060302,0.1757,3467-1,-1.086,-0.165787616310277,33,-0.696545439642494,-0.0,,18,0.304942915495211,-0.603782898000943,0.8090921,477.31624873,1,108.949198,J2VwaWtfcHl0aG9uJywgJy1waCcsICc3LjAwMDAwMCcsICctcGh0JywgJzIuMDAwMDAwJywgJy1tcycsICcxNicsICctdG4nLCAnOCcsICctbWEnLCAnMjAwJywgJy1pbWFlJywgJzxpbmZpbGUubWFlPicsICctb21hZScsICc8b3V0ZmlsZS5tYWU+Jw==,"2-[4,6-diamino-3-[3-amino-6-[1-(methylamino)ethyl]oxan-2-yl]oxy-2-hydroxycyclohexyl]oxy-5-methyl-4-(methylamino)oxane-3,5-diol",C:\Users\HPC-3\Desktop\Menzi\Clinic_Ag,8.982,CC(C1CCC(C(O1)OC2C(CC(C(C2O)OC3C(C(C(CO3)(C)O)NC)O)N)N)N)NC,2.0,glide-grid_Ab3ANT_avrg,0.387096191036002,-8.45,6.72642755508423,3467,2,0,-0.217159153665309,C21H43N5O7,-10.9336977005005,"1
5
255",-7.16625207095521,0,0.0,11.0,,1,0.0,10,"InChI=1S/C21H43N5O7/c1-9(25-3)13-6-5-10(22)19(31-13)32-16-11(23)7-12(24)17(14(16)27)33-20-15(28)18(26-4)21(2,29)8-30-20/h9-20,25-29H,5-8,22-24H2,1-4H3",-3.625,,3467,0.2117,33,1.909,-100.375535810769,15.863,477.31624873,0,0,44.117,vsw_avrg-LIGPREP-001-in.maegz,OPLS_2005,13,3.223,0,CEAZRRDELHUEMR-UHFFFAOYSA-N,0.492,12,11,85,0,,0.0003,CC(C1CCC(C(O1)OC2C(CC(C(C2O)OC3C(C(C(CO3)(C)O)NC)O)N)N)N)NC,12,2,550.964,-33.6033172607422,"2-[4,6-diamino-3-[[3-amino-6-[1-(methylamino)ethyl]-2-oxanyl]oxy]-2-hydroxycyclohexyl]oxy-5-methyl-4-(methylamino)oxane-3,5-diol",56135,-1.663,2,-2,-8.252,,0,,2,-1,5,5,8,219.949,"This compound contains an acetal/aminal-like group ( X-CH(R)-Y where X, Y are N, S, or O) that may be acid/base labile, releasing an aldehyde.",85,8,Gentamicin.sdf,33.009,0.0,0.1757,-0.397242678023271,18,0.0,183.514,1,477.6,121505,-44.5370149612427,-1.997,200,,-1.93339690909091,1,85-1,5,770.913,0,-7.34195207095521,1,0.0,"2-[4,6-diamino-3-[3-amino-6-[1-(methylamino)ethyl]tetrahydropyran-2-yl]oxy-2-hydroxy-cyclohexoxy]-5-methyl-4-(methylamino)tetrahydropyran-3,5-diol",5,,"2-[4,6-diamino-3-[3-amino-6-[1-(methylamino)ethyl]tetrahydropyran-2-yl]oxy-2-hydroxy-cyclohexoxy]-5-methyl-4-(methylamino)tetrahydropyran-3,5-diol",0,1,5,13,16,477.6,1464.73,W09IXVtDQF0xKFtDSDNdKVtDQEhdKFtOSF1bQ0gzXSlbQ0BASF0oW09IXSlbQ0BIXShPW0NIMl0xKU9bQ0BASF0yW0NAQEhdKFtPSF0pW0NAQEhdKFtDQEBIXShbTkgyXSlbQ0gyXVtDQEhdMltOSDJdKU9bQ0BIXTNPW0NAQEhdKFtDQEBIXShbQ0gzXSlbTkhdW0NIM10pW0NIMl1bQ0gyXVtDQEhdM1tOSDJd,,-1.59373735571303,636,,"2-[4,6-diamino-3-[3-amino-6-[1-(methylamino)ethyl]oxan-2-yl]oxy-2-hydroxycyclohexyl]oxy-5-methyl-4-(methylamino)oxane-3,5-diol",-4.1,"13  1  3
19  1  3
20  10  3
24  11  3
14  2  3
22  2  3
25  28  3
29  31  3
15  3  3
21  6  3
23  7  3
16  8  3
17  9  3",0.2114,0.0024868,2,Gentamicin.1,AAADcfB7uAAAAAAAAAAAAAAAAAAAAAAAAAA0SIAAAAAAAAAAAAAAHgAQCAAADHzxgAcCCALABgAAAAAAAAAAAAAAAAAAAIAIAAATEAIAwAAnQAAHEAAXAAHw8C0MAAAAAAAAAAAAgAAUCACgAAAAAAAAAA==,0.0729223,0,1.261,1,7,0,"2-[4,6-bis(azanyl)-3-[3-azanyl-6-[1-(methylamino)ethyl]oxan-2-yl]oxy-2-oxidanyl-cyclohexyl]oxy-5-methyl-4-(methylamino)oxane-3,5-diol",,39.602,16.95,,85_sdstereoexpander_1_neutralizer_1_epik_1_stereoizer_1,Bypass - this structure was created from CID 3467
