r_qp_QPlogHERG,s_sd_PUBCHEM\_CONFORMER\_DIVERSEORDER,r_qp_QPlogKhsa,r_i_glide_energy,s_sd_PUBCHEM\_OPENEYE\_ISO\_SMILES,s_sd_PUBCHEM\_IUPAC\_INCHIKEY,s_lp_Force_Field,i_qp_#NandO,r_qp_QPPCaco,i_sd_PUBCHEM\_CACTVS\_TAUTO\_COUNT,s_lp_label,r_i_glide_gscore,i_m_ct_format,s_sd_PUBCHEM\_IUPAC\_CAS\_NAME,r_epik_Ionization_Penalty_Charging,r_i_glide_esite,r_qp_QPpolrz,r_i_glide_eff_state_penalty,s_vsw_variant,i_sd_PUBCHEM\_COMPOUND\_CANONICALIZED,r_i_glide_evdw,s_sd_PUBCHEM\_REFERENCE\_STANDARDIZATION,s_sd_PUBCHEM\_COORDINATE\_TYPE,i_f3d_flags,i_qp_#in34,i_qp_#ringatoms,s_i_glide_gridfile,i_qp_#amide,i_qp_#rotor,i_qp_#rtvFG,s_m_source_file,i_sd_PUBCHEM\_ISOTOPIC\_ATOM\_COUNT,r_i_glide_lipo,i_sd_PUBCHEM\_BOND\_DEF\_STEREO\_COUNT,i_qp_#acid,s_sd_PUBCHEM\_IUPAC\_NAME\_MARKUP,r_qp_CIQPlogS,r_i_glide_einternal,i_epik_Tot_abs_Q,s_lp_Variant,i_sd_PUBCHEM\_TOTAL\_CHARGE,s_m_entry_name,s_sd_PUBCHEM\_IUPAC\_NAME,r_qp_PISA,i_sd_PUBCHEM\_COMPONENT\_COUNT,i_qp_#metab,r_qp_QPlogBB,s_sd_PUBCHEM\_IUPAC\_SYSTEMATIC\_NAME,s_m_Source_File,r_qp_mol_MW,s_epik_input,r_sd_PUBCHEM\_EFFECTIVE\_ROTOR\_COUNT,i_sd_PUBCHEM\_CACTVS\_HBOND\_DONOR,r_sd_PUBCHEM\_SHAPE\_VOLUME,s_sd_PUBCHEM\_SHAPE\_MULTIPOLES,s_m_title,r_qp_ACxDN^.5/SA,r_qp_QPlogPw,r_qp_accptHB,i_sd_PUBCHEM\_COMPOUND\_CID,r_qp_IP(eV),i_qp_RuleOfThree,r_qp_dipole,s_vsw_compound_code,r_qp_glob,r_qp_QPlogS,i_qp_CNS,i_m_Source_File_Index,s_sd_PUBCHEM\_MOLECULAR\_FORMULA,r_epik_Ionization_Penalty,r_qp_FISA,s_m_entry_id,r_epik_State_Penalty,r_qp_QPlogPo/w,r_sd_PUBCHEM\_XLOGP3\_AA,i_sd_PUBCHEM\_CACTVS\_TPSA,i_epik_Tot_Q,r_sd_PUBCHEM\_SHAPE\_SELFOVERLAP,i_sd_PUBCHEM\_CACTVS\_COMPLEXITY,i_sd_version,r_qp_PercentHumanOralAbsorption,i_sd_PUBCHEM\_ATOM\_DEF\_STEREO\_COUNT,r_sd_PUBCHEM\_EXACT\_MASS,r_sd_PUBCHEM\_MMFF94\_ENERGY,s_sd_PUBCHEM\_PHARMACOPHORE\_FEATURES,r_qp_PSA,r_sd_PUBCHEM\_MONOISOTOPIC\_WEIGHT,r_qp_SAamideO,r_i_glide_ecoul,i_qp_HumanOralAbsorption,i_qp_#noncon,i_i_glide_rotatable_bonds,i_sd_PUBCHEM\_CACTVS\_ROTATABLE\_BOND,r_qp_QPlogKp,r_i_glide_hbond,r_epik_Ionization_Penalty_Neutral,i_sd_PUBCHEM\_BOND\_UDEF\_STEREO\_COUNT,r_lp_Energy,r_i_glide_ligand_efficiency_ln,s_sd_PUBCHEM\_CONFORMER\_ID,s_sd_PUBCHEM\_CACTVS\_SUBSKEYS,i_sd_PUBCHEM\_HEAVY\_ATOM\_COUNT,s_sd_PUBCHEM\_MMFF94\_PARTIAL\_CHARGES,r_qp_EA(eV),b_sd_chiral_flag,i_sd_PUBCHEM\_ATOM\_UDEF\_STEREO\_COUNT,r_sd_PUBCHEM\_MOLECULAR\_WEIGHT,i_m_ct_enhanced_stereo_status,s_sd_PUBCHEM\_IUPAC\_OPENEYE\_NAME,i_m_ct_stereo_status,s_sd_PUBCHEM\_IUPAC\_TRADITIONAL\_NAME,s_sd_PUBCHEM\_SHAPE\_FINGERPRINT,r_qp_SASA,r_i_docking_score,r_qp_QPPMDCK,r_i_glide_erotb,r_sd_PUBCHEM\_FEATURE\_SELFOVERLAP,i_lp_mmshare_version,i_qp_RuleOfFive,r_qp_donorHB,i_i_glide_confnum,r_qp_WPSA,i_qp_#amine,s_sd_PUBCHEM\_IUPAC\_INCHI,r_i_glide_emodel,s_epik_Chemistry_Notes,i_i_glide_lignum,r_qp_volume,i_i_glide_posenum,i_m_source_file_index,i_qp_#nonHatm,r_i_glide_ligand_efficiency_sa,s_m_Source_Path,r_qp_SAfluorine,r_qp_FOSA,r_i_glide_metal,b_lp_Chiralities_Consistent,r_i_glide_rewards,r_qp_QPlogPC16,s_sd_PUBCHEM\_BONDANNOTATIONS,r_qp_QPlogPoct,s_sd_PUBCHEM\_OPENEYE\_CAN\_SMILES,r_epik_Charging_Adjusted_Penalty,r_qp_dip^2/V,r_sd_PUBCHEM\_CONFORMER\_RMSD,r_qp_Jm,r_i_glide_ligand_efficiency,i_qp_#amidine,i_qp_#stars,i_sd_PUBCHEM\_CACTVS\_HBOND\_ACCEPTOR,s_epik_cmdline,i_qp_#in56
-8.252,,-1.086,-66.0142002105713,CC(C1CCC(C(O1)OC2C(CC(C(C2O)OC3C(C(C(CO3)(C)O)NC)O)N)N)N)NC,CEAZRRDELHUEMR-UHFFFAOYSA-N,OPLS_2005,12,1.261,-1,85_sdstereoexpander_1_neutralizer_1_epik_1_stereoizer_1,-8.15826179702154,2,"2-[4,6-diamino-3-[[3-amino-6-[1-(methylamino)ethyl]-2-oxanyl]oxy]-2-hydroxycyclohexyl]oxy-5-methyl-4-(methylamino)oxane-3,5-diol",0.2114,-0.474478054251075,44.117,0.1757,85-1,1,-16.607873916626,Bypass - this structure was created from CID 3467,"1
5
255",0,0,18,glide-grid_Ab3ANT_avrg,0,13,2,vsw_avrg-LIGPREP-001-in.maegz,0,-0.0494937887297121,0,0,"2-[4,6-diamino-3-[3-amino-6-[1-(methylamino)ethyl]oxan-2-yl]oxy-2-hydroxycyclohexyl]oxy-5-methyl-4-(methylamino)oxane-3,5-diol",3.223,22.1536483764648,5,3467-1,0,Gentamicin.1,"2-[4,6-diamino-3-[3-amino-6-[1-(methylamino)ethyl]oxan-2-yl]oxy-2-hydroxycyclohexyl]oxy-5-methyl-4-(methylamino)oxane-3,5-diol",0.0,1,8,-1.663,"2-[4,6-bis(azanyl)-3-[3-azanyl-6-[1-(methylamino)ethyl]oxan-2-yl]oxy-2-oxidanyl-cyclohexyl]oxy-5-methyl-4-(methylamino)oxane-3,5-diol",Gentamicin.sdf,477.6,W09IXVtDQF0xKFtDSDNdKVtDQEhdKFtOSF1bQ0gzXSlbQ0BASF0oW09IXSlbQ0BIXShPW0NIMl0xKU9bQ0BASF0yW0NAQEhdKFtPSF0pW0NAQEhdKFtDQEBIXShbTkgyXSlbQ0gyXVtDQEhdMltOSDJdKU9bQ0BIXTNPW0NAQEhdKFtDQEBIXShbQ0gzXSlbTkhdW0NIM10pW0NIMl1bQ0gyXVtDQEhdM1tOSDJd,,8,,,3467,0.0729223,33.009,16.95,3467,8.982,2,1.909,85,0.8090921,2.0,-2,1,C21H43N5O7,0.2117,219.949,121505,0.1757,-3.625,-4.1,200,5,,636,0,0.0,0,477.31624873,,,183.514,477.31624873,0.0,-49.4063262939453,1,16,10,7,-8.45,-0.950442264613759,0.0003,0,108.949198,-1.77528041216462,,AAADcfB7uAAAAAAAAAAAAAAAAAAAAAAAAAA0SIAAAAAAAAAAAAAAHgAQCAAADHzxgAcCCALABgAAAAAAAAAAAAAAAAAAAIAIAAATEAIAwAAnQAAHEAAXAAHw8C0MAAAAAAAAAAAAgAAUCACgAAAAAAAAAA==,33,,-1.997,1,13,477.6,2,"2-[4,6-diamino-3-[3-amino-6-[1-(methylamino)ethyl]tetrahydropyran-2-yl]oxy-2-hydroxy-cyclohexoxy]-5-methyl-4-(methylamino)tetrahydropyran-3,5-diol",1,"2-[4,6-diamino-3-[3-amino-6-[1-(methylamino)ethyl]tetrahydropyran-2-yl]oxy-2-hydroxy-cyclohexoxy]-5-methyl-4-(methylamino)tetrahydropyran-3,5-diol",,770.913,-7.98256179702154,0.492,0.304942915495211,,56135,2,11.0,5,0.0,5,"InChI=1S/C21H43N5O7/c1-9(25-3)13-6-5-10(22)19(31-13)32-16-11(23)7-12(24)17(14(16)27)33-20-15(28)18(26-4)21(2,29)8-30-20/h9-20,25-29H,5-8,22-24H2,1-4H3",-144.970691432323,"This compound contains an acetal/aminal-like group ( X-CH(R)-Y where X, Y are N, S, or O) that may be acid/base labile, releasing an aldehyde.",111,1464.73,268,85,33,-0.775889120467207,C:\Users\HPC-3\Desktop\Menzi\Clinic_Ag,0.0,550.964,-0.0,1,-2.15839690909091,15.863,"13  1  3
19  1  3
20  10  3
24  11  3
14  2  3
22  2  3
25  28  3
29  31  3
15  3  3
21  6  3
23  7  3
16  8  3
17  9  3",39.602,CC(C1CCC(C(O1)OC2C(CC(C(C2O)OC3C(C(C(CO3)(C)O)NC)O)N)N)N)NC,0.387096191036002,0.0024868,,0.169366978060302,-0.241895812030956,0,5,12,J2VwaWtfcHl0aG9uJywgJy1waCcsICc3LjAwMDAwMCcsICctcGh0JywgJzIuMDAwMDAwJywgJy1tcycsICcxNicsICctdG4nLCAnOCcsICctbWEnLCAnMjAwJywgJy1pbWFlJywgJzxpbmZpbGUubWFlPicsICctb21hZScsICc8b3V0ZmlsZS5tYWU+Jw==,18
-9.209,"1
29
6
47
50
36
44
55
42
18
17
10
52
3
38
26
25
45
15
43
31
46
56
37
33
54
24
48
23
11
4
49
30
13
41
28
51
9
39
19
21
5
2
22
14
53
32
40
35
34
27
12
20
7
8
16",-2.297,-86.9167938232422,,,OPLS_2005,19,0.002,1,48_sdstereoexpander_1_neutralizer_1_epik_1_stereoizer_1,-8.47874246208428,2,,0.7404,-0.586371788733237,46.173,0.6857,48-1,,-19.3227081298828,,"2
5
10",0,0,23,glide-grid_Ab3ANT_avrg,0,22,3,vsw_avrg-LIGPREP-001-in.maegz,0,-0.02771126991341,0,0,,6.139,12.4884510040283,6,62404-1,,Neomycins.1,,0.0,1,15,-5.457,,Neomycins.sdf,614.649,W05IMl1bQ0BASF0xW0NAQEhdKFtPSF0pW0NASF0oW09IXSlbQ0BASF0oW0NIMl1bTkgyXSlPW0NAQEhdMU9bQ0BIXShbQ0BASF0oW05IMl0pW0NIMl1bQ0BASF0oW05IMl0pW0NAQEhdMltPSF0pW0NAQEhdMk9bQ0BASF0zT1tDQEhdKFtDSDJdW09IXSlbQ0BIXShbQ0BIXTNbT0hdKU9bQ0BIXTRPW0NAQEhdKFtDSDJdW05IMl0pW0NAQEhdKFtPSF0pW0NASF0oW09IXSlbQ0BIXTRbTkgyXQ==,13.6,,424.1,"758.15
12.42
5.91
3.21
17.14
0.4
-1.66
-1.59
5.66
-9.99
2.85
0.98
-0.85
-3.48",62404,0.1435585,55.965,28.1,62404,9.282,2,6.879,48,0.7948243,2.0,-2,1,,0.7405,520.367,121507,0.6857,-9.65,,,6,1571.309,,0,0.0,18,,101.3376,"36
1 1 acceptor
1 10 acceptor
1 10 donor
1 11 acceptor
1 11 donor
1 12 acceptor
1 12 donor
1 13 acceptor
1 13 donor
1 14 cation
1 14 donor
1 15 cation
1 15 donor
1 16 cation
1 16 donor
1 17 cation
1 17 donor
1 18 cation
1 18 donor
1 19 cation
1 19 donor
1 2 acceptor
1 3 acceptor
1 4 acceptor
1 5 acceptor
1 5 donor
1 6 acceptor
1 7 acceptor
1 8 acceptor
1 8 donor
1 9 acceptor
1 9 donor
5 3 26 27 28 29 rings
6 20 21 22 23 24 25 rings
6 6 30 31 32 34 35 rings
6 7 33 36 37 39 40 rings",336.161,,0.0,-67.5940856933594,1,20,16,,-13.123,-1.11435257303931,0.0001,0,136.750145,-1.64491049186076,0000F3C400000001,,42,"60
1 -0.56
10 -0.68
11 -0.68
12 -0.68
13 -0.68
14 -0.99
15 -0.99
16 -0.99
17 -0.99
18 -0.99
19 -0.99
2 -0.56
20 0.28
21 0.28
22 0.27
23 0.28
24 0.27
26 0.56
27 0.28
28 0.28
29 0.28
3 -0.56
30 0.56
31 0.27
32 0.28
33 0.56
34 0.28
35 0.28
36 0.27
37 0.28
38 0.28
39 0.28
4 -0.56
40 0.28
41 0.27
42 0.27
5 -0.68
58 0.36
59 0.36
6 -0.56
62 0.36
63 0.36
66 0.4
7 -0.56
71 0.4
74 0.36
75 0.36
78 0.36
79 0.36
8 -0.68
80 0.4
81 0.4
82 0.4
83 0.4
84 0.4
85 0.36
86 0.36
87 0.36
88 0.36
9 -0.68",-1.52,1,1,,2,,1,,"10165383 225 17969232286264488174
10439779 11 17910962331384081985
12156800 1 15958716085520399736
12422481 6 17700125491883751723
131258 38 18411980282320596670
13636023 51 17095535006315810626
14950920 106 18408604743385233387
15001296 14 17774438421131857281
150020 26 18188193317627787564
15264996 154 18270415896649290823
16112460 7 18341330085157887176
19319366 153 18268713977203181368
21133410 90 17343186703196506617
21591340 35 18269269235291843880
22122407 14 18342456994408236041
23559900 14 16081659876819962423
474144 1 18272938193518453049
508180 173 17129882749025334248
5895379 119 17203334420453260128
6823239 73 15502672476359195719
86090 222 16878516626487893603",853.207,-7.79304246208428,0.0,0.175828576095814,182.894,56135,3,19.0,299,0.0,6,,-182.173043856179,"This compound contains an acetal/aminal-like group ( X-CH(R)-Y where X, Y are N, S, or O) that may be acid/base labile, releasing an aldehyde.",16,1660.506,346,48,42,-0.644971981171114,C:\Users\HPC-3\Desktop\Menzi\Clinic_Ag,0.0,332.839,-0.0,1,-1.96,21.602,,59.533,,1.42603794690297,0.028499,1.2,4.63210312109321e-06,-0.185548630049626,0,14,,J2VwaWtfcHl0aG9uJywgJy1waCcsICc3LjAwMDAwMCcsICctcGh0JywgJzIuMDAwMDAwJywgJy1tcycsICcxNicsICctdG4nLCAnOCcsICctbWEnLCAnMjAwJywgJy1pbWFlJywgJzxpbmZpbGUubWFlPicsICctb21hZScsICc8b3V0ZmlsZS5tYWU+Jw==,23
