i_m_ct_format,r_sd_PUBCHEM\_EFFECTIVE\_ROTOR\_COUNT,r_i_glide_metal,s_sd_PUBCHEM\_IUPAC\_CAS\_NAME,i_qp_CNS,i_sd_PUBCHEM\_CACTVS\_HBOND\_ACCEPTOR,s_m_entry_id,r_qp_QPlogPC16,r_sd_PUBCHEM\_MONOISOTOPIC\_WEIGHT,i_sd_PUBCHEM\_CONFORMER\_RMSD,s_m_title,i_qp_HumanOralAbsorption,r_i_glide_gscore,i_i_glide_lignum,r_sd_PUBCHEM\_XLOGP3\_AA,s_vsw_compound_code,i_lp_mmshare_version,r_qp_FOSA,r_i_docking_score,s_sd_PUBCHEM\_CACTVS\_SUBSKEYS,i_sd_PUBCHEM\_ATOM\_DEF\_STEREO\_COUNT,r_qp_glob,r_qp_WPSA,i_sd_PUBCHEM\_ISOTOPIC\_ATOM\_COUNT,r_i_glide_ligand_efficiency,r_i_glide_energy,s_sd_PUBCHEM\_BONDANNOTATIONS,s_epik_input,r_qp_PSA,i_qp_RuleOfFive,s_sd_PUBCHEM\_IUPAC\_SYSTEMATIC\_NAME,s_m_Source_Path,r_qp_QPlogBB,i_m_ct_enhanced_stereo_status,s_sd_PUBCHEM\_MMFF94\_PARTIAL\_CHARGES,r_qp_QPlogKhsa,s_sd_PUBCHEM\_PHARMACOPHORE\_FEATURES,r_qp_mol_MW,r_qp_SAamideO,r_sd_PUBCHEM\_CONFORMER\_RMSD,r_qp_PISA,r_qp_QPlogPo/w,r_qp_QPPCaco,i_qp_#ringatoms,r_qp_CIQPlogS,r_sd_PUBCHEM\_MMFF94\_ENERGY,r_qp_volume,r_qp_SAfluorine,r_qp_SASA,s_sd_PUBCHEM\_IUPAC\_OPENEYE\_NAME,r_qp_QPlogPoct,i_i_glide_posenum,r_qp_QPPMDCK,i_qp_RuleOfThree,r_i_glide_esite,s_sd_PUBCHEM\_CONFORMER\_ID,r_i_glide_ligand_efficiency_ln,s_sd_PUBCHEM\_IUPAC\_TRADITIONAL\_NAME,s_m_source_file,s_sd_PUBCHEM\_COORDINATE\_TYPE,r_sd_PUBCHEM\_SHAPE\_SELFOVERLAP,i_qp_#NandO,i_sd_PUBCHEM\_COMPOUND\_CID,i_f3d_flags,r_qp_donorHB,r_epik_Ionization_Penalty_Charging,i_i_glide_confnum,r_sd_PUBCHEM\_EXACT\_MASS,r_epik_Ionization_Penalty,s_sd_PUBCHEM\_REFERENCE\_STANDARDIZATION,r_qp_QPlogS,s_sd_PUBCHEM\_CONFORMER\_DIVERSEORDER,i_sd_PUBCHEM\_ATOM\_UDEF\_STEREO\_COUNT,i_m_Source_File_Index,s_sd_PUBCHEM\_IUPAC\_INCHI,r_i_glide_rewards,r_qp_Jm,i_i_glide_rotatable_bonds,r_qp_FISA,s_sd_PUBCHEM\_SHAPE\_MULTIPOLES,i_qp_#amidine,i_epik_Tot_Q,r_qp_IP(eV),r_qp_accptHB,i_sd_PUBCHEM\_COMPOUND\_CANONICALIZED,i_qp_#rtvFG,r_sd_PUBCHEM\_FEATURE\_SELFOVERLAP,r_epik_State_Penalty,r_qp_ACxDN^.5/SA,r_i_glide_einternal,r_i_glide_eff_state_penalty,r_qp_dip^2/V,s_lp_label,i_sd_PUBCHEM\_TOTAL\_CHARGE,s_vsw_variant,s_lp_Force_Field,r_qp_dipole,s_sd_PUBCHEM\_OPENEYE\_CAN\_SMILES,s_sd_PUBCHEM\_MOLECULAR\_FORMULA,s_m_Source_File,i_qp_#noncon,i_qp_#nonHatm,r_qp_QPpolrz,s_lp_Variant,i_m_source_file_index,i_sd_PUBCHEM\_CACTVS\_COMPLEXITY,i_sd_PUBCHEM\_CACTVS\_TAUTO\_COUNT,i_qp_#amine,i_sd_PUBCHEM\_HEAVY\_ATOM\_COUNT,s_sd_PUBCHEM\_OPENEYE\_ISO\_SMILES,r_i_glide_erotb,r_i_glide_ecoul,i_sd_PUBCHEM\_COMPONENT\_COUNT,r_epik_Charging_Adjusted_Penalty,i_qp_#in34,r_epik_Ionization_Penalty_Neutral,s_sd_PUBCHEM\_SHAPE\_FINGERPRINT,r_sd_PUBCHEM\_MOLECULAR\_WEIGHT,i_qp_#in56,i_sd_PUBCHEM\_CACTVS\_ROTATABLE\_BOND,r_qp_PercentHumanOralAbsorption,i_epik_Tot_abs_Q,s_sd_PUBCHEM\_IUPAC\_INCHIKEY,i_qp_#rotor,i_qp_#acid,r_i_glide_evdw,b_sd_chiral_flag,i_sd_PUBCHEM\_BOND\_DEF\_STEREO\_COUNT,i_qp_#metab,r_qp_QPlogKp,s_sd_PUBCHEM\_IUPAC\_NAME,i_qp_#stars,i_qp_#amide,b_lp_Chiralities_Consistent,i_sd_PUBCHEM\_BOND\_UDEF\_STEREO\_COUNT,r_i_glide_emodel,r_qp_QPlogHERG,r_i_glide_lipo,s_sd_PUBCHEM\_IUPAC\_NAME\_MARKUP,r_i_glide_ligand_efficiency_sa,r_qp_QPlogPw,r_lp_Energy,i_sd_PUBCHEM\_CACTVS\_HBOND\_DONOR,i_sd_version,s_epik_Chemistry_Notes,i_sd_PUBCHEM\_CACTVS\_TPSA,s_i_glide_gridfile,s_m_entry_name,r_i_glide_hbond,s_epik_cmdline,i_m_ct_stereo_status,r_qp_EA(eV),r_sd_PUBCHEM\_SHAPE\_VOLUME
2,9.6,-0.0,,-2,,121506,16.824,,1,6032,1,-7.67565895771333,512,,63,56135,255.815,-7.52705895771333,,15,0.8647936,0.0,0,-0.228092695688283,-59.249475479126,,W09IXVtDQEBIXTFbQ0BASF0oW05IMl0pW0NASF0oW09IXSlbQ0BASF0oW0NIMl1bT0hdKU9bQ0BASF0xT1tDQEBIXTJbQ0BASF0oW09IXSlbQ0BASF0oW0NAQEhdKFtOSDJdKVtDSDJdW0NASF0yW05IMl0pT1tDQEhdM09bQ0BIXShbQ0gyXVtOSDJdKVtDQEBIXShbT0hdKVtDQEhdKFtPSF0pW0NASF0zW09IXQ==,273.481,2,,C:\Users\HPC-3\Desktop\Menzi\Clinic_Ag,-3.392,2,"47
1 -0.56
10 -0.68
11 -0.68
12 -0.99
13 -0.99
14 -0.99
15 -0.99
16 0.28
17 0.28
18 0.28
19 0.27
2 -0.56
20 0.27
22 0.56
23 0.56
24 0.28
25 0.27
26 0.28
27 0.28
28 0.28
29 0.28
3 -0.68
30 0.28
31 0.28
32 0.27
33 0.28
4 -0.56
49 0.36
5 -0.56
50 0.36
51 0.36
52 0.36
55 0.4
6 -0.68
60 0.36
61 0.36
62 0.4
63 0.4
64 0.4
65 0.4
66 0.4
67 0.36
68 0.36
69 0.4
7 -0.68
8 -0.68
9 -0.68",-1.449,"29
1 1 acceptor
1 10 acceptor
1 10 donor
1 11 acceptor
1 11 donor
1 12 cation
1 12 donor
1 13 cation
1 13 donor
1 14 cation
1 14 donor
1 15 cation
1 15 donor
1 2 acceptor
1 3 acceptor
1 3 donor
1 4 acceptor
1 5 acceptor
1 6 acceptor
1 6 donor
1 7 acceptor
1 7 donor
1 8 acceptor
1 8 donor
1 9 acceptor
1 9 donor
6 16 17 18 19 20 21 rings
6 4 22 24 25 27 29 rings
6 5 23 26 28 30 31 rings",484.503,0.0,,0.0,-6.842,0.017,18,3.955,80.0992,1323.017,0.0,673.953,,46.972,17,0.005,2,-0.442771691226965,0000179000000001,-1.67397893916995,,vsw_avrg-LIGPREP-001-in.maegz,"2
5
10",1223.849,15,6032,0,15.0,0.1911,3,,0.1914,,2.0,"1
59
46
21
98
102
116
58
67
72
110
45
115
75
56
79
81
15
44
69
78
111
29
105
106
17
38
101
80
39
108
70
42
24
85
104
89
35
23
2
60
84
103
49
26
113
52
66
25
11
82
77
18
61
13
7
37
54
87
53
99
33
114
88
71
31
40
65
96
43
94
100
14
19
90
95
83
76
64
6
30
3
57
97
10
107
109
32
12
51
55
86
73
74
41
47
48
112
63
34
4
9
5
50
16
92
8
68
22
27
36
20
93
28
62
91",0,1,,-1.89320181818182,9.25746379795492e-05,13,418.137,"594.64
14.97
4.23
1.27
1.97
1.25
-0.32
-6.42
0.24
-0.84
0.58
0.95
-0.45
-2.13",0,4,9.501,22.7,,2,147.312,0.1486,0.1304494,9.51648712158203,0.1486,0.0250844,63_sdstereoexpander_1_neutralizer_1_epik_1_stereoizer_1,,63-1,OPLS_2005,5.761,,,Kanamycin.sdf,16,33,35.877,6032-1,63,,1,4,33,,0.298245317525105,-44.4057693481445,1,0.3397104675027,0,0.0003,"10439779 11 18410568471094159464
10595046 47 18272365361061502487
1100329 8 18336270119070635880
11135609 187 18335132142254191245
12107183 9 18333723625288521962
12166972 35 18412826872098764912
12236239 1 18202279178302593823
12633257 1 18114180865315246148
12788726 201 17686917415344977726
13140716 1 18188499076597275180
14251764 38 18339647853367284052
14394314 77 18341899588762696369
14767858 380 18340756157188825743
14784336 7 18270954782338412329
14790565 3 18268435642263899153
15461852 350 17775285019436260142
19319366 153 18341046337932525407
19377110 9 18412258411765333715
20028762 73 18341608205474963494
20511986 3 18271516512537017605
20715895 44 18409166619179806848
21033648 144 18186515535750364038
21033648 29 18130212866330310130
21033650 10 17630074639847982504
23559900 14 18410577314437167622
23569917 315 18335420175214193194
24771293 8 18412257342661445872
2838139 119 18411418388628300539
335352 9 18335138701054127238
3633792 109 18262503837588773765
3680242 22 18187926128118160330
474 4 18335425638268901905
5104073 3 18187642553134739298
513532 50 18130233666804365598
6371009 1 18335693962013892108
9981440 41 18335706065469233083",,18,,0.0,4,,17,0,-14.8437061309814,1,0,12,-11.719,,11,0,1,0,-111.625576075163,-6.624,-0.0584914538551902,,-0.731615150988758,44.764,94.314239,,0,"This compound contains an acetal/aminal-like group ( X-CH(R)-Y where X, Y are N, S, or O) that may be acid/base labile, releasing an aldehyde.",,glide-grid_Sa3ANT_avrg,Kanamycin.1,-0.837254005425387,J2VwaWtfcHl0aG9uJywgJy1waCcsICc3LjAwMDAwMCcsICctcGh0JywgJzIuMDAwMDAwJywgJy1tcycsICcxNicsICctdG4nLCAnOCcsICctbWEnLCAnMjAwJywgJy1pbWFlJywgJzxpbmZpbGUubWFlPicsICctb21hZScsICc8b3V0ZmlsZS5tYWU+Jw==,1,-1.588,335.4
2,17.2,-0.0,,-2,,121510,20.48,,,42613186,1,-7.96014892727788,193,,27,56135,553.602,-7.46564892727788,,12,0.7673154,0.0,0,-0.18208899822629,-65.4052696228027,,W09IXVtDQF0xKFtDSDNdKVtDQEhdKFtOSF1bQ0gzXSlbQ0BASF0oW09IXSlbQ0BIXShPW0NIMl0xKU9bQ0BIXTJbQ0BIXShbTkhdQyg9TylbQ0BASF0oW09IXSlbQ0gyXVtDSDJdW05IMl0pW0NIMl1bQ0BIXShbTkgyXSlbQ0BIXShbQ0BASF0yW09IXSlPW0NASF0zT0MoPVtDSF1bQ0gyXVtDQEhdM1tOSDJdKVtDSDJdW05IXVtDSDJdW0NIMl1bT0hd,261.04,3,,C:\Users\HPC-3\Desktop\Menzi\Clinic_Ag,-3.652,2,"53
1 -0.56
10 -0.68
11 -0.73
12 -0.99
13 -0.9
14 -0.99
15 -0.9
16 -0.99
17 0.28
18 0.3
19 0.28
2 -0.56
20 0.28
21 0.27
23 0.56
24 0.27
25 0.28
26 0.28
27 0.28
28 0.56
3 -0.56
30 0.27
31 0.57
32 0.14
33 0.34
34 0.27
35 -0.06
36 -0.29
38 0.41
39 0.27
4 -0.68
40 0.27
41 0.28
5 -0.68
52 0.37
55 0.36
56 0.36
58 0.4
6 -0.68
62 0.36
64 0.4
65 0.4
7 -0.36
72 0.15
73 0.36
74 0.36
79 0.4
8 -0.57
82 0.36
83 0.36
84 0.36
89 0.4
9 -0.68",-2.064,"29
1 1 acceptor
1 10 acceptor
1 10 donor
1 11 donor
1 12 cation
1 12 donor
1 13 cation
1 13 donor
1 14 cation
1 14 donor
1 15 cation
1 15 donor
1 16 cation
1 16 donor
1 2 acceptor
1 3 acceptor
1 4 acceptor
1 4 donor
1 5 acceptor
1 5 donor
1 6 acceptor
1 6 donor
1 7 acceptor
1 8 acceptor
1 9 acceptor
1 9 donor
6 17 18 19 20 21 22 rings
6 3 23 24 25 26 27 rings
6 7 28 30 32 35 36 rings",592.688,22.286,1.4,34.118,-5.643,0.074,18,3.7,76.6037,1759.564,0.0,918.603,,49.394,14,0.036,2,-0.447162864979045,028A39C200000001,-1.58386226446259,,vsw_avrg-LIGPREP-001-in.maegz,"2
5
10",1534.094,16,42613186,0,14.0,0.1776,24,,0.4497,,2.0,"1
24
6
3
5
23
4
16
17
2
20
22
15
21
7
11
14
8
26
25
13
18
10
9
12
19",0,1,,-1.51,0.0146671583775274,19,330.883,"755.18
13.64
9.31
1.78
14.3
19.21
0.42
-14.83
8.38
0.35
-0.42
-1.22
-0.28
-0.17",0,4,9.021,21.9,,2,147.306,0.4945,0.0892032,12.1635732650757,0.4945,0.0076009,27_sdstereoexpander_1_neutralizer_1_epik_1_stereoizer_1,,27-1,OPLS_2005,3.657,,,Plazomicin.sdf,14,41,51.105,42613186-1,27,,2,5,41,,0.41522827657654,-43.2666893005371,1,0.672098752234441,0,0.2721,"10006869 2 18269552750568080037
10074138 170 18269538598149478499
10290309 65 18337108961155057261
11049842 53 18262252028019644524
11607047 403 18336554845680461467
12788726 201 18046617078510843010
13692114 37 18409448081287959571
13757389 114 18050862296694374934
15200665 1 18339369655123429841
19319366 153 18270672078642437228
21033648 29 18200587124787565752
21703447 108 18120659033423511835
22956985 138 17975701593079852708
23559900 14 17686338664513349317
4144715 1 17545602253904402521
6691757 9 18122592120920417216
6700243 42 17477526391630624276
6703917 75 18339380612129003060
79837 15 18266718299532980426",,18,,0.0,4,,21,0,-22.1385803222656,1,0,13,-9.606,,13,1,1,0,-118.883789992305,-7.716,-0.435978762669107,,-0.627882422190684,43.505,58.886596,,0,"This compound contains an acetal/aminal-like group ( X-CH(R)-Y where X, Y are N, S, or O) that may be acid/base labile, releasing an aldehyde.",,glide-grid_Sa3ANT_avrg,Plazomicin.1,-0.875306560092989,J2VwaWtfcHl0aG9uJywgJy1waCcsICc3LjAwMDAwMCcsICctcGh0JywgJzIuMDAwMDAwJywgJy1tcycsICcxNicsICctdG4nLCAnOCcsICctbWEnLCAnMjAwJywgJy1pbWFlJywgJzxpbmZpbGUubWFlPicsICctb21hZScsICc8b3V0ZmlsZS5tYWU+Jw==,1,-1.113,432.5
2,17.2,-0.0,,-2,,121510,20.48,,,42613186,1,-7.9518101135859,168,,22,56135,553.602,-7.4573101135859,,12,0.7673155,0.0,0,-0.181885612526485,-64.7814426422119,,W09IXVtDQF0xKFtDSDNdKVtDQEhdKFtOSF1bQ0gzXSlbQ0BASF0oW09IXSlbQ0BIXShPW0NIMl0xKU9bQ0BIXTJbQ0BIXShbTkhdQyg9TylbQ0BASF0oW09IXSlbQ0gyXVtDSDJdW05IMl0pW0NIMl1bQ0BIXShbTkgyXSlbQ0BIXShbQ0BASF0yW09IXSlPW0NASF0zT0MoPVtDSF1bQ0gyXVtDQEhdM1tOSDJdKVtDSDJdW05IXVtDSDJdW0NIMl1bT0hd,261.04,3,,C:\Users\HPC-3\Desktop\Menzi\Clinic_Ag,-3.652,2,"53
1 -0.56
10 -0.68
11 -0.73
12 -0.99
13 -0.9
14 -0.99
15 -0.9
16 -0.99
17 0.28
18 0.3
19 0.28
2 -0.56
20 0.28
21 0.27
23 0.56
24 0.27
25 0.28
26 0.28
27 0.28
28 0.56
3 -0.56
30 0.27
31 0.57
32 0.14
33 0.34
34 0.27
35 -0.06
36 -0.29
38 0.41
39 0.27
4 -0.68
40 0.27
41 0.28
5 -0.68
52 0.37
55 0.36
56 0.36
58 0.4
6 -0.68
62 0.36
64 0.4
65 0.4
7 -0.36
72 0.15
73 0.36
74 0.36
79 0.4
8 -0.57
82 0.36
83 0.36
84 0.36
89 0.4
9 -0.68",-2.064,"29
1 1 acceptor
1 10 acceptor
1 10 donor
1 11 donor
1 12 cation
1 12 donor
1 13 cation
1 13 donor
1 14 cation
1 14 donor
1 15 cation
1 15 donor
1 16 cation
1 16 donor
1 2 acceptor
1 3 acceptor
1 4 acceptor
1 4 donor
1 5 acceptor
1 5 donor
1 6 acceptor
1 6 donor
1 7 acceptor
1 8 acceptor
1 9 acceptor
1 9 donor
6 17 18 19 20 21 22 rings
6 3 23 24 25 26 27 rings
6 7 28 30 32 35 36 rings",592.688,22.286,1.4,34.118,-5.643,0.074,18,3.7,76.6037,1759.563,0.0,918.603,,49.394,13,0.036,2,-0.427205638363556,028A39C200000001,-1.58209315738753,,vsw_avrg-LIGPREP-001-in.maegz,"2
5
10",1534.094,16,42613186,0,14.0,0.1776,24,,0.4497,,2.0,"1
24
6
3
5
23
4
16
17
2
20
22
15
21
7
11
14
8
26
25
13
18
10
9
12
19",0,1,,-1.51,0.0146671789736519,19,330.883,"755.18
13.64
9.31
1.78
14.3
19.21
0.42
-14.83
8.38
0.35
-0.42
-1.22
-0.28
-0.17",0,4,9.021,21.9,,2,147.306,0.4945,0.0892032,12.8846960067749,0.4945,0.0076008,22_sdstereoexpander_1_neutralizer_1_epik_1_stereoizer_1,,22-1,OPLS_2005,3.657,,,Plazomicin.sdf,14,41,51.105,42613186-1,22,,2,5,41,,0.41522827657654,-43.0171127319336,1,0.672098752234441,0,0.2721,"10006869 2 18269552750568080037
10074138 170 18269538598149478499
10290309 65 18337108961155057261
11049842 53 18262252028019644524
11607047 403 18336554845680461467
12788726 201 18046617078510843010
13692114 37 18409448081287959571
13757389 114 18050862296694374934
15200665 1 18339369655123429841
19319366 153 18270672078642437228
21033648 29 18200587124787565752
21703447 108 18120659033423511835
22956985 138 17975701593079852708
23559900 14 17686338664513349317
4144715 1 17545602253904402521
6691757 9 18122592120920417216
6700243 42 17477526391630624276
6703917 75 18339380612129003060
79837 15 18266718299532980426",,18,,0.0,4,,21,0,-21.7643299102783,1,0,13,-9.606,,13,1,1,0,-118.062421770111,-7.716,-0.478613753456483,,-0.627181104115039,43.505,58.886598,,0,"This compound contains an acetal/aminal-like group ( X-CH(R)-Y where X, Y are N, S, or O) that may be acid/base labile, releasing an aldehyde.",,glide-grid_Sa3ANT_avrg,Plazomicin.1,-0.863002502828484,J2VwaWtfcHl0aG9uJywgJy1waCcsICc3LjAwMDAwMCcsICctcGh0JywgJzIuMDAwMDAwJywgJy1tcycsICcxNicsICctdG4nLCAnOCcsICctbWEnLCAnMjAwJywgJy1pbWFlJywgJzxpbmZpbGUubWFlPicsICctb21hZScsICc8b3V0ZmlsZS5tYWU+Jw==,1,-1.112,432.5
2,17.2,-0.0,,-2,,121510,20.48,,,42613186,1,-7.94487887161257,178,,24,56135,553.602,-7.45037887161257,,12,0.7673154,0.0,0,-0.181716557844209,-66.0131855010986,,W09IXVtDQF0xKFtDSDNdKVtDQEhdKFtOSF1bQ0gzXSlbQ0BASF0oW09IXSlbQ0BIXShPW0NIMl0xKU9bQ0BIXTJbQ0BIXShbTkhdQyg9TylbQ0BASF0oW09IXSlbQ0gyXVtDSDJdW05IMl0pW0NIMl1bQ0BIXShbTkgyXSlbQ0BIXShbQ0BASF0yW09IXSlPW0NASF0zT0MoPVtDSF1bQ0gyXVtDQEhdM1tOSDJdKVtDSDJdW05IXVtDSDJdW0NIMl1bT0hd,261.04,3,,C:\Users\HPC-3\Desktop\Menzi\Clinic_Ag,-3.652,2,"53
1 -0.56
10 -0.68
11 -0.73
12 -0.99
13 -0.9
14 -0.99
15 -0.9
16 -0.99
17 0.28
18 0.3
19 0.28
2 -0.56
20 0.28
21 0.27
23 0.56
24 0.27
25 0.28
26 0.28
27 0.28
28 0.56
3 -0.56
30 0.27
31 0.57
32 0.14
33 0.34
34 0.27
35 -0.06
36 -0.29
38 0.41
39 0.27
4 -0.68
40 0.27
41 0.28
5 -0.68
52 0.37
55 0.36
56 0.36
58 0.4
6 -0.68
62 0.36
64 0.4
65 0.4
7 -0.36
72 0.15
73 0.36
74 0.36
79 0.4
8 -0.57
82 0.36
83 0.36
84 0.36
89 0.4
9 -0.68",-2.064,"29
1 1 acceptor
1 10 acceptor
1 10 donor
1 11 donor
1 12 cation
1 12 donor
1 13 cation
1 13 donor
1 14 cation
1 14 donor
1 15 cation
1 15 donor
1 16 cation
1 16 donor
1 2 acceptor
1 3 acceptor
1 4 acceptor
1 4 donor
1 5 acceptor
1 5 donor
1 6 acceptor
1 6 donor
1 7 acceptor
1 8 acceptor
1 9 acceptor
1 9 donor
6 17 18 19 20 21 22 rings
6 3 23 24 25 26 27 rings
6 7 28 30 32 35 36 rings",592.688,22.286,1.4,34.118,-5.643,0.074,18,3.7,76.6037,1759.563,0.0,918.603,,49.394,8,0.036,2,-0.428544855773965,028A39C200000001,-1.58062267133678,,vsw_avrg-LIGPREP-001-in.maegz,"2
5
10",1534.094,16,42613186,0,14.0,0.1776,26,,0.4497,,2.0,"1
24
6
3
5
23
4
16
17
2
20
22
15
21
7
11
14
8
26
25
13
18
10
9
12
19",0,1,,-1.51,0.0146671762107642,19,330.883,"755.18
13.64
9.31
1.78
14.3
19.21
0.42
-14.83
8.38
0.35
-0.42
-1.22
-0.28
-0.17",0,4,9.021,21.9,,2,147.306,0.4945,0.0892032,12.8003082275391,0.4945,0.0076008,24_sdstereoexpander_1_neutralizer_1_epik_1_stereoizer_1,,24-1,OPLS_2005,3.657,,,Plazomicin.sdf,14,41,51.105,42613186-1,24,,2,5,41,,0.41522827657654,-43.9258117675781,1,0.672098752234441,0,0.2721,"10006869 2 18269552750568080037
10074138 170 18269538598149478499
10290309 65 18337108961155057261
11049842 53 18262252028019644524
11607047 403 18336554845680461467
12788726 201 18046617078510843010
13692114 37 18409448081287959571
13757389 114 18050862296694374934
15200665 1 18339369655123429841
19319366 153 18270672078642437228
21033648 29 18200587124787565752
21703447 108 18120659033423511835
22956985 138 17975701593079852708
23559900 14 17686338664513349317
4144715 1 17545602253904402521
6691757 9 18122592120920417216
6700243 42 17477526391630624276
6703917 75 18339380612129003060
79837 15 18266718299532980426",,18,,0.0,4,,21,0,-22.0873737335205,1,0,13,-9.606,,13,1,1,0,-119.102798350053,-7.716,-0.460776917108417,,-0.626598166845768,43.505,58.886597,,0,"This compound contains an acetal/aminal-like group ( X-CH(R)-Y where X, Y are N, S, or O) that may be acid/base labile, releasing an aldehyde.",,glide-grid_Sa3ANT_avrg,Plazomicin.1,-0.856416688630702,J2VwaWtfcHl0aG9uJywgJy1waCcsICc3LjAwMDAwMCcsICctcGh0JywgJzIuMDAwMDAwJywgJy1tcycsICcxNicsICctdG4nLCAnOCcsICctbWEnLCAnMjAwJywgJy1pbWFlJywgJzxpbmZpbGUubWFlPicsICctb21hZScsICc8b3V0ZmlsZS5tYWU+Jw==,1,-1.112,432.5
2,17.2,-0.0,,-2,,121510,20.48,,,42613186,1,-7.9174254278567,188,,26,56135,553.602,-7.4229254278567,,12,0.7673154,0.0,0,-0.181046961655041,-66.3317432403564,,W09IXVtDQF0xKFtDSDNdKVtDQEhdKFtOSF1bQ0gzXSlbQ0BASF0oW09IXSlbQ0BIXShPW0NIMl0xKU9bQ0BIXTJbQ0BIXShbTkhdQyg9TylbQ0BASF0oW09IXSlbQ0gyXVtDSDJdW05IMl0pW0NIMl1bQ0BIXShbTkgyXSlbQ0BIXShbQ0BASF0yW09IXSlPW0NASF0zT0MoPVtDSF1bQ0gyXVtDQEhdM1tOSDJdKVtDSDJdW05IXVtDSDJdW0NIMl1bT0hd,261.04,3,,C:\Users\HPC-3\Desktop\Menzi\Clinic_Ag,-3.652,2,"53
1 -0.56
10 -0.68
11 -0.73
12 -0.99
13 -0.9
14 -0.99
15 -0.9
16 -0.99
17 0.28
18 0.3
19 0.28
2 -0.56
20 0.28
21 0.27
23 0.56
24 0.27
25 0.28
26 0.28
27 0.28
28 0.56
3 -0.56
30 0.27
31 0.57
32 0.14
33 0.34
34 0.27
35 -0.06
36 -0.29
38 0.41
39 0.27
4 -0.68
40 0.27
41 0.28
5 -0.68
52 0.37
55 0.36
56 0.36
58 0.4
6 -0.68
62 0.36
64 0.4
65 0.4
7 -0.36
72 0.15
73 0.36
74 0.36
79 0.4
8 -0.57
82 0.36
83 0.36
84 0.36
89 0.4
9 -0.68",-2.064,"29
1 1 acceptor
1 10 acceptor
1 10 donor
1 11 donor
1 12 cation
1 12 donor
1 13 cation
1 13 donor
1 14 cation
1 14 donor
1 15 cation
1 15 donor
1 16 cation
1 16 donor
1 2 acceptor
1 3 acceptor
1 4 acceptor
1 4 donor
1 5 acceptor
1 5 donor
1 6 acceptor
1 6 donor
1 7 acceptor
1 8 acceptor
1 9 acceptor
1 9 donor
6 17 18 19 20 21 22 rings
6 3 23 24 25 26 27 rings
6 7 28 30 32 35 36 rings",592.688,22.286,1.4,34.118,-5.643,0.074,18,3.7,76.6037,1759.564,0.0,918.603,,49.394,20,0.036,2,-0.447727317010736,028A39C200000001,-1.57479833188309,,vsw_avrg-LIGPREP-001-in.maegz,"2
5
10",1534.094,16,42613186,0,14.0,0.1776,24,,0.4497,,2.0,"1
24
6
3
5
23
4
16
17
2
20
22
15
21
7
11
14
8
26
25
13
18
10
9
12
19",0,1,,-1.51,0.0146671380564129,19,330.883,"755.18
13.64
9.31
1.78
14.3
19.21
0.42
-14.83
8.38
0.35
-0.42
-1.22
-0.28
-0.17",0,4,9.021,21.9,,2,147.306,0.4945,0.0892032,13.2504825592041,0.4945,0.0076009,26_sdstereoexpander_1_neutralizer_1_epik_1_stereoizer_1,,26-1,OPLS_2005,3.657,,,Plazomicin.sdf,14,41,51.105,42613186-1,26,,2,5,41,,0.41522827657654,-43.408016204834,1,0.672098752234441,0,0.2721,"10006869 2 18269552750568080037
10074138 170 18269538598149478499
10290309 65 18337108961155057261
11049842 53 18262252028019644524
11607047 403 18336554845680461467
12788726 201 18046617078510843010
13692114 37 18409448081287959571
13757389 114 18050862296694374934
15200665 1 18339369655123429841
19319366 153 18270672078642437228
21033648 29 18200587124787565752
21703447 108 18120659033423511835
22956985 138 17975701593079852708
23559900 14 17686338664513349317
4144715 1 17545602253904402521
6691757 9 18122592120920417216
6700243 42 17477526391630624276
6703917 75 18339380612129003060
79837 15 18266718299532980426",,18,,0.0,4,,21,0,-22.9237270355225,1,0,13,-9.606,,13,1,1,0,-119.606563503418,-7.716,-0.3591475418622,,-0.624289253725044,43.505,58.886597,,0,"This compound contains an acetal/aminal-like group ( X-CH(R)-Y where X, Y are N, S, or O) that may be acid/base labile, releasing an aldehyde.",,glide-grid_Sa3ANT_avrg,Plazomicin.1,-0.869592493784176,J2VwaWtfcHl0aG9uJywgJy1waCcsICc3LjAwMDAwMCcsICctcGh0JywgJzIuMDAwMDAwJywgJy1tcycsICcxNicsICctdG4nLCAnOCcsICctbWEnLCAnMjAwJywgJy1pbWFlJywgJzxpbmZpbGUubWFlPicsICctb21hZScsICc8b3V0ZmlsZS5tYWU+Jw==,1,-1.112,432.5
2,17.2,-0.0,,-2,,121510,20.48,,,42613186,1,-7.90084546508528,173,,23,56135,553.602,-7.40634546508528,,12,0.7673153,0.0,0,-0.180642572319153,-65.4959716796875,,W09IXVtDQF0xKFtDSDNdKVtDQEhdKFtOSF1bQ0gzXSlbQ0BASF0oW09IXSlbQ0BIXShPW0NIMl0xKU9bQ0BIXTJbQ0BIXShbTkhdQyg9TylbQ0BASF0oW09IXSlbQ0gyXVtDSDJdW05IMl0pW0NIMl1bQ0BIXShbTkgyXSlbQ0BIXShbQ0BASF0yW09IXSlPW0NASF0zT0MoPVtDSF1bQ0gyXVtDQEhdM1tOSDJdKVtDSDJdW05IXVtDSDJdW0NIMl1bT0hd,261.04,3,,C:\Users\HPC-3\Desktop\Menzi\Clinic_Ag,-3.652,2,"53
1 -0.56
10 -0.68
11 -0.73
12 -0.99
13 -0.9
14 -0.99
15 -0.9
16 -0.99
17 0.28
18 0.3
19 0.28
2 -0.56
20 0.28
21 0.27
23 0.56
24 0.27
25 0.28
26 0.28
27 0.28
28 0.56
3 -0.56
30 0.27
31 0.57
32 0.14
33 0.34
34 0.27
35 -0.06
36 -0.29
38 0.41
39 0.27
4 -0.68
40 0.27
41 0.28
5 -0.68
52 0.37
55 0.36
56 0.36
58 0.4
6 -0.68
62 0.36
64 0.4
65 0.4
7 -0.36
72 0.15
73 0.36
74 0.36
79 0.4
8 -0.57
82 0.36
83 0.36
84 0.36
89 0.4
9 -0.68",-2.064,"29
1 1 acceptor
1 10 acceptor
1 10 donor
1 11 donor
1 12 cation
1 12 donor
1 13 cation
1 13 donor
1 14 cation
1 14 donor
1 15 cation
1 15 donor
1 16 cation
1 16 donor
1 2 acceptor
1 3 acceptor
1 4 acceptor
1 4 donor
1 5 acceptor
1 5 donor
1 6 acceptor
1 6 donor
1 7 acceptor
1 8 acceptor
1 9 acceptor
1 9 donor
6 17 18 19 20 21 22 rings
6 3 23 24 25 26 27 rings
6 7 28 30 32 35 36 rings",592.688,22.286,1.4,34.118,-5.643,0.074,18,3.7,76.6037,1759.564,0.0,918.603,,49.394,9,0.036,2,-0.433014369144938,028A39C200000001,-1.57128083760555,,vsw_avrg-LIGPREP-001-in.maegz,"2
5
10",1534.094,16,42613186,0,14.0,0.1776,22,,0.4497,,2.0,"1
24
6
3
5
23
4
16
17
2
20
22
15
21
7
11
14
8
26
25
13
18
10
9
12
19",0,1,,-1.51,0.0146671707399979,19,330.883,"755.18
13.64
9.31
1.78
14.3
19.21
0.42
-14.83
8.38
0.35
-0.42
-1.22
-0.28
-0.17",0,4,9.021,21.9,,2,147.306,0.4945,0.0892031,14.4542722702026,0.4945,0.007601,23_sdstereoexpander_1_neutralizer_1_epik_1_stereoizer_1,,23-1,OPLS_2005,3.657,,,Plazomicin.sdf,14,41,51.105,42613186-1,23,,2,5,41,,0.41522827657654,-43.2120819091797,1,0.672098752234441,0,0.2721,"10006869 2 18269552750568080037
10074138 170 18269538598149478499
10290309 65 18337108961155057261
11049842 53 18262252028019644524
11607047 403 18336554845680461467
12788726 201 18046617078510843010
13692114 37 18409448081287959571
13757389 114 18050862296694374934
15200665 1 18339369655123429841
19319366 153 18270672078642437228
21033648 29 18200587124787565752
21703447 108 18120659033423511835
22956985 138 17975701593079852708
23559900 14 17686338664513349317
4144715 1 17545602253904402521
6691757 9 18122592120920417216
6700243 42 17477526391630624276
6703917 75 18339380612129003060
79837 15 18266718299532980426",,18,,0.0,4,,21,0,-22.2838897705078,1,0,13,-9.606,,13,1,1,0,-117.906642844557,-7.716,-0.460537607329732,,-0.622894831446933,43.505,58.886595,,0,"This compound contains an acetal/aminal-like group ( X-CH(R)-Y where X, Y are N, S, or O) that may be acid/base labile, releasing an aldehyde.",,glide-grid_Sa3ANT_avrg,Plazomicin.1,-0.798327276661758,J2VwaWtfcHl0aG9uJywgJy1waCcsICc3LjAwMDAwMCcsICctcGh0JywgJzIuMDAwMDAwJywgJy1tcycsICcxNicsICctdG4nLCAnOCcsICctbWEnLCAnMjAwJywgJy1pbWFlJywgJzxpbmZpbGUubWFlPicsICctb21hZScsICc8b3V0ZmlsZS5tYWU+Jw==,1,-1.113,432.5
2,9.2,-0.0,,-2,,121511,15.679,,1,36119,1,-7.97076738443148,59,,12,56135,409.529,-7.21756738443148,,11,0.8208357,0.0,0,-0.232824754336499,-54.3040981292725,,W09IXVtDQF0xKFtDSDNdKVtDQEhdKFtOSF1bQ0gzXSlbQ0BASF0oW09IXSlbQ0BIXShPW0NIMl0xKU9bQ0BASF0yW0NAQEhdKFtPSF0pW0NAQEhdKFtDQEBIXShbTkgyXSlbQ0gyXVtDQEhdMltOSDJdKU9bQ0BIXTNPQyhbQ0gyXVtOSDJdKT1bQ0hdW0NIMl1bQ0BIXTNbTkgyXQ==,199.504,2,,C:\Users\HPC-3\Desktop\Menzi\Clinic_Ag,-2.177,2,"42
1 -0.56
10 -0.9
11 -0.99
12 -0.99
13 0.28
14 0.28
15 0.28
16 0.27
17 0.27
19 0.56
2 -0.56
20 0.27
21 0.28
22 0.28
23 0.28
24 0.56
26 0.27
27 0.14
28 0.27
29 -0.06
3 -0.56
30 -0.29
31 0.41
4 -0.68
44 0.36
45 0.36
46 0.36
47 0.36
49 0.4
5 -0.68
53 0.36
55 0.4
56 0.4
6 -0.68
62 0.15
63 0.36
64 0.36
67 0.36
68 0.36
7 -0.36
8 -0.99
9 -0.99",-1.141,"23
1 1 acceptor
1 10 cation
1 10 donor
1 11 cation
1 11 donor
1 12 cation
1 12 donor
1 2 acceptor
1 3 acceptor
1 4 acceptor
1 4 donor
1 5 acceptor
1 5 donor
1 6 acceptor
1 6 donor
1 7 acceptor
1 8 cation
1 8 donor
1 9 cation
1 9 donor
6 13 14 15 16 17 18 rings
6 3 19 20 21 22 23 rings
6 7 24 26 27 29 30 rings",447.531,0.0,,32.378,-4.251,0.352,18,3.21,72.8265,1351.681,0.0,720.264,,39.353,9,0.124,2,-0.460668961976001,00008D1700000003,-1.62778263706549,,vsw_avrg-LIGPREP-001-in.maegz,"2
5
10",1175.241,12,36119,0,12.0,0.2671,1,,0.6939,,2.0,"3
64
53
65
12
49
26
67
51
59
23
35
20
77
22
72
24
16
32
21
56
4
41
46
30
17
54
47
71
18
36
37
8
44
15
63
76
40
45
38
61
68
34
6
9
50
28
39
10
66
11
14
60
27
57
74
1
48
19
62
25
43
75
7
31
13
69
5
2
55
70
73
58
29
52
42
33",0,1,,-1.61528540909091,0.0173057953650317,9,278.357,"571.98
12.43
4.59
1.52
2.33
3.04
0.04
-10.82
1.09
2.12
-0.35
-1.6
0.35
-1.1",0,4,9.177,15.5,,2,116.832,0.7532,0.0745471,9.84598064422607,0.7532,0.0174949,12_sdstereoexpander_1_neutralizer_1_epik_2_stereoizer_1,,12-2,OPLS_2005,4.863,,,Sisomicin.sdf,14,31,39.902,36119-2,12,,1,5,31,,0.27543501006958,-37.2340850830078,1,1.02028746358792,0,0.4268,"11049842 53 15479036112268243711
11513181 2 18129383696232392012
12788726 201 17325216615441558436
13583140 156 17167857608198957017
13631057 29 18057877125704589047
14713325 29 18194407916241077378
15664445 248 17696203508058823007
15775530 1 18118996730355976666
20567600 254 18040707086951344029
21033648 144 18114457886431872311
21033648 29 16298945343362888343
23558518 356 17973727179824629578
23559900 14 16700900367586220085
24771293 8 18129084634125032162
283562 15 17904758126344059314
2838139 119 18413107277496529016
329604 57 10375879567566997312
3411729 13 18263087634395733320
350125 39 18194973065396725434
38695281 34 18343305851190514910
469060 322 16806713170197090167
474 4 18340206289410200155
5385378 56 18338804416432299266
59755656 520 18410009974409783725
6287921 2 18128531562062874967
9981440 41 18340204210234722115",,18,,0.0,4,,13,0,-17.0700130462646,1,0,11,-9.413,,5,0,1,0,-97.4684971347112,-8.216,-0.0504879620839881,,-0.731391177833262,33.541,76.0978,,0,"This compound contains an acetal/aminal-like group ( X-CH(R)-Y where X, Y are N, S, or O) that may be acid/base labile, releasing an aldehyde.",,glide-grid_Sa3ANT_avrg,Sisomicin.1,-1.26625940903693,J2VwaWtfcHl0aG9uJywgJy1waCcsICc3LjAwMDAwMCcsICctcGh0JywgJzIuMDAwMDAwJywgJy1tcycsICcxNicsICctdG4nLCAnOCcsICctbWEnLCAnMjAwJywgJy1pbWFlJywgJzxpbmZpbGUubWFlPicsICctb21hZScsICc8b3V0ZmlsZS5tYWU+Jw==,1,-0.772,324.3
2,17.2,-0.0,,-2,,121510,20.48,,,42613186,1,-7.6718471626352,183,,25,56135,553.602,-7.1773471626352,,12,0.7673154,0.0,0,-0.175057247869151,-62.8984661102295,,W09IXVtDQF0xKFtDSDNdKVtDQEhdKFtOSF1bQ0gzXSlbQ0BASF0oW09IXSlbQ0BIXShPW0NIMl0xKU9bQ0BIXTJbQ0BIXShbTkhdQyg9TylbQ0BASF0oW09IXSlbQ0gyXVtDSDJdW05IMl0pW0NIMl1bQ0BIXShbTkgyXSlbQ0BIXShbQ0BASF0yW09IXSlPW0NASF0zT0MoPVtDSF1bQ0gyXVtDQEhdM1tOSDJdKVtDSDJdW05IXVtDSDJdW0NIMl1bT0hd,261.04,3,,C:\Users\HPC-3\Desktop\Menzi\Clinic_Ag,-3.652,2,"53
1 -0.56
10 -0.68
11 -0.73
12 -0.99
13 -0.9
14 -0.99
15 -0.9
16 -0.99
17 0.28
18 0.3
19 0.28
2 -0.56
20 0.28
21 0.27
23 0.56
24 0.27
25 0.28
26 0.28
27 0.28
28 0.56
3 -0.56
30 0.27
31 0.57
32 0.14
33 0.34
34 0.27
35 -0.06
36 -0.29
38 0.41
39 0.27
4 -0.68
40 0.27
41 0.28
5 -0.68
52 0.37
55 0.36
56 0.36
58 0.4
6 -0.68
62 0.36
64 0.4
65 0.4
7 -0.36
72 0.15
73 0.36
74 0.36
79 0.4
8 -0.57
82 0.36
83 0.36
84 0.36
89 0.4
9 -0.68",-2.064,"29
1 1 acceptor
1 10 acceptor
1 10 donor
1 11 donor
1 12 cation
1 12 donor
1 13 cation
1 13 donor
1 14 cation
1 14 donor
1 15 cation
1 15 donor
1 16 cation
1 16 donor
1 2 acceptor
1 3 acceptor
1 4 acceptor
1 4 donor
1 5 acceptor
1 5 donor
1 6 acceptor
1 6 donor
1 7 acceptor
1 8 acceptor
1 9 acceptor
1 9 donor
6 17 18 19 20 21 22 rings
6 3 23 24 25 26 27 rings
6 7 28 30 32 35 36 rings",592.688,22.286,1.4,34.118,-5.643,0.074,18,3.7,76.6037,1759.564,0.0,918.603,,49.394,3,0.036,2,-0.443413833185927,028A39C200000001,-1.52269808566936,,vsw_avrg-LIGPREP-001-in.maegz,"2
5
10",1534.094,16,42613186,0,14.0,0.1776,27,,0.4497,,2.0,"1
24
6
3
5
23
4
16
17
2
20
22
15
21
7
11
14
8
26
25
13
18
10
9
12
19",0,1,,-1.51,0.0146671420351029,19,330.883,"755.18
13.64
9.31
1.78
14.3
19.21
0.42
-14.83
8.38
0.35
-0.42
-1.22
-0.28
-0.17",0,4,9.021,21.9,,2,147.306,0.4945,0.0892032,10.9150381088257,0.4945,0.0076009,25_sdstereoexpander_1_neutralizer_1_epik_1_stereoizer_1,,25-1,OPLS_2005,3.657,,,Plazomicin.sdf,14,41,51.105,42613186-1,25,,2,5,41,,0.41522827657654,-42.6565475463867,1,0.672098752234441,0,0.2721,"10006869 2 18269552750568080037
10074138 170 18269538598149478499
10290309 65 18337108961155057261
11049842 53 18262252028019644524
11607047 403 18336554845680461467
12788726 201 18046617078510843010
13692114 37 18409448081287959571
13757389 114 18050862296694374934
15200665 1 18339369655123429841
19319366 153 18270672078642437228
21033648 29 18200587124787565752
21703447 108 18120659033423511835
22956985 138 17975701593079852708
23559900 14 17686338664513349317
4144715 1 17545602253904402521
6691757 9 18122592120920417216
6700243 42 17477526391630624276
6703917 75 18339380612129003060
79837 15 18266718299532980426",,18,,0.0,4,,21,0,-20.2419185638428,1,0,13,-9.606,,13,1,1,0,-114.758175748622,-7.716,-0.383176688270718,,-0.603635419409146,43.505,58.886597,,0,"This compound contains an acetal/aminal-like group ( X-CH(R)-Y where X, Y are N, S, or O) that may be acid/base labile, releasing an aldehyde.",,glide-grid_Sa3ANT_avrg,Plazomicin.1,-0.738388989562959,J2VwaWtfcHl0aG9uJywgJy1waCcsICc3LjAwMDAwMCcsICctcGh0JywgJzIuMDAwMDAwJywgJy1tcycsICcxNicsICctdG4nLCAnOCcsICctbWEnLCAnMjAwJywgJy1pbWFlJywgJzxpbmZpbGUubWFlPicsICctb21hZScsICc8b3V0ZmlsZS5tYWU+Jw==,1,-1.113,432.5
2,,-0.0,"2-[4,6-diamino-3-[[3-amino-6-[1-(methylamino)ethyl]-2-oxanyl]oxy]-2-hydroxycyclohexyl]oxy-5-methyl-4-(methylamino)oxane-3,5-diol",-2,12,121505,15.817,477.31624873,,3467,1,-7.2659223837354,556,-4.1,72,56135,534.291,-7.0902223837354,AAADcfB7uAAAAAAAAAAAAAAAAAAAAAAAAAA0SIAAAAAAAAAAAAAAHgAQCAAADHzxgAcCCALABgAAAAAAAAAAAAAAAAAAAIAIAAATEAIAwAAnQAAHEAAXAAHw8C0MAAAAAAAAAAAAgAAUCACgAAAAAAAAAA==,0,0.8231997,0.0,0,-0.214855223749558,-52.2872409820557,"13  1  3
19  1  3
20  10  3
24  11  3
14  2  3
22  2  3
25  28  3
29  31  3
15  3  3
21  6  3
23  7  3
16  8  3
17  9  3",W09IXVtDQF0xKFtDSDNdKVtDQEhdKFtOSF1bQ0gzXSlbQ0BASF0oW09IXSlbQ0BIXShPW0NIMl0xKU9bQ0BIXTJbQ0BIXShbT0hdKVtDQEBIXShbQ0BIXShbTkgyXSlbQ0gyXVtDQEBIXTJbTkgyXSlPW0NASF0zT1tDQEBIXShbQ0BASF0oW0NIM10pW05IXVtDSDNdKVtDSDJdW0NIMl1bQ0BIXTNbTkgyXQ==,187.072,2,"2-[4,6-bis(azanyl)-3-[3-azanyl-6-[1-(methylamino)ethyl]oxan-2-yl]oxy-2-oxidanyl-cyclohexyl]oxy-5-methyl-4-(methylamino)oxane-3,5-diol",C:\Users\HPC-3\Desktop\Menzi\Clinic_Ag,-1.615,2,,-1.033,,477.6,0.0,,0.0,-3.597,1.184,18,3.223,,1463.126,0.0,757.148,"2-[4,6-diamino-3-[3-amino-6-[1-(methylamino)ethyl]tetrahydropyran-2-yl]oxy-2-hydroxy-cyclohexoxy]-5-methyl-4-(methylamino)tetrahydropyran-3,5-diol",39.748,6,0.46,2,-0.500209675836858,,-1.57682874693599,"2-[4,6-diamino-3-[3-amino-6-[1-(methylamino)ethyl]tetrahydropyran-2-yl]oxy-2-hydroxy-cyclohexoxy]-5-methyl-4-(methylamino)tetrahydropyran-3,5-diol",vsw_avrg-LIGPREP-001-in.maegz,"1
5
255",,12,3467,0,11.0,0.2114,1,477.31624873,0.2117,Bypass - this structure was created from CID 3467,2.0,,13,1,"InChI=1S/C21H43N5O7/c1-9(25-3)13-6-5-10(22)19(31-13)32-16-11(23)7-12(24)17(14(16)27)33-20-15(28)18(26-4)21(2,29)8-30-20/h9-20,25-29H,5-8,22-24H2,1-4H3",-0.648396909090908,0.149703910262423,10,222.857,,0,5,9.159,16.95,1,2,,0.1757,0.074248,16.6970844268799,0.1757,0.0089863,72_sdstereoexpander_1_neutralizer_1_epik_1_stereoizer_1,0,72-1,OPLS_2005,3.626,CC(C1CCC(C(O1)OC2C(CC(C(C2O)OC3C(C(C(CO3)(C)O)NC)O)N)N)N)NC,C21H43N5O7,Gentamicin.sdf,16,33,44.053,3467-1,72,636,-1,5,33,CC(C1CCC(C(O1)OC2C(CC(C(C2O)OC3C(C(C(CO3)(C)O)NC)O)N)N)N)NC,0.304942915495211,-32.2332153320313,1,0.387096191036002,0,0.0003,,477.6,18,7,0.0,5,CEAZRRDELHUEMR-UHFFFAOYSA-N,13,0,-20.0540256500244,1,0,8,-8.504,"2-[4,6-diamino-3-[3-amino-6-[1-(methylamino)ethyl]oxan-2-yl]oxy-2-hydroxycyclohexyl]oxy-5-methyl-4-(methylamino)oxane-3,5-diol",5,0,1,0,-91.7622136141588,-8.024,-0.664635925213033,"2-[4,6-diamino-3-[3-amino-6-[1-(methylamino)ethyl]oxan-2-yl]oxy-2-hydroxycyclohexyl]oxy-5-methyl-4-(methylamino)oxane-3,5-diol",-0.689155505352428,32.996,112.804014,8,0,"This compound contains an acetal/aminal-like group ( X-CH(R)-Y where X, Y are N, S, or O) that may be acid/base labile, releasing an aldehyde.",200,glide-grid_Sa3ANT_avrg,Gentamicin.1,-0.754921506588588,J2VwaWtfcHl0aG9uJywgJy1waCcsICc3LjAwMDAwMCcsICctcGh0JywgJzIuMDAwMDAwJywgJy1tcycsICcxNicsICctdG4nLCAnOCcsICctbWEnLCAnMjAwJywgJy1pbWFlJywgJzxpbmZpbGUubWFlPicsICctb21hZScsICc8b3V0ZmlsZS5tYWU+Jw==,1,-1.941,
2,9.2,-0.0,,-2,,121511,15.679,,1,36119,1,-7.78459978991917,147,,20,56135,409.51,-7.03139978991917,,11,0.8208341,0.0,0,-0.226819348061909,-51.5956249237061,,W09IXVtDQF0xKFtDSDNdKVtDQEhdKFtOSF1bQ0gzXSlbQ0BASF0oW09IXSlbQ0BIXShPW0NIMl0xKU9bQ0BASF0yW0NAQEhdKFtPSF0pW0NAQEhdKFtDQEBIXShbTkgyXSlbQ0gyXVtDQEhdMltOSDJdKU9bQ0BIXTNPQyhbQ0gyXVtOSDJdKT1bQ0hdW0NIMl1bQ0BIXTNbTkgyXQ==,199.475,2,,C:\Users\HPC-3\Desktop\Menzi\Clinic_Ag,-2.177,2,"42
1 -0.56
10 -0.9
11 -0.99
12 -0.99
13 0.28
14 0.28
15 0.28
16 0.27
17 0.27
19 0.56
2 -0.56
20 0.27
21 0.28
22 0.28
23 0.28
24 0.56
26 0.27
27 0.14
28 0.27
29 -0.06
3 -0.56
30 -0.29
31 0.41
4 -0.68
44 0.36
45 0.36
46 0.36
47 0.36
49 0.4
5 -0.68
53 0.36
55 0.4
56 0.4
6 -0.68
62 0.15
63 0.36
64 0.36
67 0.36
68 0.36
7 -0.36
8 -0.99
9 -0.99",-1.141,"23
1 1 acceptor
1 10 cation
1 10 donor
1 11 cation
1 11 donor
1 12 cation
1 12 donor
1 2 acceptor
1 3 acceptor
1 4 acceptor
1 4 donor
1 5 acceptor
1 5 donor
1 6 acceptor
1 6 donor
1 7 acceptor
1 8 cation
1 8 donor
1 9 cation
1 9 donor
6 13 14 15 16 17 18 rings
6 3 19 20 21 22 23 rings
6 7 24 26 27 29 30 rings",447.531,0.0,,32.38,-4.251,0.352,18,3.21,72.8265,1351.68,0.0,720.265,,39.353,8,0.124,2,-0.474801168120111,00008D1700000003,-1.58579613915138,,vsw_avrg-LIGPREP-001-in.maegz,"2
5
10",1175.241,12,36119,0,12.0,0.2671,2,,0.6939,,2.0,"3
64
53
65
12
49
26
67
51
59
23
35
20
77
22
72
24
16
32
21
56
4
41
46
30
17
54
47
71
18
36
37
8
44
15
63
76
40
45
38
61
68
34
6
9
50
28
39
10
66
11
14
60
27
57
74
1
48
19
62
25
43
75
7
31
13
69
5
2
55
70
73
58
29
52
42
33",0,1,,-1.92028540909091,0.017293032973775,9,278.375,"571.98
12.43
4.59
1.52
2.33
3.04
0.04
-10.82
1.09
2.12
-0.35
-1.6
0.35
-1.1",0,4,9.177,15.5,,2,116.832,0.7532,0.074547,9.32913017272949,0.7532,0.0174943,20_sdstereoexpander_1_neutralizer_1_epik_2_stereoizer_1,,20-2,OPLS_2005,4.863,,,Sisomicin.sdf,14,31,39.902,36119-2,20,,1,5,31,,0.27543501006958,-35.7784423828125,1,1.02028746358792,0,0.4268,"11049842 53 15479036112268243711
11513181 2 18129383696232392012
12788726 201 17325216615441558436
13583140 156 17167857608198957017
13631057 29 18057877125704589047
14713325 29 18194407916241077378
15664445 248 17696203508058823007
15775530 1 18118996730355976666
20567600 254 18040707086951344029
21033648 144 18114457886431872311
21033648 29 16298945343362888343
23558518 356 17973727179824629578
23559900 14 16700900367586220085
24771293 8 18129084634125032162
283562 15 17904758126344059314
2838139 119 18413107277496529016
329604 57 10375879567566997312
3411729 13 18263087634395733320
350125 39 18194973065396725434
38695281 34 18343305851190514910
469060 322 16806713170197090167
474 4 18340206289410200155
5385378 56 18338804416432299266
59755656 520 18410009974409783725
6287921 2 18128531562062874967
9981440 41 18340204210234722115",,18,,0.0,4,,13,0,-15.8171825408936,1,0,11,-9.413,,5,0,1,0,-96.2516214538508,-8.216,-0.0628686719186012,,-0.712525910774107,33.541,76.097757,,0,"This compound contains an acetal/aminal-like group ( X-CH(R)-Y where X, Y are N, S, or O) that may be acid/base labile, releasing an aldehyde.",,glide-grid_Sa3ANT_avrg,Sisomicin.1,-0.81122042381445,J2VwaWtfcHl0aG9uJywgJy1waCcsICc3LjAwMDAwMCcsICctcGh0JywgJzIuMDAwMDAwJywgJy1tcycsICcxNicsICctdG4nLCAnOCcsICctbWEnLCAnMjAwJywgJy1pbWFlJywgJzxpbmZpbGUubWFlPicsICctb21hZScsICc8b3V0ZmlsZS5tYWU+Jw==,1,-0.773,324.3
2,,-0.0,"2-[4,6-diamino-3-[[3-amino-6-[1-(methylamino)ethyl]-2-oxanyl]oxy]-2-hydroxycyclohexyl]oxy-5-methyl-4-(methylamino)oxane-3,5-diol",-2,12,121505,15.817,477.31624873,,3467,1,-7.20700857265021,716,-4.1,104,56135,534.291,-7.03130857265021,AAADcfB7uAAAAAAAAAAAAAAAAAAAAAAAAAA0SIAAAAAAAAAAAAAAHgAQCAAADHzxgAcCCALABgAAAAAAAAAAAAAAAAAAAIAIAAATEAIAwAAnQAAHEAAXAAHw8C0MAAAAAAAAAAAAgAAUCACgAAAAAAAAAA==,0,0.8231997,0.0,0,-0.213069956746976,-34.0954780578613,"13  1  3
19  1  3
20  10  3
24  11  3
14  2  3
22  2  3
25  28  3
29  31  3
15  3  3
21  6  3
23  7  3
16  8  3
17  9  3",W09IXVtDQF0xKFtDSDNdKVtDQEhdKFtOSF1bQ0gzXSlbQ0BASF0oW09IXSlbQ0BIXShPW0NIMl0xKU9bQ0BIXTJbQ0BIXShbT0hdKVtDQEBIXShbQ0BIXShbTkgyXSlbQ0gyXVtDQEBIXTJbTkgyXSlPW0NASF0zT1tDQEBIXShbQ0BASF0oW0NIM10pW05IXVtDSDNdKVtDSDJdW0NIMl1bQ0BIXTNbTkgyXQ==,187.072,2,"2-[4,6-bis(azanyl)-3-[3-azanyl-6-[1-(methylamino)ethyl]oxan-2-yl]oxy-2-oxidanyl-cyclohexyl]oxy-5-methyl-4-(methylamino)oxane-3,5-diol",C:\Users\HPC-3\Desktop\Menzi\Clinic_Ag,-1.615,2,,-1.033,,477.6,0.0,,0.0,-3.597,1.184,18,3.223,,1463.126,0.0,757.148,"2-[4,6-diamino-3-[3-amino-6-[1-(methylamino)ethyl]tetrahydropyran-2-yl]oxy-2-hydroxy-cyclohexoxy]-5-methyl-4-(methylamino)tetrahydropyran-3,5-diol",39.748,1,0.46,2,-0.567182735034995,,-1.56372662039003,"2-[4,6-diamino-3-[3-amino-6-[1-(methylamino)ethyl]tetrahydropyran-2-yl]oxy-2-hydroxy-cyclohexoxy]-5-methyl-4-(methylamino)tetrahydropyran-3,5-diol",vsw_avrg-LIGPREP-001-in.maegz,"1
5
255",,12,3467,0,11.0,0.2114,6,477.31624873,0.2117,Bypass - this structure was created from CID 3467,2.0,,13,1,"InChI=1S/C21H43N5O7/c1-9(25-3)13-6-5-10(22)19(31-13)32-16-11(23)7-12(24)17(14(16)27)33-20-15(28)18(26-4)21(2,29)8-30-20/h9-20,25-29H,5-8,22-24H2,1-4H3",-1.40339690909091,0.149703839000067,10,222.857,,0,5,9.159,16.95,1,2,,0.1757,0.074248,14.3734064102173,0.1757,0.0089864,104_sdstereoexpander_1_neutralizer_1_epik_1_stereoizer_1,0,104-1,OPLS_2005,3.626,CC(C1CCC(C(O1)OC2C(CC(C(C2O)OC3C(C(C(CO3)(C)O)NC)O)N)N)N)NC,C21H43N5O7,Gentamicin.sdf,16,33,44.053,3467-1,104,636,-1,5,33,CC(C1CCC(C(O1)OC2C(CC(C(C2O)OC3C(C(C(CO3)(C)O)NC)O)N)N)N)NC,0.304942915495211,-28.6807174682617,1,0.387096191036002,0,0.0003,,477.6,18,7,0.0,5,CEAZRRDELHUEMR-UHFFFAOYSA-N,13,0,-5.41476058959961,1,0,8,-8.504,"2-[4,6-diamino-3-[3-amino-6-[1-(methylamino)ethyl]oxan-2-yl]oxy-2-hydroxycyclohexyl]oxy-5-methyl-4-(methylamino)oxane-3,5-diol",5,0,1,0,-54.7440771434189,-8.024,-0.697026097805335,"2-[4,6-diamino-3-[3-amino-6-[1-(methylamino)ethyl]oxan-2-yl]oxy-2-hydroxycyclohexyl]oxy-5-methyl-4-(methylamino)oxane-3,5-diol",-0.683429200160113,32.996,112.804014,8,0,"This compound contains an acetal/aminal-like group ( X-CH(R)-Y where X, Y are N, S, or O) that may be acid/base labile, releasing an aldehyde.",200,glide-grid_Sa3ANT_avrg,Gentamicin.1,-0.573607716734199,J2VwaWtfcHl0aG9uJywgJy1waCcsICc3LjAwMDAwMCcsICctcGh0JywgJzIuMDAwMDAwJywgJy1tcycsICcxNicsICctdG4nLCAnOCcsICctbWEnLCAnMjAwJywgJy1pbWFlJywgJzxpbmZpbGUubWFlPicsICctb21hZScsICc8b3V0ZmlsZS5tYWU+Jw==,1,-1.941,
2,,-0.0,"2-[4,6-diamino-3-[[3-amino-6-[1-(methylamino)ethyl]-2-oxanyl]oxy]-2-hydroxycyclohexyl]oxy-5-methyl-4-(methylamino)oxane-3,5-diol",-2,12,121505,15.817,477.31624873,,3467,1,-7.20700857265021,1196,-4.1,200,56135,534.291,-7.03130857265021,AAADcfB7uAAAAAAAAAAAAAAAAAAAAAAAAAA0SIAAAAAAAAAAAAAAHgAQCAAADHzxgAcCCALABgAAAAAAAAAAAAAAAAAAAIAIAAATEAIAwAAnQAAHEAAXAAHw8C0MAAAAAAAAAAAAgAAUCACgAAAAAAAAAA==,0,0.8231997,0.0,0,-0.213069956746976,-34.0954780578613,"13  1  3
19  1  3
20  10  3
24  11  3
14  2  3
22  2  3
25  28  3
29  31  3
15  3  3
21  6  3
23  7  3
16  8  3
17  9  3",W09IXVtDQF0xKFtDSDNdKVtDQEhdKFtOSF1bQ0gzXSlbQ0BASF0oW09IXSlbQ0BIXShPW0NIMl0xKU9bQ0BIXTJbQ0BIXShbT0hdKVtDQEBIXShbQ0BIXShbTkgyXSlbQ0gyXVtDQEBIXTJbTkgyXSlPW0NASF0zT1tDQEBIXShbQ0BASF0oW0NIM10pW05IXVtDSDNdKVtDSDJdW0NIMl1bQ0BIXTNbTkgyXQ==,187.072,2,"2-[4,6-bis(azanyl)-3-[3-azanyl-6-[1-(methylamino)ethyl]oxan-2-yl]oxy-2-oxidanyl-cyclohexyl]oxy-5-methyl-4-(methylamino)oxane-3,5-diol",C:\Users\HPC-3\Desktop\Menzi\Clinic_Ag,-1.615,2,,-1.033,,477.6,0.0,,0.0,-3.597,1.184,18,3.223,,1463.126,0.0,757.148,"2-[4,6-diamino-3-[3-amino-6-[1-(methylamino)ethyl]tetrahydropyran-2-yl]oxy-2-hydroxy-cyclohexoxy]-5-methyl-4-(methylamino)tetrahydropyran-3,5-diol",39.748,1,0.46,2,-0.567182735034995,,-1.56372662039003,"2-[4,6-diamino-3-[3-amino-6-[1-(methylamino)ethyl]tetrahydropyran-2-yl]oxy-2-hydroxy-cyclohexoxy]-5-methyl-4-(methylamino)tetrahydropyran-3,5-diol",vsw_avrg-LIGPREP-001-in.maegz,"1
5
255",,12,3467,0,11.0,0.2114,6,477.31624873,0.2117,Bypass - this structure was created from CID 3467,2.0,,13,1,"InChI=1S/C21H43N5O7/c1-9(25-3)13-6-5-10(22)19(31-13)32-16-11(23)7-12(24)17(14(16)27)33-20-15(28)18(26-4)21(2,29)8-30-20/h9-20,25-29H,5-8,22-24H2,1-4H3",-1.40339690909091,0.149703870612903,10,222.857,,0,5,9.159,16.95,1,2,,0.1757,0.074248,14.3734064102173,0.1757,0.0089863,200_sdstereoexpander_1_neutralizer_1_epik_1_stereoizer_1,0,200-1,OPLS_2005,3.626,CC(C1CCC(C(O1)OC2C(CC(C(C2O)OC3C(C(C(CO3)(C)O)NC)O)N)N)N)NC,C21H43N5O7,Gentamicin.sdf,16,33,44.053,3467-1,200,636,-1,5,33,CC(C1CCC(C(O1)OC2C(CC(C(C2O)OC3C(C(C(CO3)(C)O)NC)O)N)N)N)NC,0.304942915495211,-28.6807174682617,1,0.387096191036002,0,0.0003,,477.6,18,7,0.0,5,CEAZRRDELHUEMR-UHFFFAOYSA-N,13,0,-5.41476058959961,1,0,8,-8.504,"2-[4,6-diamino-3-[3-amino-6-[1-(methylamino)ethyl]oxan-2-yl]oxy-2-hydroxycyclohexyl]oxy-5-methyl-4-(methylamino)oxane-3,5-diol",5,0,1,0,-54.7440771434189,-8.024,-0.697026097805335,"2-[4,6-diamino-3-[3-amino-6-[1-(methylamino)ethyl]oxan-2-yl]oxy-2-hydroxycyclohexyl]oxy-5-methyl-4-(methylamino)oxane-3,5-diol",-0.683429200160113,32.996,112.804014,8,0,"This compound contains an acetal/aminal-like group ( X-CH(R)-Y where X, Y are N, S, or O) that may be acid/base labile, releasing an aldehyde.",200,glide-grid_Sa3ANT_avrg,Gentamicin.1,-0.573607716734199,J2VwaWtfcHl0aG9uJywgJy1waCcsICc3LjAwMDAwMCcsICctcGh0JywgJzIuMDAwMDAwJywgJy1tcycsICcxNicsICctdG4nLCAnOCcsICctbWEnLCAnMjAwJywgJy1pbWFlJywgJzxpbmZpbGUubWFlPicsICctb21hZScsICc8b3V0ZmlsZS5tYWU+Jw==,1,-1.941,
2,9.2,-0.0,,-2,,121511,15.679,,1,36119,1,-7.72830819117599,70,,13,56135,409.521,-6.97510819117599,,11,0.8208326,0.0,0,-0.225003490037935,-50.1106824874878,,W09IXVtDQF0xKFtDSDNdKVtDQEhdKFtOSF1bQ0gzXSlbQ0BASF0oW09IXSlbQ0BIXShPW0NIMl0xKU9bQ0BASF0yW0NAQEhdKFtPSF0pW0NAQEhdKFtDQEBIXShbTkgyXSlbQ0gyXVtDQEhdMltOSDJdKU9bQ0BIXTNPQyhbQ0gyXVtOSDJdKT1bQ0hdW0NIMl1bQ0BIXTNbTkgyXQ==,199.503,2,,C:\Users\HPC-3\Desktop\Menzi\Clinic_Ag,-2.177,2,"42
1 -0.56
10 -0.9
11 -0.99
12 -0.99
13 0.28
14 0.28
15 0.28
16 0.27
17 0.27
19 0.56
2 -0.56
20 0.27
21 0.28
22 0.28
23 0.28
24 0.56
26 0.27
27 0.14
28 0.27
29 -0.06
3 -0.56
30 -0.29
31 0.41
4 -0.68
44 0.36
45 0.36
46 0.36
47 0.36
49 0.4
5 -0.68
53 0.36
55 0.4
56 0.4
6 -0.68
62 0.15
63 0.36
64 0.36
67 0.36
68 0.36
7 -0.36
8 -0.99
9 -0.99",-1.141,"23
1 1 acceptor
1 10 cation
1 10 donor
1 11 cation
1 11 donor
1 12 cation
1 12 donor
1 2 acceptor
1 3 acceptor
1 4 acceptor
1 4 donor
1 5 acceptor
1 5 donor
1 6 acceptor
1 6 donor
1 7 acceptor
1 8 cation
1 8 donor
1 9 cation
1 9 donor
6 13 14 15 16 17 18 rings
6 3 19 20 21 22 23 rings
6 7 24 26 27 29 30 rings",447.531,0.0,,32.378,-4.251,0.352,18,3.21,72.8265,1351.69,0.0,720.27,,39.353,9,0.124,2,-0.478872426853997,00008D1700000003,-1.57310065850447,,vsw_avrg-LIGPREP-001-in.maegz,"2
5
10",1175.241,12,36119,0,12.0,0.2671,1,,0.6939,,2.0,"3
64
53
65
12
49
26
67
51
59
23
35
20
77
22
72
24
16
32
21
56
4
41
46
30
17
54
47
71
18
36
37
8
44
15
63
76
40
45
38
61
68
34
6
9
50
28
39
10
66
11
14
60
27
57
74
1
48
19
62
25
43
75
7
31
13
69
5
2
55
70
73
58
29
52
42
33",0,1,,-1.92028540909091,0.0172957306402358,9,278.371,"571.98
12.43
4.59
1.52
2.33
3.04
0.04
-10.82
1.09
2.12
-0.35
-1.6
0.35
-1.1",0,4,9.177,15.5,,2,116.832,0.7532,0.0745465,9.11084938049316,0.7532,0.0174971,13_sdstereoexpander_1_neutralizer_1_epik_2_stereoizer_1,,13-2,OPLS_2005,4.863,,,Sisomicin.sdf,14,31,39.903,36119-2,13,,1,5,31,,0.27543501006958,-35.9822540283203,1,1.02028746358792,0,0.4268,"11049842 53 15479036112268243711
11513181 2 18129383696232392012
12788726 201 17325216615441558436
13583140 156 17167857608198957017
13631057 29 18057877125704589047
14713325 29 18194407916241077378
15664445 248 17696203508058823007
15775530 1 18118996730355976666
20567600 254 18040707086951344029
21033648 144 18114457886431872311
21033648 29 16298945343362888343
23558518 356 17973727179824629578
23559900 14 16700900367586220085
24771293 8 18129084634125032162
283562 15 17904758126344059314
2838139 119 18413107277496529016
329604 57 10375879567566997312
3411729 13 18263087634395733320
350125 39 18194973065396725434
38695281 34 18343305851190514910
469060 322 16806713170197090167
474 4 18340206289410200155
5385378 56 18338804416432299266
59755656 520 18410009974409783725
6287921 2 18128531562062874967
9981440 41 18340204210234722115",,18,,0.0,4,,13,0,-14.1284284591675,1,0,11,-9.413,,5,0,1,0,-94.8183935026149,-8.216,-0.0615689874005567,,-0.706821609516637,33.541,76.097647,,0,"This compound contains an acetal/aminal-like group ( X-CH(R)-Y where X, Y are N, S, or O) that may be acid/base labile, releasing an aldehyde.",,glide-grid_Sa3ANT_avrg,Sisomicin.1,-0.836594954941741,J2VwaWtfcHl0aG9uJywgJy1waCcsICc3LjAwMDAwMCcsICctcGh0JywgJzIuMDAwMDAwJywgJy1tcycsICcxNicsICctdG4nLCAnOCcsICctbWEnLCAnMjAwJywgJy1pbWFlJywgJzxpbmZpbGUubWFlPicsICctb21hZScsICc8b3V0ZmlsZS5tYWU+Jw==,1,-0.773,324.3
2,,-0.0,"2-[4,6-diamino-3-[[3-amino-6-[1-(methylamino)ethyl]-2-oxanyl]oxy]-2-hydroxycyclohexyl]oxy-5-methyl-4-(methylamino)oxane-3,5-diol",-2,12,121505,15.817,477.31624873,,3467,1,-7.12963478446976,876,-4.1,136,56135,534.291,-6.95393478446976,AAADcfB7uAAAAAAAAAAAAAAAAAAAAAAAAAA0SIAAAAAAAAAAAAAAHgAQCAAADHzxgAcCCALABgAAAAAAAAAAAAAAAAAAAIAIAAATEAIAwAAnQAAHEAAXAAHw8C0MAAAAAAAAAAAAgAAUCACgAAAAAAAAAA==,0,0.8231997,0.0,0,-0.210725296499084,-39.813946723938,"13  1  3
19  1  3
20  10  3
24  11  3
14  2  3
22  2  3
25  28  3
29  31  3
15  3  3
21  6  3
23  7  3
16  8  3
17  9  3",W09IXVtDQF0xKFtDSDNdKVtDQEhdKFtOSF1bQ0gzXSlbQ0BASF0oW09IXSlbQ0BIXShPW0NIMl0xKU9bQ0BIXTJbQ0BIXShbT0hdKVtDQEBIXShbQ0BIXShbTkgyXSlbQ0gyXVtDQEBIXTJbTkgyXSlPW0NASF0zT1tDQEBIXShbQ0BASF0oW0NIM10pW05IXVtDSDNdKVtDSDJdW0NIMl1bQ0BIXTNbTkgyXQ==,187.072,2,"2-[4,6-bis(azanyl)-3-[3-azanyl-6-[1-(methylamino)ethyl]oxan-2-yl]oxy-2-oxidanyl-cyclohexyl]oxy-5-methyl-4-(methylamino)oxane-3,5-diol",C:\Users\HPC-3\Desktop\Menzi\Clinic_Ag,-1.615,2,,-1.033,,477.6,0.0,,0.0,-3.597,1.184,18,3.223,,1463.126,0.0,757.148,"2-[4,6-diamino-3-[3-amino-6-[1-(methylamino)ethyl]tetrahydropyran-2-yl]oxy-2-hydroxy-cyclohexoxy]-5-methyl-4-(methylamino)tetrahydropyran-3,5-diol",39.748,3,0.46,2,-0.495278463135783,,-1.54651909051874,"2-[4,6-diamino-3-[3-amino-6-[1-(methylamino)ethyl]tetrahydropyran-2-yl]oxy-2-hydroxy-cyclohexoxy]-5-methyl-4-(methylamino)tetrahydropyran-3,5-diol",vsw_avrg-LIGPREP-001-in.maegz,"1
5
255",,12,3467,0,11.0,0.2114,1,477.31624873,0.2117,Bypass - this structure was created from CID 3467,2.0,,13,1,"InChI=1S/C21H43N5O7/c1-9(25-3)13-6-5-10(22)19(31-13)32-16-11(23)7-12(24)17(14(16)27)33-20-15(28)18(26-4)21(2,29)8-30-20/h9-20,25-29H,5-8,22-24H2,1-4H3",-1.73029025892589,0.149703881268125,10,222.857,,0,5,9.159,16.95,1,2,,0.1757,0.074248,14.0347633361816,0.1757,0.0089861,136_sdstereoexpander_1_neutralizer_1_epik_1_stereoizer_1,0,136-1,OPLS_2005,3.626,CC(C1CCC(C(O1)OC2C(CC(C(C2O)OC3C(C(C(CO3)(C)O)NC)O)N)N)N)NC,C21H43N5O7,Gentamicin.sdf,16,33,44.053,3467-1,136,636,-1,5,33,CC(C1CCC(C(O1)OC2C(CC(C(C2O)OC3C(C(C(CO3)(C)O)NC)O)N)N)N)NC,0.304942915495211,-31.2732257843018,1,0.387096191036002,0,0.0003,,477.6,18,7,0.0,5,CEAZRRDELHUEMR-UHFFFAOYSA-N,13,0,-8.54072093963623,1,0,8,-8.504,"2-[4,6-diamino-3-[3-amino-6-[1-(methylamino)ethyl]oxan-2-yl]oxy-2-hydroxycyclohexyl]oxy-5-methyl-4-(methylamino)oxane-3,5-diol",5,0,1,0,-72.6156449524505,-8.024,-0.0179148952486399,"2-[4,6-diamino-3-[3-amino-6-[1-(methylamino)ethyl]oxan-2-yl]oxy-2-hydroxycyclohexyl]oxy-5-methyl-4-(methylamino)oxane-3,5-diol",-0.675908621931587,32.996,112.804014,8,0,"This compound contains an acetal/aminal-like group ( X-CH(R)-Y where X, Y are N, S, or O) that may be acid/base labile, releasing an aldehyde.",200,glide-grid_Sa3ANT_avrg,Gentamicin.1,-0.764058035672852,J2VwaWtfcHl0aG9uJywgJy1waCcsICc3LjAwMDAwMCcsICctcGh0JywgJzIuMDAwMDAwJywgJy1tcycsICcxNicsICctdG4nLCAnOCcsICctbWEnLCAnMjAwJywgJy1pbWFlJywgJzxpbmZpbGUubWFlPicsICctb21hZScsICc8b3V0ZmlsZS5tYWU+Jw==,1,-1.941,
2,,-0.0,"2-[4,6-diamino-3-[[3-amino-6-[1-(methylamino)ethyl]-2-oxanyl]oxy]-2-hydroxycyclohexyl]oxy-5-methyl-4-(methylamino)oxane-3,5-diol",-2,12,121505,15.817,477.31624873,,3467,1,-7.12963478446976,1036,-4.1,168,56135,534.291,-6.95393478446976,AAADcfB7uAAAAAAAAAAAAAAAAAAAAAAAAAA0SIAAAAAAAAAAAAAAHgAQCAAADHzxgAcCCALABgAAAAAAAAAAAAAAAAAAAIAIAAATEAIAwAAnQAAHEAAXAAHw8C0MAAAAAAAAAAAAgAAUCACgAAAAAAAAAA==,0,0.8231997,0.0,0,-0.210725296499084,-39.813946723938,"13  1  3
19  1  3
20  10  3
24  11  3
14  2  3
22  2  3
25  28  3
29  31  3
15  3  3
21  6  3
23  7  3
16  8  3
17  9  3",W09IXVtDQF0xKFtDSDNdKVtDQEhdKFtOSF1bQ0gzXSlbQ0BASF0oW09IXSlbQ0BIXShPW0NIMl0xKU9bQ0BIXTJbQ0BIXShbT0hdKVtDQEBIXShbQ0BIXShbTkgyXSlbQ0gyXVtDQEBIXTJbTkgyXSlPW0NASF0zT1tDQEBIXShbQ0BASF0oW0NIM10pW05IXVtDSDNdKVtDSDJdW0NIMl1bQ0BIXTNbTkgyXQ==,187.072,2,"2-[4,6-bis(azanyl)-3-[3-azanyl-6-[1-(methylamino)ethyl]oxan-2-yl]oxy-2-oxidanyl-cyclohexyl]oxy-5-methyl-4-(methylamino)oxane-3,5-diol",C:\Users\HPC-3\Desktop\Menzi\Clinic_Ag,-1.615,2,,-1.033,,477.6,0.0,,0.0,-3.597,1.184,18,3.223,,1463.126,0.0,757.148,"2-[4,6-diamino-3-[3-amino-6-[1-(methylamino)ethyl]tetrahydropyran-2-yl]oxy-2-hydroxy-cyclohexoxy]-5-methyl-4-(methylamino)tetrahydropyran-3,5-diol",39.748,3,0.46,2,-0.495278463135783,,-1.54651909051874,"2-[4,6-diamino-3-[3-amino-6-[1-(methylamino)ethyl]tetrahydropyran-2-yl]oxy-2-hydroxy-cyclohexoxy]-5-methyl-4-(methylamino)tetrahydropyran-3,5-diol",vsw_avrg-LIGPREP-001-in.maegz,"1
5
255",,12,3467,0,11.0,0.2114,1,477.31624873,0.2117,Bypass - this structure was created from CID 3467,2.0,,13,1,"InChI=1S/C21H43N5O7/c1-9(25-3)13-6-5-10(22)19(31-13)32-16-11(23)7-12(24)17(14(16)27)33-20-15(28)18(26-4)21(2,29)8-30-20/h9-20,25-29H,5-8,22-24H2,1-4H3",-1.73029025892589,0.149703881268125,10,222.857,,0,5,9.159,16.95,1,2,,0.1757,0.074248,14.0347633361816,0.1757,0.0089864,168_sdstereoexpander_1_neutralizer_1_epik_1_stereoizer_1,0,168-1,OPLS_2005,3.626,CC(C1CCC(C(O1)OC2C(CC(C(C2O)OC3C(C(C(CO3)(C)O)NC)O)N)N)N)NC,C21H43N5O7,Gentamicin.sdf,16,33,44.053,3467-1,168,636,-1,5,33,CC(C1CCC(C(O1)OC2C(CC(C(C2O)OC3C(C(C(CO3)(C)O)NC)O)N)N)N)NC,0.304942915495211,-31.2732257843018,1,0.387096191036002,0,0.0003,,477.6,18,7,0.0,5,CEAZRRDELHUEMR-UHFFFAOYSA-N,13,0,-8.54072093963623,1,0,8,-8.504,"2-[4,6-diamino-3-[3-amino-6-[1-(methylamino)ethyl]oxan-2-yl]oxy-2-hydroxycyclohexyl]oxy-5-methyl-4-(methylamino)oxane-3,5-diol",5,0,1,0,-72.6156449524505,-8.024,-0.0179148952486399,"2-[4,6-diamino-3-[3-amino-6-[1-(methylamino)ethyl]oxan-2-yl]oxy-2-hydroxycyclohexyl]oxy-5-methyl-4-(methylamino)oxane-3,5-diol",-0.675908621931587,32.996,112.804014,8,0,"This compound contains an acetal/aminal-like group ( X-CH(R)-Y where X, Y are N, S, or O) that may be acid/base labile, releasing an aldehyde.",200,glide-grid_Sa3ANT_avrg,Gentamicin.1,-0.764058035672852,J2VwaWtfcHl0aG9uJywgJy1waCcsICc3LjAwMDAwMCcsICctcGh0JywgJzIuMDAwMDAwJywgJy1tcycsICcxNicsICctdG4nLCAnOCcsICctbWEnLCAnMjAwJywgJy1pbWFlJywgJzxpbmZpbGUubWFlPicsICctb21hZScsICc8b3V0ZmlsZS5tYWU+Jw==,1,-1.941,
2,9.2,-0.0,,-2,,121511,15.616,,1,36119,1,-7.57205198100329,69,,13,56135,408.156,-6.89605198100329,,11,0.8177441,0.0,0,-0.222453289709783,-45.1091551780701,,W09IXVtDQF0xKFtDSDNdKVtDQEhdKFtOSF1bQ0gzXSlbQ0BASF0oW09IXSlbQ0BIXShPW0NIMl0xKU9bQ0BASF0yW0NAQEhdKFtPSF0pW0NAQEhdKFtDQEBIXShbTkgyXSlbQ0gyXVtDQEhdMltOSDJdKU9bQ0BIXTNPQyhbQ0gyXVtOSDJdKT1bQ0hdW0NIMl1bQ0BIXTNbTkgyXQ==,199.928,2,,C:\Users\HPC-3\Desktop\Menzi\Clinic_Ag,-2.226,2,"42
1 -0.56
10 -0.9
11 -0.99
12 -0.99
13 0.28
14 0.28
15 0.28
16 0.27
17 0.27
19 0.56
2 -0.56
20 0.27
21 0.28
22 0.28
23 0.28
24 0.56
26 0.27
27 0.14
28 0.27
29 -0.06
3 -0.56
30 -0.29
31 0.41
4 -0.68
44 0.36
45 0.36
46 0.36
47 0.36
49 0.4
5 -0.68
53 0.36
55 0.4
56 0.4
6 -0.68
62 0.15
63 0.36
64 0.36
67 0.36
68 0.36
7 -0.36
8 -0.99
9 -0.99",-1.164,"23
1 1 acceptor
1 10 cation
1 10 donor
1 11 cation
1 11 donor
1 12 cation
1 12 donor
1 2 acceptor
1 3 acceptor
1 4 acceptor
1 4 donor
1 5 acceptor
1 5 donor
1 6 acceptor
1 6 donor
1 7 acceptor
1 8 cation
1 8 donor
1 9 cation
1 9 donor
6 13 14 15 16 17 18 rings
6 3 19 20 21 22 23 rings
6 7 24 26 27 29 30 rings",447.531,0.0,,30.61,-4.326,0.331,18,3.21,72.8265,1343.086,0.0,719.919,,39.166,12,0.116,2,-0.479769582756362,00008D1700000003,-1.55527106032865,,vsw_avrg-LIGPREP-001-in.maegz,"2
5
10",1175.241,12,36119,0,12.0,0.7935,4,,0.7938,,2.0,"3
64
53
65
12
49
26
67
51
59
23
35
20
77
22
72
24
16
32
21
56
4
41
46
30
17
54
47
71
18
36
37
8
44
15
63
76
40
45
38
61
68
34
6
9
50
28
39
10
66
11
14
60
27
57
74
1
48
19
62
25
43
75
7
31
13
69
5
2
55
70
73
58
29
52
42
33",0,1,,-2.13841309090909,0.015150608397556,9,281.153,"571.98
12.43
4.59
1.52
2.33
3.04
0.04
-10.82
1.09
2.12
-0.35
-1.6
0.35
-1.1",0,5,9.107,15.5,,2,116.832,0.676,0.0745828,2.8851432800293,0.676,0.0134565,13_sdstereoexpander_1_neutralizer_1_epik_1_stereoizer_1,,13-1,OPLS_2005,4.251,,,Sisomicin.sdf,14,31,39.541,36119-1,13,,1,5,31,,0.274320266327531,-41.715404510498,1,1.46946966244672,0,0.0003,"11049842 53 15479036112268243711
11513181 2 18129383696232392012
12788726 201 17325216615441558436
13583140 156 17167857608198957017
13631057 29 18057877125704589047
14713325 29 18194407916241077378
15664445 248 17696203508058823007
15775530 1 18118996730355976666
20567600 254 18040707086951344029
21033648 144 18114457886431872311
21033648 29 16298945343362888343
23558518 356 17973727179824629578
23559900 14 16700900367586220085
24771293 8 18129084634125032162
283562 15 17904758126344059314
2838139 119 18413107277496529016
329604 57 10375879567566997312
3411729 13 18263087634395733320
350125 39 18194973065396725434
38695281 34 18343305851190514910
469060 322 16806713170197090167
474 4 18340206289410200155
5385378 56 18338804416432299266
59755656 520 18410009974409783725
6287921 2 18128531562062874967
9981440 41 18340204210234722115",,18,,0.0,5,,13,0,-3.39375066757202,1,0,11,-9.47,,6,0,1,0,-90.480426336911,-8.258,-0.175854353365487,,-0.698810459555229,33.547,87.324475,,0,"This compound contains an acetal/aminal-like group ( X-CH(R)-Y where X, Y are N, S, or O) that may be acid/base labile, releasing an aldehyde.",,glide-grid_Sa3ANT_avrg,Sisomicin.1,-0.882647686921277,J2VwaWtfcHl0aG9uJywgJy1waCcsICc3LjAwMDAwMCcsICctcGh0JywgJzIuMDAwMDAwJywgJy1tcycsICcxNicsICctdG4nLCAnOCcsICctbWEnLCAnMjAwJywgJy1pbWFlJywgJzxpbmZpbGUubWFlPicsICctb21hZScsICc8b3V0ZmlsZS5tYWU+Jw==,1,-0.954,324.3
2,9.2,-0.0,,-2,,121511,15.679,,1,36119,1,-7.64913174778065,125,,18,56135,409.525,-6.89593174778065,,11,0.8208394,0.0,0,-0.22244941121873,-50.0044221878052,,W09IXVtDQF0xKFtDSDNdKVtDQEhdKFtOSF1bQ0gzXSlbQ0BASF0oW09IXSlbQ0BIXShPW0NIMl0xKU9bQ0BASF0yW0NAQEhdKFtPSF0pW0NAQEhdKFtDQEBIXShbTkgyXSlbQ0gyXVtDQEhdMltOSDJdKU9bQ0BIXTNPQyhbQ0gyXVtOSDJdKT1bQ0hdW0NIMl1bQ0BIXTNbTkgyXQ==,199.503,2,,C:\Users\HPC-3\Desktop\Menzi\Clinic_Ag,-2.177,2,"42
1 -0.56
10 -0.9
11 -0.99
12 -0.99
13 0.28
14 0.28
15 0.28
16 0.27
17 0.27
19 0.56
2 -0.56
20 0.27
21 0.28
22 0.28
23 0.28
24 0.56
26 0.27
27 0.14
28 0.27
29 -0.06
3 -0.56
30 -0.29
31 0.41
4 -0.68
44 0.36
45 0.36
46 0.36
47 0.36
49 0.4
5 -0.68
53 0.36
55 0.4
56 0.4
6 -0.68
62 0.15
63 0.36
64 0.36
67 0.36
68 0.36
7 -0.36
8 -0.99
9 -0.99",-1.14,"23
1 1 acceptor
1 10 cation
1 10 donor
1 11 cation
1 11 donor
1 12 cation
1 12 donor
1 2 acceptor
1 3 acceptor
1 4 acceptor
1 4 donor
1 5 acceptor
1 5 donor
1 6 acceptor
1 6 donor
1 7 acceptor
1 8 cation
1 8 donor
1 9 cation
1 9 donor
6 13 14 15 16 17 18 rings
6 3 19 20 21 22 23 rings
6 7 24 26 27 29 30 rings",447.531,0.0,,32.379,-4.251,0.352,18,3.21,72.8265,1351.679,0.0,720.26,,39.353,9,0.124,2,-0.480511627991214,00008D1700000003,-1.55524394405224,,vsw_avrg-LIGPREP-001-in.maegz,"2
5
10",1175.241,12,36119,0,12.0,0.2671,1,,0.6939,,2.0,"3
64
53
65
12
49
26
67
51
59
23
35
20
77
22
72
24
16
32
21
56
4
41
46
30
17
54
47
71
18
36
37
8
44
15
63
76
40
45
38
61
68
34
6
9
50
28
39
10
66
11
14
60
27
57
74
1
48
19
62
25
43
75
7
31
13
69
5
2
55
70
73
58
29
52
42
33",0,1,,-1.92028540909091,0.0173068625838868,9,278.356,"571.98
12.43
4.59
1.52
2.33
3.04
0.04
-10.82
1.09
2.12
-0.35
-1.6
0.35
-1.1",0,4,9.177,15.5,,2,116.832,0.7532,0.0745475,10.7674589157104,0.7532,0.0174956,18_sdstereoexpander_1_neutralizer_1_epik_2_stereoizer_1,,18-2,OPLS_2005,4.863,,,Sisomicin.sdf,14,31,39.902,36119-2,18,,1,5,31,,0.27543501006958,-36.0914916992188,1,1.02028746358792,0,0.4268,"11049842 53 15479036112268243711
11513181 2 18129383696232392012
12788726 201 17325216615441558436
13583140 156 17167857608198957017
13631057 29 18057877125704589047
14713325 29 18194407916241077378
15664445 248 17696203508058823007
15775530 1 18118996730355976666
20567600 254 18040707086951344029
21033648 144 18114457886431872311
21033648 29 16298945343362888343
23558518 356 17973727179824629578
23559900 14 16700900367586220085
24771293 8 18129084634125032162
283562 15 17904758126344059314
2838139 119 18413107277496529016
329604 57 10375879567566997312
3411729 13 18263087634395733320
350125 39 18194973065396725434
38695281 34 18343305851190514910
469060 322 16806713170197090167
474 4 18340206289410200155
5385378 56 18338804416432299266
59755656 520 18410009974409783725
6287921 2 18128531562062874967
9981440 41 18340204210234722115",,18,,0.0,4,,13,0,-13.9129304885864,1,0,11,-9.413,,5,0,1,0,-93.9161733230915,-8.216,-0.0594415332090472,,-0.698798275738489,33.541,76.097756,,0,"This compound contains an acetal/aminal-like group ( X-CH(R)-Y where X, Y are N, S, or O) that may be acid/base labile, releasing an aldehyde.",,glide-grid_Sa3ANT_avrg,Sisomicin.1,-0.768681663129735,J2VwaWtfcHl0aG9uJywgJy1waCcsICc3LjAwMDAwMCcsICctcGh0JywgJzIuMDAwMDAwJywgJy1tcycsICcxNicsICctdG4nLCAnOCcsICctbWEnLCAnMjAwJywgJy1pbWFlJywgJzxpbmZpbGUubWFlPicsICctb21hZScsICc8b3V0ZmlsZS5tYWU+Jw==,1,-0.772,324.3
2,9.2,-0.0,,-2,,121511,15.679,,1,36119,1,-7.58275316545694,81,,14,56135,409.523,-6.82955316545694,,11,0.820829,0.0,0,-0.220308166627643,-49.9497718811035,,W09IXVtDQF0xKFtDSDNdKVtDQEhdKFtOSF1bQ0gzXSlbQ0BASF0oW09IXSlbQ0BIXShPW0NIMl0xKU9bQ0BASF0yW0NAQEhdKFtPSF0pW0NAQEhdKFtDQEBIXShbTkgyXSlbQ0gyXVtDQEhdMltOSDJdKU9bQ0BIXTNPQyhbQ0gyXVtOSDJdKT1bQ0hdW0NIMl1bQ0BIXTNbTkgyXQ==,199.473,2,,C:\Users\HPC-3\Desktop\Menzi\Clinic_Ag,-2.177,2,"42
1 -0.56
10 -0.9
11 -0.99
12 -0.99
13 0.28
14 0.28
15 0.28
16 0.27
17 0.27
19 0.56
2 -0.56
20 0.27
21 0.28
22 0.28
23 0.28
24 0.56
26 0.27
27 0.14
28 0.27
29 -0.06
3 -0.56
30 -0.29
31 0.41
4 -0.68
44 0.36
45 0.36
46 0.36
47 0.36
49 0.4
5 -0.68
53 0.36
55 0.4
56 0.4
6 -0.68
62 0.15
63 0.36
64 0.36
67 0.36
68 0.36
7 -0.36
8 -0.99
9 -0.99",-1.141,"23
1 1 acceptor
1 10 cation
1 10 donor
1 11 cation
1 11 donor
1 12 cation
1 12 donor
1 2 acceptor
1 3 acceptor
1 4 acceptor
1 4 donor
1 5 acceptor
1 5 donor
1 6 acceptor
1 6 donor
1 7 acceptor
1 8 cation
1 8 donor
1 9 cation
1 9 donor
6 13 14 15 16 17 18 rings
6 3 19 20 21 22 23 rings
6 7 24 26 27 29 30 rings",447.531,0.0,,32.382,-4.251,0.352,18,3.21,72.8265,1351.698,0.0,720.276,,39.354,8,0.124,2,-0.475331125963661,00008D1700000003,-1.540273539479,,vsw_avrg-LIGPREP-001-in.maegz,"2
5
10",1175.241,12,36119,0,12.0,0.2671,2,,0.6939,,2.0,"3
64
53
65
12
49
26
67
51
59
23
35
20
77
22
72
24
16
32
21
56
4
41
46
30
17
54
47
71
18
36
37
8
44
15
63
76
40
45
38
61
68
34
6
9
50
28
39
10
66
11
14
60
27
57
74
1
48
19
62
25
43
75
7
31
13
69
5
2
55
70
73
58
29
52
42
33",0,1,,-1.61528540909091,0.017296291514924,9,278.371,"571.98
12.43
4.59
1.52
2.33
3.04
0.04
-10.82
1.09
2.12
-0.35
-1.6
0.35
-1.1",0,4,9.177,15.5,,2,116.832,0.7532,0.0745459,7.93323183059692,0.7532,0.017499,14_sdstereoexpander_1_neutralizer_1_epik_2_stereoizer_1,,14-2,OPLS_2005,4.863,,,Sisomicin.sdf,14,31,39.903,36119-2,14,,1,5,31,,0.27543501006958,-35.7525253295898,1,1.02028746358792,0,0.4268,"11049842 53 15479036112268243711
11513181 2 18129383696232392012
12788726 201 17325216615441558436
13583140 156 17167857608198957017
13631057 29 18057877125704589047
14713325 29 18194407916241077378
15664445 248 17696203508058823007
15775530 1 18118996730355976666
20567600 254 18040707086951344029
21033648 144 18114457886431872311
21033648 29 16298945343362888343
23558518 356 17973727179824629578
23559900 14 16700900367586220085
24771293 8 18129084634125032162
283562 15 17904758126344059314
2838139 119 18413107277496529016
329604 57 10375879567566997312
3411729 13 18263087634395733320
350125 39 18194973065396725434
38695281 34 18343305851190514910
469060 322 16806713170197090167
474 4 18340206289410200155
5385378 56 18338804416432299266
59755656 520 18410009974409783725
6287921 2 18128531562062874967
9981440 41 18340204210234722115",,18,,0.0,4,,13,0,-14.1972465515137,1,0,11,-9.413,,5,0,1,0,-88.467956880421,-8.216,-0.0596983613063447,,-0.692071811415709,33.541,76.097679,,0,"This compound contains an acetal/aminal-like group ( X-CH(R)-Y where X, Y are N, S, or O) that may be acid/base labile, releasing an aldehyde.",,glide-grid_Sa3ANT_avrg,Sisomicin.1,-0.998010951589921,J2VwaWtfcHl0aG9uJywgJy1waCcsICc3LjAwMDAwMCcsICctcGh0JywgJzIuMDAwMDAwJywgJy1tcycsICcxNicsICctdG4nLCAnOCcsICctbWEnLCAnMjAwJywgJy1pbWFlJywgJzxpbmZpbGUubWFlPicsICctb21hZScsICc8b3V0ZmlsZS5tYWU+Jw==,1,-0.773,324.3
2,9.6,-0.0,,-2,,121506,16.824,,1,6032,1,-6.97145754231874,500,,60,56135,255.815,-6.82285754231874,,15,0.8647937,0.0,0,-0.206753258858144,-54.086483001709,,W09IXVtDQEBIXTFbQ0BASF0oW05IMl0pW0NASF0oW09IXSlbQ0BASF0oW0NIMl1bT0hdKU9bQ0BASF0xT1tDQEBIXTJbQ0BASF0oW09IXSlbQ0BASF0oW0NAQEhdKFtOSDJdKVtDSDJdW0NASF0yW05IMl0pT1tDQEhdM09bQ0BIXShbQ0gyXVtOSDJdKVtDQEBIXShbT0hdKVtDQEhdKFtPSF0pW0NASF0zW09IXQ==,273.481,2,,C:\Users\HPC-3\Desktop\Menzi\Clinic_Ag,-3.392,2,"47
1 -0.56
10 -0.68
11 -0.68
12 -0.99
13 -0.99
14 -0.99
15 -0.99
16 0.28
17 0.28
18 0.28
19 0.27
2 -0.56
20 0.27
22 0.56
23 0.56
24 0.28
25 0.27
26 0.28
27 0.28
28 0.28
29 0.28
3 -0.68
30 0.28
31 0.28
32 0.27
33 0.28
4 -0.56
49 0.36
5 -0.56
50 0.36
51 0.36
52 0.36
55 0.4
6 -0.68
60 0.36
61 0.36
62 0.4
63 0.4
64 0.4
65 0.4
66 0.4
67 0.36
68 0.36
69 0.4
7 -0.68
8 -0.68
9 -0.68",-1.449,"29
1 1 acceptor
1 10 acceptor
1 10 donor
1 11 acceptor
1 11 donor
1 12 cation
1 12 donor
1 13 cation
1 13 donor
1 14 cation
1 14 donor
1 15 cation
1 15 donor
1 2 acceptor
1 3 acceptor
1 3 donor
1 4 acceptor
1 5 acceptor
1 6 acceptor
1 6 donor
1 7 acceptor
1 7 donor
1 8 acceptor
1 8 donor
1 9 acceptor
1 9 donor
6 16 17 18 19 20 21 rings
6 4 22 24 25 27 29 rings
6 5 23 26 28 30 31 rings",484.503,0.0,,0.0,-6.842,0.017,18,3.955,80.0992,1323.017,0.0,673.953,,46.972,6,0.005,2,-0.350075520873328,0000179000000001,-1.51736819054599,,vsw_avrg-LIGPREP-001-in.maegz,"2
5
10",1223.849,15,6032,0,15.0,0.1911,3,,0.1914,,2.0,"1
59
46
21
98
102
116
58
67
72
110
45
115
75
56
79
81
15
44
69
78
111
29
105
106
17
38
101
80
39
108
70
42
24
85
104
89
35
23
2
60
84
103
49
26
113
52
66
25
11
82
77
18
61
13
7
37
54
87
53
99
33
114
88
71
31
40
65
96
43
94
100
14
19
90
95
83
76
64
6
30
3
57
97
10
107
109
32
12
51
55
86
73
74
41
47
48
112
63
34
4
9
5
50
16
92
8
68
22
27
36
20
93
28
62
91",0,1,,-1.05820181818182,9.25746787521565e-05,13,418.137,"594.64
14.97
4.23
1.27
1.97
1.25
-0.32
-6.42
0.24
-0.84
0.58
0.95
-0.45
-2.13",0,4,9.501,22.7,,2,147.312,0.1486,0.1304494,11.7064065933228,0.1486,0.025084,60_sdstereoexpander_1_neutralizer_1_epik_1_stereoizer_1,,60-1,OPLS_2005,5.761,,,Kanamycin.sdf,16,33,35.877,6032-1,60,,1,4,33,,0.298245317525105,-35.2429733276367,1,0.3397104675027,0,0.0003,"10439779 11 18410568471094159464
10595046 47 18272365361061502487
1100329 8 18336270119070635880
11135609 187 18335132142254191245
12107183 9 18333723625288521962
12166972 35 18412826872098764912
12236239 1 18202279178302593823
12633257 1 18114180865315246148
12788726 201 17686917415344977726
13140716 1 18188499076597275180
14251764 38 18339647853367284052
14394314 77 18341899588762696369
14767858 380 18340756157188825743
14784336 7 18270954782338412329
14790565 3 18268435642263899153
15461852 350 17775285019436260142
19319366 153 18341046337932525407
19377110 9 18412258411765333715
20028762 73 18341608205474963494
20511986 3 18271516512537017605
20715895 44 18409166619179806848
21033648 144 18186515535750364038
21033648 29 18130212866330310130
21033650 10 17630074639847982504
23559900 14 18410577314437167622
23569917 315 18335420175214193194
24771293 8 18412257342661445872
2838139 119 18411418388628300539
335352 9 18335138701054127238
3633792 109 18262503837588773765
3680242 22 18187926128118160330
474 4 18335425638268901905
5104073 3 18187642553134739298
513532 50 18130233666804365598
6371009 1 18335693962013892108
9981440 41 18335706065469233083",,18,,0.0,4,,17,0,-18.8435096740723,1,0,12,-11.719,,11,0,1,0,-96.4917361267878,-6.624,-0.198038513915933,,-0.663168174853085,44.764,94.314239,,0,"This compound contains an acetal/aminal-like group ( X-CH(R)-Y where X, Y are N, S, or O) that may be acid/base labile, releasing an aldehyde.",,glide-grid_Sa3ANT_avrg,Kanamycin.1,-0.721211523169154,J2VwaWtfcHl0aG9uJywgJy1waCcsICc3LjAwMDAwMCcsICctcGh0JywgJzIuMDAwMDAwJywgJy1tcycsICcxNicsICctdG4nLCAnOCcsICctbWEnLCAnMjAwJywgJy1pbWFlJywgJzxpbmZpbGUubWFlPicsICctb21hZScsICc8b3V0ZmlsZS5tYWU+Jw==,1,-1.588,335.4
2,9.6,-0.0,,-2,,121506,16.824,,1,6032,1,-6.97145754231874,504,,61,56135,255.815,-6.82285754231874,,15,0.8647937,0.0,0,-0.206753258858144,-54.086483001709,,W09IXVtDQEBIXTFbQ0BASF0oW05IMl0pW0NASF0oW09IXSlbQ0BASF0oW0NIMl1bT0hdKU9bQ0BASF0xT1tDQEBIXTJbQ0BASF0oW09IXSlbQ0BASF0oW0NAQEhdKFtOSDJdKVtDSDJdW0NASF0yW05IMl0pT1tDQEhdM09bQ0BIXShbQ0gyXVtOSDJdKVtDQEBIXShbT0hdKVtDQEhdKFtPSF0pW0NASF0zW09IXQ==,273.481,2,,C:\Users\HPC-3\Desktop\Menzi\Clinic_Ag,-3.392,2,"47
1 -0.56
10 -0.68
11 -0.68
12 -0.99
13 -0.99
14 -0.99
15 -0.99
16 0.28
17 0.28
18 0.28
19 0.27
2 -0.56
20 0.27
22 0.56
23 0.56
24 0.28
25 0.27
26 0.28
27 0.28
28 0.28
29 0.28
3 -0.68
30 0.28
31 0.28
32 0.27
33 0.28
4 -0.56
49 0.36
5 -0.56
50 0.36
51 0.36
52 0.36
55 0.4
6 -0.68
60 0.36
61 0.36
62 0.4
63 0.4
64 0.4
65 0.4
66 0.4
67 0.36
68 0.36
69 0.4
7 -0.68
8 -0.68
9 -0.68",-1.449,"29
1 1 acceptor
1 10 acceptor
1 10 donor
1 11 acceptor
1 11 donor
1 12 cation
1 12 donor
1 13 cation
1 13 donor
1 14 cation
1 14 donor
1 15 cation
1 15 donor
1 2 acceptor
1 3 acceptor
1 3 donor
1 4 acceptor
1 5 acceptor
1 6 acceptor
1 6 donor
1 7 acceptor
1 7 donor
1 8 acceptor
1 8 donor
1 9 acceptor
1 9 donor
6 16 17 18 19 20 21 rings
6 4 22 24 25 27 29 rings
6 5 23 26 28 30 31 rings",484.503,0.0,,0.0,-6.842,0.017,18,3.955,80.0992,1323.017,0.0,673.953,,46.972,6,0.005,2,-0.350075520873328,0000179000000001,-1.51736819054599,,vsw_avrg-LIGPREP-001-in.maegz,"2
5
10",1223.849,15,6032,0,15.0,0.1911,3,,0.1914,,2.0,"1
59
46
21
98
102
116
58
67
72
110
45
115
75
56
79
81
15
44
69
78
111
29
105
106
17
38
101
80
39
108
70
42
24
85
104
89
35
23
2
60
84
103
49
26
113
52
66
25
11
82
77
18
61
13
7
37
54
87
53
99
33
114
88
71
31
40
65
96
43
94
100
14
19
90
95
83
76
64
6
30
3
57
97
10
107
109
32
12
51
55
86
73
74
41
47
48
112
63
34
4
9
5
50
16
92
8
68
22
27
36
20
93
28
62
91",0,1,,-1.05820181818182,9.25746787521565e-05,13,418.137,"594.64
14.97
4.23
1.27
1.97
1.25
-0.32
-6.42
0.24
-0.84
0.58
0.95
-0.45
-2.13",0,4,9.501,22.7,,2,147.312,0.1486,0.1304494,11.7064065933228,0.1486,0.0250844,61_sdstereoexpander_1_neutralizer_1_epik_1_stereoizer_1,,61-1,OPLS_2005,5.761,,,Kanamycin.sdf,16,33,35.877,6032-1,61,,1,4,33,,0.298245317525105,-35.2429733276367,1,0.3397104675027,0,0.0003,"10439779 11 18410568471094159464
10595046 47 18272365361061502487
1100329 8 18336270119070635880
11135609 187 18335132142254191245
12107183 9 18333723625288521962
12166972 35 18412826872098764912
12236239 1 18202279178302593823
12633257 1 18114180865315246148
12788726 201 17686917415344977726
13140716 1 18188499076597275180
14251764 38 18339647853367284052
14394314 77 18341899588762696369
14767858 380 18340756157188825743
14784336 7 18270954782338412329
14790565 3 18268435642263899153
15461852 350 17775285019436260142
19319366 153 18341046337932525407
19377110 9 18412258411765333715
20028762 73 18341608205474963494
20511986 3 18271516512537017605
20715895 44 18409166619179806848
21033648 144 18186515535750364038
21033648 29 18130212866330310130
21033650 10 17630074639847982504
23559900 14 18410577314437167622
23569917 315 18335420175214193194
24771293 8 18412257342661445872
2838139 119 18411418388628300539
335352 9 18335138701054127238
3633792 109 18262503837588773765
3680242 22 18187926128118160330
474 4 18335425638268901905
5104073 3 18187642553134739298
513532 50 18130233666804365598
6371009 1 18335693962013892108
9981440 41 18335706065469233083",,18,,0.0,4,,17,0,-18.8435096740723,1,0,12,-11.719,,11,0,1,0,-96.4917361267878,-6.624,-0.198038513915933,,-0.663168174853085,44.764,94.314239,,0,"This compound contains an acetal/aminal-like group ( X-CH(R)-Y where X, Y are N, S, or O) that may be acid/base labile, releasing an aldehyde.",,glide-grid_Sa3ANT_avrg,Kanamycin.1,-0.721211523169154,J2VwaWtfcHl0aG9uJywgJy1waCcsICc3LjAwMDAwMCcsICctcGh0JywgJzIuMDAwMDAwJywgJy1tcycsICcxNicsICctdG4nLCAnOCcsICctbWEnLCAnMjAwJywgJy1pbWFlJywgJzxpbmZpbGUubWFlPicsICctb21hZScsICc8b3V0ZmlsZS5tYWU+Jw==,1,-1.588,335.4
2,9.6,-0.0,,-2,,121506,16.824,,1,6032,1,-6.97145754231874,508,,62,56135,255.815,-6.82285754231874,,15,0.8647937,0.0,0,-0.206753258858144,-54.086483001709,,W09IXVtDQEBIXTFbQ0BASF0oW05IMl0pW0NASF0oW09IXSlbQ0BASF0oW0NIMl1bT0hdKU9bQ0BASF0xT1tDQEBIXTJbQ0BASF0oW09IXSlbQ0BASF0oW0NAQEhdKFtOSDJdKVtDSDJdW0NASF0yW05IMl0pT1tDQEhdM09bQ0BIXShbQ0gyXVtOSDJdKVtDQEBIXShbT0hdKVtDQEhdKFtPSF0pW0NASF0zW09IXQ==,273.481,2,,C:\Users\HPC-3\Desktop\Menzi\Clinic_Ag,-3.392,2,"47
1 -0.56
10 -0.68
11 -0.68
12 -0.99
13 -0.99
14 -0.99
15 -0.99
16 0.28
17 0.28
18 0.28
19 0.27
2 -0.56
20 0.27
22 0.56
23 0.56
24 0.28
25 0.27
26 0.28
27 0.28
28 0.28
29 0.28
3 -0.68
30 0.28
31 0.28
32 0.27
33 0.28
4 -0.56
49 0.36
5 -0.56
50 0.36
51 0.36
52 0.36
55 0.4
6 -0.68
60 0.36
61 0.36
62 0.4
63 0.4
64 0.4
65 0.4
66 0.4
67 0.36
68 0.36
69 0.4
7 -0.68
8 -0.68
9 -0.68",-1.449,"29
1 1 acceptor
1 10 acceptor
1 10 donor
1 11 acceptor
1 11 donor
1 12 cation
1 12 donor
1 13 cation
1 13 donor
1 14 cation
1 14 donor
1 15 cation
1 15 donor
1 2 acceptor
1 3 acceptor
1 3 donor
1 4 acceptor
1 5 acceptor
1 6 acceptor
1 6 donor
1 7 acceptor
1 7 donor
1 8 acceptor
1 8 donor
1 9 acceptor
1 9 donor
6 16 17 18 19 20 21 rings
6 4 22 24 25 27 29 rings
6 5 23 26 28 30 31 rings",484.503,0.0,,0.0,-6.842,0.017,18,3.955,80.0992,1323.017,0.0,673.953,,46.972,6,0.005,2,-0.350075520873328,0000179000000001,-1.51736819054599,,vsw_avrg-LIGPREP-001-in.maegz,"2
5
10",1223.849,15,6032,0,15.0,0.1911,3,,0.1914,,2.0,"1
59
46
21
98
102
116
58
67
72
110
45
115
75
56
79
81
15
44
69
78
111
29
105
106
17
38
101
80
39
108
70
42
24
85
104
89
35
23
2
60
84
103
49
26
113
52
66
25
11
82
77
18
61
13
7
37
54
87
53
99
33
114
88
71
31
40
65
96
43
94
100
14
19
90
95
83
76
64
6
30
3
57
97
10
107
109
32
12
51
55
86
73
74
41
47
48
112
63
34
4
9
5
50
16
92
8
68
22
27
36
20
93
28
62
91",0,1,,-1.05820181818182,9.25746787521565e-05,13,418.137,"594.64
14.97
4.23
1.27
1.97
1.25
-0.32
-6.42
0.24
-0.84
0.58
0.95
-0.45
-2.13",0,4,9.501,22.7,,2,147.312,0.1486,0.1304494,11.7064065933228,0.1486,0.0250842,62_sdstereoexpander_1_neutralizer_1_epik_1_stereoizer_1,,62-1,OPLS_2005,5.761,,,Kanamycin.sdf,16,33,35.877,6032-1,62,,1,4,33,,0.298245317525105,-35.2429733276367,1,0.3397104675027,0,0.0003,"10439779 11 18410568471094159464
10595046 47 18272365361061502487
1100329 8 18336270119070635880
11135609 187 18335132142254191245
12107183 9 18333723625288521962
12166972 35 18412826872098764912
12236239 1 18202279178302593823
12633257 1 18114180865315246148
12788726 201 17686917415344977726
13140716 1 18188499076597275180
14251764 38 18339647853367284052
14394314 77 18341899588762696369
14767858 380 18340756157188825743
14784336 7 18270954782338412329
14790565 3 18268435642263899153
15461852 350 17775285019436260142
19319366 153 18341046337932525407
19377110 9 18412258411765333715
20028762 73 18341608205474963494
20511986 3 18271516512537017605
20715895 44 18409166619179806848
21033648 144 18186515535750364038
21033648 29 18130212866330310130
21033650 10 17630074639847982504
23559900 14 18410577314437167622
23569917 315 18335420175214193194
24771293 8 18412257342661445872
2838139 119 18411418388628300539
335352 9 18335138701054127238
3633792 109 18262503837588773765
3680242 22 18187926128118160330
474 4 18335425638268901905
5104073 3 18187642553134739298
513532 50 18130233666804365598
6371009 1 18335693962013892108
9981440 41 18335706065469233083",,18,,0.0,4,,17,0,-18.8435096740723,1,0,12,-11.719,,11,0,1,0,-96.4917361267878,-6.624,-0.198038513915933,,-0.663168174853085,44.764,94.314239,,0,"This compound contains an acetal/aminal-like group ( X-CH(R)-Y where X, Y are N, S, or O) that may be acid/base labile, releasing an aldehyde.",,glide-grid_Sa3ANT_avrg,Kanamycin.1,-0.721211523169154,J2VwaWtfcHl0aG9uJywgJy1waCcsICc3LjAwMDAwMCcsICctcGh0JywgJzIuMDAwMDAwJywgJy1tcycsICcxNicsICctdG4nLCAnOCcsICctbWEnLCAnMjAwJywgJy1pbWFlJywgJzxpbmZpbGUubWFlPicsICctb21hZScsICc8b3V0ZmlsZS5tYWU+Jw==,1,-1.588,335.4
2,9.2,-0.0,,-2,,121511,15.679,,1,36119,1,-7.56385513402516,37,,10,56135,409.527,-6.81065513402516,,11,0.8208388,0.0,0,-0.219698552710489,-48.9680366516113,,W09IXVtDQF0xKFtDSDNdKVtDQEhdKFtOSF1bQ0gzXSlbQ0BASF0oW09IXSlbQ0BIXShPW0NIMl0xKU9bQ0BASF0yW0NAQEhdKFtPSF0pW0NAQEhdKFtDQEBIXShbTkgyXSlbQ0gyXVtDQEhdMltOSDJdKU9bQ0BIXTNPQyhbQ0gyXVtOSDJdKT1bQ0hdW0NIMl1bQ0BIXTNbTkgyXQ==,199.504,2,,C:\Users\HPC-3\Desktop\Menzi\Clinic_Ag,-2.177,2,"42
1 -0.56
10 -0.9
11 -0.99
12 -0.99
13 0.28
14 0.28
15 0.28
16 0.27
17 0.27
19 0.56
2 -0.56
20 0.27
21 0.28
22 0.28
23 0.28
24 0.56
26 0.27
27 0.14
28 0.27
29 -0.06
3 -0.56
30 -0.29
31 0.41
4 -0.68
44 0.36
45 0.36
46 0.36
47 0.36
49 0.4
5 -0.68
53 0.36
55 0.4
56 0.4
6 -0.68
62 0.15
63 0.36
64 0.36
67 0.36
68 0.36
7 -0.36
8 -0.99
9 -0.99",-1.14,"23
1 1 acceptor
1 10 cation
1 10 donor
1 11 cation
1 11 donor
1 12 cation
1 12 donor
1 2 acceptor
1 3 acceptor
1 4 acceptor
1 4 donor
1 5 acceptor
1 5 donor
1 6 acceptor
1 6 donor
1 7 acceptor
1 8 cation
1 8 donor
1 9 cation
1 9 donor
6 13 14 15 16 17 18 rings
6 3 19 20 21 22 23 rings
6 7 24 26 27 29 30 rings",447.531,0.0,,32.379,-4.25,0.352,18,3.21,72.8265,1351.68,0.0,720.261,,39.353,8,0.124,2,-0.468461568843149,00008D1700000003,-1.53601145423603,,vsw_avrg-LIGPREP-001-in.maegz,"2
5
10",1175.241,12,36119,0,12.0,0.2671,2,,0.6939,,2.0,"3
64
53
65
12
49
26
67
51
59
23
35
20
77
22
72
24
16
32
21
56
4
41
46
30
17
54
47
71
18
36
37
8
44
15
63
76
40
45
38
61
68
34
6
9
50
28
39
10
66
11
14
60
27
57
74
1
48
19
62
25
43
75
7
31
13
69
5
2
55
70
73
58
29
52
42
33",0,1,,-1.61528540909091,0.0173078318381156,9,278.354,"571.98
12.43
4.59
1.52
2.33
3.04
0.04
-10.82
1.09
2.12
-0.35
-1.6
0.35
-1.1",0,4,9.177,15.5,,2,116.832,0.7532,0.0745474,7.97572660446167,0.7532,0.0174963,10_sdstereoexpander_1_neutralizer_1_epik_2_stereoizer_1,,10-2,OPLS_2005,4.863,,,Sisomicin.sdf,14,31,39.902,36119-2,10,,1,5,31,,0.27543501006958,-32.183536529541,1,1.02028746358792,0,0.4268,"11049842 53 15479036112268243711
11513181 2 18129383696232392012
12788726 201 17325216615441558436
13583140 156 17167857608198957017
13631057 29 18057877125704589047
14713325 29 18194407916241077378
15664445 248 17696203508058823007
15775530 1 18118996730355976666
20567600 254 18040707086951344029
21033648 144 18114457886431872311
21033648 29 16298945343362888343
23558518 356 17973727179824629578
23559900 14 16700900367586220085
24771293 8 18129084634125032162
283562 15 17904758126344059314
2838139 119 18413107277496529016
329604 57 10375879567566997312
3411729 13 18263087634395733320
350125 39 18194973065396725434
38695281 34 18343305851190514910
469060 322 16806713170197090167
474 4 18340206289410200155
5385378 56 18338804416432299266
59755656 520 18410009974409783725
6287921 2 18128531562062874967
9981440 41 18340204210234722115",,18,,0.0,4,,13,0,-16.7845001220703,1,0,11,-9.413,,5,0,1,0,-91.9041291700128,-8.216,-0.055167837422327,,-0.690156782053125,33.541,76.097769,,0,"This compound contains an acetal/aminal-like group ( X-CH(R)-Y where X, Y are N, S, or O) that may be acid/base labile, releasing an aldehyde.",,glide-grid_Sa3ANT_avrg,Sisomicin.1,-0.861150322634844,J2VwaWtfcHl0aG9uJywgJy1waCcsICc3LjAwMDAwMCcsICctcGh0JywgJzIuMDAwMDAwJywgJy1tcycsICcxNicsICctdG4nLCAnOCcsICctbWEnLCAnMjAwJywgJy1pbWFlJywgJzxpbmZpbGUubWFlPicsICctb21hZScsICc8b3V0ZmlsZS5tYWU+Jw==,1,-0.772,324.3
2,11.2,-0.0,,-2,,121508,16.207,,1,441306,1,-7.44842110421802,308,,39,56135,485.522,-6.81012110421802,,11,0.8091879,0.0,0,-0.206367306188425,-50.6786594390869,,W09IXVtDQF0xKFtDSDNdKVtDQEhdKFtOSF1bQ0gzXSlbQ0BASF0oW09IXSlbQ0BIXShPW0NIMl0xKU9bQ0BIXTJbQ0BIXShbTkhdW0NIMl1bQ0gzXSlbQ0gyXVtDQEhdKFtOSDJdKVtDQEhdKFtDQEBIXTJbT0hdKU9bQ0BIXTNPQyhbQ0gyXVtOSDJdKT1bQ0hdW0NIMl1bQ0BIXTNbTkgyXQ==,186.519,2,,C:\Users\HPC-3\Desktop\Menzi\Clinic_Ag,-2.03,2,"42
1 -0.56
10 -0.9
11 -0.99
12 -0.99
13 0.28
14 0.27
15 0.28
16 0.28
17 0.27
19 0.56
2 -0.56
20 0.27
21 0.28
22 0.28
23 0.28
24 0.56
25 0.27
27 0.27
28 0.14
3 -0.56
30 0.27
31 -0.06
32 -0.29
33 0.41
4 -0.68
44 0.36
47 0.36
48 0.36
5 -0.68
50 0.4
56 0.36
58 0.4
59 0.4
6 -0.68
68 0.15
69 0.36
7 -0.36
70 0.36
73 0.36
74 0.36
8 -0.9
9 -0.99",-1.067,"23
1 1 acceptor
1 10 cation
1 10 donor
1 11 cation
1 11 donor
1 12 cation
1 12 donor
1 2 acceptor
1 3 acceptor
1 4 acceptor
1 4 donor
1 5 acceptor
1 5 donor
1 6 acceptor
1 6 donor
1 7 acceptor
1 8 cation
1 8 donor
1 9 cation
1 9 donor
6 13 14 15 16 17 18 rings
6 3 19 20 21 22 23 rings
6 7 24 27 28 31 32 rings",475.584,0.0,,31.591,-3.567,0.653,18,2.846,66.9308,1454.539,0.0,767.242,,39.078,14,0.242,2,-0.529847645211526,0006BBDA00000001,-1.51453567265813,,vsw_avrg-LIGPREP-001-in.maegz,"2
5
10",1251.417,12,441306,0,11.0,0.7432,4,,0.7435,,2.0,"1
34
43
6
42
35
33
23
24
44
5
48
18
27
26
40
2
28
31
14
12
20
45
8
41
21
15
32
38
29
16
49
17
10
11
22
13
39
47
3
25
7
9
36
19
30
46
4
37",0,1,,-1.64214154545454,0.0755217891721686,11,250.129,"613.13
10.66
6.11
1.74
0.48
10.13
0.29
-11.42
3.78
0.03
0.39
-1.21
-0.05
-1.35",0,5,9.015,16.0,,2,116.831,0.6383,0.0691646,10.4882860183716,0.6383,0.0088447,39_sdstereoexpander_1_neutralizer_1_epik_1_stereoizer_1,,39-1,OPLS_2005,3.587,,,Netilmicin.sdf,14,33,43.369,441306-1,39,,1,5,33,,0.307285136229803,-39.9241256713867,1,1.38153135148017,0,0.0003,"10483366 6 18195545718372021006
11513181 2 18199751345209505676
12788726 201 17254262939952916304
13583140 156 17531796957920887043
14114211 80 18339377317372057013
14713325 29 18124884718259415326
14790565 3 18339935809597759712
15439362 3 18341337704297682780
15664445 248 17836942104621065286
17138139 8 17626633310555775831
19311894 1 18267307715074619732
21033648 144 18113615656208643789
21307412 95 17985297182344680710
22393880 68 17703783730368193313
22907989 373 17761210316342878589
23558518 356 17974845387402665400
23559900 14 17978231552704304251
238 59 18335685148967769493
283562 15 17687458379498253330
38695281 34 18411428297423495532
474 4 18340202999428250217
508706 21 18198920286560282334
6287921 2 18198618844059208909",,18,,0.0,5,,14,0,-10.7545337677002,1,0,11,-8.799,,6,0,1,0,-96.3345379179365,-8.401,0.0,,-0.661930218416652,32.264,88.136593,,0,"This compound contains an acetal/aminal-like group ( X-CH(R)-Y where X, Y are N, S, or O) that may be acid/base labile, releasing an aldehyde.",,glide-grid_Sa3ANT_avrg,Netilmicin.1,-1.04599036139674,J2VwaWtfcHl0aG9uJywgJy1waCcsICc3LjAwMDAwMCcsICctcGh0JywgJzIuMDAwMDAwJywgJy1tcycsICcxNicsICctdG4nLCAnOCcsICctbWEnLCAnMjAwJywgJy1pbWFlJywgJzxpbmZpbGUubWFlPicsICctb21hZScsICc8b3V0ZmlsZS5tYWU+Jw==,1,-0.904,350.2
