i_qp_CNS,s_sd_PUBCHEM\_IUPAC\_NAME,r_i_glide_energy,i_sd_PUBCHEM\_CACTVS\_ROTATABLE\_BOND,s_sd_PUBCHEM\_IUPAC\_OPENEYE\_NAME,r_qp_PercentHumanOralAbsorption,s_sd_PUBCHEM\_COORDINATE\_TYPE,i_sd_PUBCHEM\_CACTVS\_HBOND\_DONOR,s_lp_label,i_sd_PUBCHEM\_SUBSTANCE\_ID,s_sd_PUBCHEM\_CACTVS\_SUBSKEYS,i_m_ct_enhanced_stereo_status,i_sd_PUBCHEM\_COMPOUND\_ID\_TYPE,r_i_glide_emodel,r_i_docking_score,r_qp_QPlogPw,s_m_entry_id,r_i_glide_eff_state_penalty,r_qp_QPlogPo/w,i_sd_PUBCHEM\_COMPOUND\_CID,r_qp_QPlogPC16,r_epik_Ionization_Penalty_Charging,r_qp_QPlogKp,i_sd_PUBCHEM\_TOTAL\_CHARGE,r_qp_dip^2/V,i_qp_#amine,s_sd_PUBCHEM\_SUBSTANCE\_SYNONYM,s_epik_Chemistry_Notes,r_sd_PUBCHEM\_MOLECULAR\_WEIGHT,r_i_glide_ligand_efficiency,r_qp_QPPMDCK,i_sd_PUBCHEM\_CACTVS\_HBOND\_ACCEPTOR,i_qp_#in56,i_sd_PUBCHEM\_ISOTOPIC\_ATOM\_COUNT,i_sd_PUBCHEM\_CACTVS\_TAUTO\_COUNT,i_i_glide_lignum,i_qp_#acid,r_i_glide_gscore,s_i_glide_gridfile,r_i_glide_lipo,s_m_title,r_i_glide_hbond,s_m_source_file,i_lp_mmshare_version,s_sd_PUBCHEM\_OPENEYE\_ISO\_SMILES,i_qp_RuleOfThree,i_sd_PUBCHEM\_ATOM\_DEF\_STEREO\_COUNT,s_sd_PUBCHEM\_EXT\_DATASOURCE\_URL,r_qp_WPSA,s_sd_PUBCHEM\_EXT\_DATASOURCE\_REGID,r_qp_donorHB,r_qp_IP(eV),i_qp_#amidine,i_i_glide_confnum,s_sd_PUBCHEM\_CID\_ASSOCIATIONS,i_qp_#noncon,r_sd_PUBCHEM\_EXACT\_MASS,r_qp_EA(eV),r_epik_Charging_Adjusted_Penalty,s_sd_PUBCHEM\_IUPAC\_CAS\_NAME,s_sd_PUBCHEM\_XREF\_EXT\_ID,i_epik_Tot_abs_Q,i_m_ct_stereo_status,s_sd_PUBCHEM\_BONDANNOTATIONS,s_sd_PUBCHEM\_GENERIC\_REGISTRY\_NAME,i_epik_Tot_Q,r_sd_PUBCHEM\_MONOISOTOPIC\_WEIGHT,s_sd_PUBCHEM\_IUPAC\_INCHIKEY,i_sd_PUBCHEM\_ATOM\_UDEF\_STEREO\_COUNT,s_m_Source_File,i_i_glide_rotatable_bonds,i_qp_#rtvFG,r_qp_mol_MW,r_qp_SASA,r_qp_PISA,s_sd_PUBCHEM\_OPENEYE\_CAN\_SMILES,s_sd_PUBCHEM\_IUPAC\_TRADITIONAL\_NAME,r_i_glide_esite,i_m_Source_File_Index,r_i_glide_einternal,r_qp_FISA,r_i_glide_ligand_efficiency_ln,s_vsw_variant,r_sd_PUBCHEM\_XLOGP3\_AA,r_i_glide_ligand_efficiency_sa,i_qp_#NandO,r_qp_Jm,i_qp_#amide,s_sd_PUBCHEM\_EXT\_SUBSTANCE\_URL,s_epik_input,s_sd_PUBCHEM\_MOLECULAR\_FORMULA,i_sd_PUBCHEM\_CACTVS\_TPSA,r_i_glide_evdw,r_qp_QPlogS,r_i_glide_ecoul,s_lp_Force_Field,i_qp_#rotor,r_qp_PSA,i_sd_PUBCHEM\_COMPOUND\_CANONICALIZED,s_m_entry_name,r_i_glide_rewards,i_sd_PUBCHEM\_BOND\_UDEF\_STEREO\_COUNT,r_qp_dipole,i_qp_#metab,i_qp_#stars,s_sd_PUBCHEM\_IUPAC\_NAME\_MARKUP,r_qp_SAamideO,i_sd_version,i_sd_PUBCHEM\_CACTVS\_COMPLEXITY,i_qp_#ringatoms,r_qp_QPPCaco,r_qp_QPlogKhsa,s_m_Source_Path,r_qp_QPlogHERG,i_qp_HumanOralAbsorption,b_lp_Chiralities_Consistent,i_qp_RuleOfFive,r_i_glide_erotb,i_f3d_flags,i_qp_#in34,i_m_source_file_index,s_sd_PUBCHEM\_IUPAC\_INCHI,r_qp_volume,r_qp_glob,i_i_glide_posenum,i_qp_#nonHatm,i_sd_PUBCHEM\_HEAVY\_ATOM\_COUNT,r_epik_Ionization_Penalty_Neutral,r_lp_tautomer_probability,r_qp_CIQPlogS,s_lp_Variant,r_i_glide_metal,r_epik_Ionization_Penalty,r_epik_State_Penalty,r_qp_FOSA,i_sd_PUBCHEM\_BOND\_DEF\_STEREO\_COUNT,i_sd_PUBCHEM\_SUBSTANCE\_VERSION,i_sd_PUBCHEM\_COMPONENT\_COUNT,r_qp_QPpolrz,s_sd_PUBCHEM\_EXT\_DATASOURCE\_NAME,s_sd_PUBCHEM\_IUPAC\_SYSTEMATIC\_NAME,r_qp_ACxDN^.5/SA,r_qp_SAfluorine,r_lp_Energy,s_vsw_compound_code,b_sd_chiral_flag,r_qp_accptHB,r_qp_QPlogPoct,r_qp_QPlogBB,i_m_ct_format,s_epik_cmdline
-2,"7-[(2S,3R,4S,5S,6R)-4,5-dihydroxy-6-[[(3R,4S,5S,6R)-3,4,5-trihydroxy-6-(hydroxymethyl)oxan-2-yl]oxymethyl]-3-[(3R,4R,5R,6S)-3,4,5-trihydroxy-6-methyloxan-2-yl]oxyoxan-2-yl]oxy-5-hydroxy-2-(4-hydroxyphenyl)chromen-4-one",-72.1264705657959,9,"7-[(2S,3R,4S,5S,6R)-4,5-dihydroxy-6-[[(3R,4S,5S,6R)-3,4,5-trihydroxy-6-(hydroxymethyl)tetrahydropyran-2-yl]oxymethyl]-3-[(3R,4R,5R,6S)-3,4,5-trihydroxy-6-methyl-tetrahydropyran-2-yl]oxy-tetrahydropyran-2-yl]oxy-5-hydroxy-2-(4-hydroxyphenyl)chromen-4-one",0.0,"1
5
255",11,321_sdstereoexpander_1_neutralizer_1_epik_1_stereoizer_1,,AAADcfB8PgAAAAAAAAAAAAAAAAAAAAAAAAA0aJECAAAAAACBQAAAGgAACAAADBSwmAMyDoAABgCIAqBSAAACCAAkIAAIiAEGCMgdNzaGNRqieWCl4BUPuQfI7KzOIAAACAAIAABAAAAQABAAAAAAAAAAAA==,2,,-107.681895159181,-7.33975478371483,44.691,321,-0.0,-3.634,156620279,24.408,0.0,-8.184,0,0.0399585,0,,"This compound contains an acetal/aminal-like group ( X-CH(R)-Y where X, Y are N, S, or O) that may be acid/base labile, releasing an aldehyde.",740.7,-0.141149130456054,0.042,19,34,0,-1,27,0,-7.33975478371483,glide-grid_Ab3ANT_avrg,-0.77163650543826,Apigenin-7-O-(2G-rhamnosyl)gentiobioside,-0.283832462610078,vsw_flavonoids-LIGPREP-001-in.maegz,56135,C[C@H]1[C@@H]([C@H]([C@H](C(O1)O[C@@H]2[C@H]([C@@H]([C@H](O[C@H]2OC3=CC(=C4C(=C3)OC(=CC4=O)C5=CC=C(C=C5)O)O)COC6[C@@H]([C@H]([C@@H]([C@H](O6)CO)O)O)O)O)O)O)O)O,2,13,,0.0,,10.0,8.987,0,205,,15,740.216379,0.689,0.0,"7-[[(2S,3R,4S,5S,6R)-4,5-dihydroxy-6-[[(3R,4S,5S,6R)-3,4,5-trihydroxy-6-(hydroxymethyl)-2-oxanyl]oxymethyl]-3-[[(3R,4R,5R,6S)-3,4,5-trihydroxy-6-methyl-2-oxanyl]oxy]-2-oxanyl]oxy]-5-hydroxy-2-(4-hydroxyphenyl)-1-benzopyran-4-one",,0,1,"20  1  6
25  1  3
27  10  5
29  11  6
32  12  5
33  13  6
34  14  5
16  41  8
16  45  8
23  28  5
30  36  5
35  37  6
38  39  8
38  40  8
39  41  8
31  4  3
40  42  8
41  43  8
42  43  8
43  44  8
44  46  8
45  46  8
47  48  8
47  49  8
48  50  8
49  51  8
21  5  5
50  52  8
51  52  8
22  7  6
24  8  5
26  9  5",,0,740.216379,LXOPDILLGIDKLW-GIHYBCIWSA-N,2,ligprep_Akeel-out.maegz,20,3,740.668,1030.956,218.091,CC1C(C(C(C(O1)OC2C(C(C(OC2OC3=CC(=C4C(=C3)OC(=CC4=O)C5=CC=C(C=C5)O)O)COC6C(C(C(C(O6)CO)O)O)O)O)O)O)O)O,"7-[(2S,3R,4S,5S,6R)-4,5-dihydroxy-6-[[(3R,4S,5S,6R)-3,4,5-trihydroxy-6-methylol-tetrahydropyran-2-yl]oxymethyl]-3-[(3R,4R,5R,6S)-3,4,5-trihydroxy-6-methyl-tetrahydropyran-2-yl]oxy-tetrahydropyran-2-yl]oxy-5-hydroxy-2-(4-hydroxyphenyl)chromone",-0.186158506080232,311,10.1778802871704,502.262,-1.48240628029875,321-1,-2.4,-0.526840703508384,19,1.04556055179272e-05,0,,W09IXVtDQEBIXTFbQ0BIXShbT0hdKVtDQEBIXShbT0hdKVtDQEhdKFtDSDNdKU9bQ0BASF0xT1tDQEhdMltDQEhdKFtPSF0pW0NASF0oW09IXSlbQ0BASF0oW0NIMl1PW0NAQEhdM09bQ0BIXShbQ0gyXVtPSF0pW0NASF0oW09IXSlbQ0BASF0oW09IXSlbQ0BIXTNbT0hdKU9bQ0BASF0yT2MoW2NIXTQpW2NIXWMoW09IXSljKGM0NSljKD1PKVtjSF1jKG81KS1jNltjSF1bY0hdYyhbT0hdKVtjSF1bY0hdNg==,C33H40O19,304,-45.257438659668,-2.667,-26.8690319061279,OPLS_2005,19,310.671,1,batch6_8.1,0.0,0,8.909,11,14,"7-[(2<I>S</I>,3<I>R</I>,4<I>S</I>,5<I>S</I>,6<I>R</I>)-4,5-dihydroxy-6-[[(3<I>R</I>,4<I>S</I>,5<I>S</I>,6<I>R</I>)-3,4,5-trihydroxy-6-(hydroxymethyl)oxan-2-yl]oxymethyl]-3-[(3<I>R</I>,4<I>R</I>,5<I>R</I>,6<I>S</I>)-3,4,5-trihydroxy-6-methyloxan-2-yl]oxyoxan-2-yl]oxy-5-hydroxy-2-(4-hydroxyphenyl)chromen-4-one",0.0,0,1230,34,0.171,-1.974,C:\Users\Ikech\Desktop\HY-L068_HTVS_Lib,-6.759,1,1,3,0.164744623397138,0,0,321,"InChI=1S/C33H40O19/c1-11-22(38)25(41)29(45)32(47-11)52-30-27(43)24(40)20(10-46-31-28(44)26(42)23(39)19(9-34)50-31)51-33(30)48-14-6-15(36)21-16(37)8-17(49-18(21)7-14)12-2-4-13(35)5-3-12/h2-8,11,19-20,22-36,38-45H,9-10H2,1H3/t11-,19+,20+,22-,23+,24+,25+,26-,27-,28+,29+,30+,31?,32?,33+/m0/s1",1986.339,0.7412426,136,52,52,0.0059,1.0,-3.916,Apigenin-7-O-(2G-rhamnosyl)gentiobioside-1,-0.0,0.0059,-0.0,310.603,0,,1,63.222,,"7-[(2S,3R,4S,5S,6R)-6-[[(3R,4S,5S,6R)-6-(hydroxymethyl)-3,4,5-tris(oxidanyl)oxan-2-yl]oxymethyl]-3-[(3R,4R,5R,6S)-6-methyl-3,4,5-tris(oxidanyl)oxan-2-yl]oxy-4,5-bis(oxidanyl)oxan-2-yl]oxy-2-(4-hydroxyphenyl)-5-oxidanyl-chromen-4-one",0.0845048,0.0,86.950359,321,1,27.55,52.462,-6.676,2,J2VwaWtfcHl0aG9uJywgJy1waCcsICc3LjAwMDAwMCcsICctcGh0JywgJzAuMjAwMDAwJywgJy1tcycsICcxNicsICctdG4nLCAnOCcsICctbWEnLCAnMjAwJywgJy1pbWFlJywgJzxpbmZpbGUubWFlPicsICctb21hZScsICc8b3V0ZmlsZS5tYWU+Jw==
-2,,-77.9722366333008,,,0.0,"1
3",,577_sdstereoexpander_1_neutralizer_1_epik_1_stereoizer_1,481562983,,2,0,-105.535620832187,-7.15077018040261,39.399,577,-0.0,-0.266,,27.751,0.0686,-9.726,0,0.0032067,0,"AKOS040750450
Pinocembrin 7-O-[3''-O-galloyl-4'',6''-hexahydroxydiphenoyl]-??-D-glucoside
205370-59-8","This compound has an ester and may undergo hydrolysis at high or low pH. This compound contains an acetal/aminal-like group ( X-CH(R)-Y where X, Y are N, S, or O) that may be acid/base labile, releasing an aldehyde.",,-0.113504288577819,0.005,,40,,,42,0,-7.15077018040261,glide-grid_Ab3ANT_avrg,-0.919573499373821,Pinocembrin,-0.0874835366388093,vsw_flavonoids-LIGPREP-001-in.maegz,56135,,3,,http://www.akosgmbh.de/AKosSamples/index.html,0.0,AKOS040750450,10.0,9.145,0,87,85263086  1,8,,0.821,0.0685782680801781,,AKOS040750450,1,1,,205370-59-8,-1,,,,ligprep_Charmaine_Ike_39-out.maegz,16,4,872.702,1097.676,374.174,,,-0.183722818822373,69,18.7650108337402,594.919,-1.39035249139189,577-1,,-0.451640056968989,21,1.68368641982685e-10,0,http://akoscompounds.de/akoswebrequest/index.html?ID=AKOS040750450&ORIGIN=PUBCHEM,W09IXWMxYyhbT0hdKWMoW09IXSlbY0hdYyhDKD1PKU9bQ0gyXTIpYzFjKGMoW09IXSljKFtPSF0pYyhbY0hdMylbT0hdKWMzQyg9TylPW0NASF0oW0NASF0yNClbQ0BIXShPQyg9TyljNVtjSF1jKFtPSF0pYyhbT0hdKWMoW09IXSlbY0hdNSlbQ0BASF0oW09IXSlbQ0BASF0oTzQpT2MoW2NIXWM2W09IXSlbY0hdYyhjNjcpT1tDQEBIXShbQ0gyXUM3PU8pYzhbY0hdW2NIXVtjSF1bY0hdW2NIXTg=,,,-55.6229133605957,-5.989,-22.3493232727051,OPLS_2005,15,370.731,,Pinocembrin.1,0.0,,2.631,14,12,,0.0,0,,45,0.023,-0.365,C:\Users\Ikech\Desktop\HY-L068_HTVS_Lib,-7.588,1,1,3,0.173553833367938,0,0,577,,2159.088,0.7359888,25,63,,0.1281,1.0,-10.151,Pinocembrin-1,-0.0,0.1967,-0.0,128.583,,1,,74.195,AKos Consulting & Solutions,,0.0558892,0.0,75.451115,577,1,19.4,52.289,-7.663,2,J2VwaWtfcHl0aG9uJywgJy1waCcsICc3LjAwMDAwMCcsICctcGh0JywgJzAuMjAwMDAwJywgJy1tcycsICcxNicsICctdG4nLCAnOCcsICctbWEnLCAnMjAwJywgJy1pbWFlJywgJzxpbmZpbGUubWFlPicsICctb21hZScsICc8b3V0ZmlsZS5tYWU+Jw==
-2,,-77.9722366333008,,,0.0,"1
3",,609_sdstereoexpander_1_neutralizer_1_epik_1_stereoizer_1,481562983,,2,0,-105.535620832187,-7.15077018040261,39.399,609,-0.0,-0.266,,27.751,0.0686,-9.726,0,0.0032073,0,"AKOS040750450
Pinocembrin 7-O-[3''-O-galloyl-4'',6''-hexahydroxydiphenoyl]-??-D-glucoside
205370-59-8","This compound has an ester and may undergo hydrolysis at high or low pH. This compound contains an acetal/aminal-like group ( X-CH(R)-Y where X, Y are N, S, or O) that may be acid/base labile, releasing an aldehyde.",,-0.113504288577819,0.005,,40,,,50,0,-7.15077018040261,glide-grid_Ab3ANT_avrg,-0.919573499373821,Pinocembrin,-0.0874835366388093,vsw_flavonoids-LIGPREP-001-in.maegz,56135,,3,,http://www.akosgmbh.de/AKosSamples/index.html,0.0,AKOS040750450,10.0,9.145,0,87,85263086  1,8,,0.821,0.0685782680801781,,AKOS040750450,1,1,,205370-59-8,-1,,,,ligprep_Charmaine_Ike_39-out.maegz,16,4,872.702,1097.676,374.174,,,-0.183722818822373,101,18.7650108337402,594.919,-1.39035249139189,609-1,,-0.451640056968989,21,1.68368641982684e-10,0,http://akoscompounds.de/akoswebrequest/index.html?ID=AKOS040750450&ORIGIN=PUBCHEM,W09IXWMxYyhbT0hdKWMoW09IXSlbY0hdYyhDKD1PKU9bQ0gyXTIpYzFjKGMoW09IXSljKFtPSF0pYyhbY0hdMylbT0hdKWMzQyg9TylPW0NASF0oW0NASF0yNClbQ0BIXShPQyg9TyljNVtjSF1jKFtPSF0pYyhbT0hdKWMoW09IXSlbY0hdNSlbQ0BASF0oW09IXSlbQ0BASF0oTzQpT2MoW2NIXWM2W09IXSlbY0hdYyhjNjcpT1tDQEBIXShbQ0gyXUM3PU8pYzhbY0hdW2NIXVtjSF1bY0hdW2NIXTg=,,,-55.6229133605957,-5.989,-22.3493232727051,OPLS_2005,15,370.731,,Pinocembrin.1,0.0,,2.631,14,12,,0.0,0,,45,0.023,-0.365,C:\Users\Ikech\Desktop\HY-L068_HTVS_Lib,-7.588,1,1,3,0.173553833367938,0,0,609,,2159.088,0.7359888,25,63,,0.1281,1.0,-10.151,Pinocembrin-1,-0.0,0.1967,-0.0,128.583,,1,,74.195,AKos Consulting & Solutions,,0.0558892,0.0,75.451115,609,1,19.4,52.289,-7.663,2,J2VwaWtfcHl0aG9uJywgJy1waCcsICc3LjAwMDAwMCcsICctcGh0JywgJzAuMjAwMDAwJywgJy1tcycsICcxNicsICctdG4nLCAnOCcsICctbWEnLCAnMjAwJywgJy1pbWFlJywgJzxpbmZpbGUubWFlPicsICctb21hZScsICc8b3V0ZmlsZS5tYWU+Jw==
-2,,-77.9722366333008,,,0.0,"1
3",,641_sdstereoexpander_1_neutralizer_1_epik_1_stereoizer_1,481562983,,2,0,-105.535620832187,-7.15077018040261,39.399,641,-0.0,-0.266,,27.751,0.0686,-9.726,0,0.0032067,0,"AKOS040750450
Pinocembrin 7-O-[3''-O-galloyl-4'',6''-hexahydroxydiphenoyl]-??-D-glucoside
205370-59-8","This compound has an ester and may undergo hydrolysis at high or low pH. This compound contains an acetal/aminal-like group ( X-CH(R)-Y where X, Y are N, S, or O) that may be acid/base labile, releasing an aldehyde.",,-0.113504288577819,0.005,,40,,,59,0,-7.15077018040261,glide-grid_Ab3ANT_avrg,-0.919573499373821,Pinocembrin,-0.0874835366388093,vsw_flavonoids-LIGPREP-001-in.maegz,56135,,3,,http://www.akosgmbh.de/AKosSamples/index.html,0.0,AKOS040750450,10.0,9.145,0,87,85263086  1,8,,0.821,0.0685782680801781,,AKOS040750450,1,1,,205370-59-8,-1,,,,ligprep_Charmaine_Ike_39-out.maegz,16,4,872.702,1097.676,374.174,,,-0.183722818822373,133,18.7650108337402,594.919,-1.39035249139189,641-1,,-0.451640056968989,21,1.68368641982685e-10,0,http://akoscompounds.de/akoswebrequest/index.html?ID=AKOS040750450&ORIGIN=PUBCHEM,W09IXWMxYyhbT0hdKWMoW09IXSlbY0hdYyhDKD1PKU9bQ0gyXTIpYzFjKGMoW09IXSljKFtPSF0pYyhbY0hdMylbT0hdKWMzQyg9TylPW0NASF0oW0NASF0yNClbQ0BIXShPQyg9TyljNVtjSF1jKFtPSF0pYyhbT0hdKWMoW09IXSlbY0hdNSlbQ0BASF0oW09IXSlbQ0BASF0oTzQpT2MoW2NIXWM2W09IXSlbY0hdYyhjNjcpT1tDQEBIXShbQ0gyXUM3PU8pYzhbY0hdW2NIXVtjSF1bY0hdW2NIXTg=,,,-55.6229133605957,-5.989,-22.3493232727051,OPLS_2005,15,370.731,,Pinocembrin.1,0.0,,2.631,14,12,,0.0,0,,45,0.023,-0.365,C:\Users\Ikech\Desktop\HY-L068_HTVS_Lib,-7.588,1,1,3,0.173553833367938,0,0,641,,2159.088,0.7359888,25,63,,0.1281,1.0,-10.151,Pinocembrin-1,-0.0,0.1967,-0.0,128.583,,1,,74.195,AKos Consulting & Solutions,,0.0558892,0.0,75.451115,641,1,19.4,52.289,-7.663,2,J2VwaWtfcHl0aG9uJywgJy1waCcsICc3LjAwMDAwMCcsICctcGh0JywgJzAuMjAwMDAwJywgJy1tcycsICcxNicsICctdG4nLCAnOCcsICctbWEnLCAnMjAwJywgJy1pbWFlJywgJzxpbmZpbGUubWFlPicsICctb21hZScsICc8b3V0ZmlsZS5tYWU+Jw==
-2,,-77.9722366333008,,,0.0,"1
3",,673_sdstereoexpander_1_neutralizer_1_epik_1_stereoizer_1,481562983,,2,0,-105.535620832187,-7.15077018040261,39.399,673,-0.0,-0.266,,27.751,0.0686,-9.726,0,0.0032067,0,"AKOS040750450
Pinocembrin 7-O-[3''-O-galloyl-4'',6''-hexahydroxydiphenoyl]-??-D-glucoside
205370-59-8","This compound has an ester and may undergo hydrolysis at high or low pH. This compound contains an acetal/aminal-like group ( X-CH(R)-Y where X, Y are N, S, or O) that may be acid/base labile, releasing an aldehyde.",,-0.113504288577819,0.005,,40,,,67,0,-7.15077018040261,glide-grid_Ab3ANT_avrg,-0.919573499373821,Pinocembrin,-0.0874835366388093,vsw_flavonoids-LIGPREP-001-in.maegz,56135,,3,,http://www.akosgmbh.de/AKosSamples/index.html,0.0,AKOS040750450,10.0,9.145,0,87,85263086  1,8,,0.821,0.0685782680801781,,AKOS040750450,1,1,,205370-59-8,-1,,,,ligprep_Charmaine_Ike_39-out.maegz,16,4,872.702,1097.676,374.174,,,-0.183722818822373,165,18.7650108337402,594.919,-1.39035249139189,673-1,,-0.451640056968989,21,1.68368641982684e-10,0,http://akoscompounds.de/akoswebrequest/index.html?ID=AKOS040750450&ORIGIN=PUBCHEM,W09IXWMxYyhbT0hdKWMoW09IXSlbY0hdYyhDKD1PKU9bQ0gyXTIpYzFjKGMoW09IXSljKFtPSF0pYyhbY0hdMylbT0hdKWMzQyg9TylPW0NASF0oW0NASF0yNClbQ0BIXShPQyg9TyljNVtjSF1jKFtPSF0pYyhbT0hdKWMoW09IXSlbY0hdNSlbQ0BASF0oW09IXSlbQ0BASF0oTzQpT2MoW2NIXWM2W09IXSlbY0hdYyhjNjcpT1tDQEBIXShbQ0gyXUM3PU8pYzhbY0hdW2NIXVtjSF1bY0hdW2NIXTg=,,,-55.6229133605957,-5.989,-22.3493232727051,OPLS_2005,15,370.731,,Pinocembrin.1,0.0,,2.631,14,12,,0.0,0,,45,0.023,-0.365,C:\Users\Ikech\Desktop\HY-L068_HTVS_Lib,-7.588,1,1,3,0.173553833367938,0,0,673,,2159.088,0.7359888,25,63,,0.1281,1.0,-10.151,Pinocembrin-1,-0.0,0.1967,-0.0,128.583,,1,,74.195,AKos Consulting & Solutions,,0.0558892,0.0,75.451115,673,1,19.4,52.289,-7.663,2,J2VwaWtfcHl0aG9uJywgJy1waCcsICc3LjAwMDAwMCcsICctcGh0JywgJzAuMjAwMDAwJywgJy1tcycsICcxNicsICctdG4nLCAnOCcsICctbWEnLCAnMjAwJywgJy1pbWFlJywgJzxpbmZpbGUubWFlPicsICctb21hZScsICc8b3V0ZmlsZS5tYWU+Jw==
-2,,-77.9722366333008,,,0.0,"1
3",,705_sdstereoexpander_1_neutralizer_1_epik_1_stereoizer_1,481562983,,2,0,-105.535620832187,-7.15077018040261,39.399,705,-0.0,-0.266,,27.751,0.0686,-9.726,0,0.0032067,0,"AKOS040750450
Pinocembrin 7-O-[3''-O-galloyl-4'',6''-hexahydroxydiphenoyl]-??-D-glucoside
205370-59-8","This compound has an ester and may undergo hydrolysis at high or low pH. This compound contains an acetal/aminal-like group ( X-CH(R)-Y where X, Y are N, S, or O) that may be acid/base labile, releasing an aldehyde.",,-0.113504288577819,0.005,,40,,,75,0,-7.15077018040261,glide-grid_Ab3ANT_avrg,-0.919573499373821,Pinocembrin,-0.0874835366388093,vsw_flavonoids-LIGPREP-001-in.maegz,56135,,3,,http://www.akosgmbh.de/AKosSamples/index.html,0.0,AKOS040750450,10.0,9.145,0,87,85263086  1,8,,0.821,0.0685782680801781,,AKOS040750450,1,1,,205370-59-8,-1,,,,ligprep_Charmaine_Ike_39-out.maegz,16,4,872.702,1097.676,374.174,,,-0.183722818822373,197,18.7650108337402,594.919,-1.39035249139189,705-1,,-0.451640056968989,21,1.68368641982685e-10,0,http://akoscompounds.de/akoswebrequest/index.html?ID=AKOS040750450&ORIGIN=PUBCHEM,W09IXWMxYyhbT0hdKWMoW09IXSlbY0hdYyhDKD1PKU9bQ0gyXTIpYzFjKGMoW09IXSljKFtPSF0pYyhbY0hdMylbT0hdKWMzQyg9TylPW0NASF0oW0NASF0yNClbQ0BIXShPQyg9TyljNVtjSF1jKFtPSF0pYyhbT0hdKWMoW09IXSlbY0hdNSlbQ0BASF0oW09IXSlbQ0BASF0oTzQpT2MoW2NIXWM2W09IXSlbY0hdYyhjNjcpT1tDQEBIXShbQ0gyXUM3PU8pYzhbY0hdW2NIXVtjSF1bY0hdW2NIXTg=,,,-55.6229133605957,-5.989,-22.3493232727051,OPLS_2005,15,370.731,,Pinocembrin.1,0.0,,2.631,14,12,,0.0,0,,45,0.023,-0.365,C:\Users\Ikech\Desktop\HY-L068_HTVS_Lib,-7.588,1,1,3,0.173553833367938,0,0,705,,2159.088,0.7359888,25,63,,0.1281,1.0,-10.151,Pinocembrin-1,-0.0,0.1967,-0.0,128.583,,1,,74.195,AKos Consulting & Solutions,,0.0558892,0.0,75.451115,705,1,19.4,52.289,-7.663,2,J2VwaWtfcHl0aG9uJywgJy1waCcsICc3LjAwMDAwMCcsICctcGh0JywgJzAuMjAwMDAwJywgJy1tcycsICcxNicsICctdG4nLCAnOCcsICctbWEnLCAnMjAwJywgJy1pbWFlJywgJzxpbmZpbGUubWFlPicsICctb21hZScsICc8b3V0ZmlsZS5tYWU+Jw==
-2,,-77.9722366333008,,,0.0,"1
3",,737_sdstereoexpander_1_neutralizer_1_epik_1_stereoizer_1,481562983,,2,0,-105.535620832187,-7.15077018040261,39.399,737,-0.0,-0.266,,27.751,0.0686,-9.726,0,0.0032068,0,"AKOS040750450
Pinocembrin 7-O-[3''-O-galloyl-4'',6''-hexahydroxydiphenoyl]-??-D-glucoside
205370-59-8","This compound has an ester and may undergo hydrolysis at high or low pH. This compound contains an acetal/aminal-like group ( X-CH(R)-Y where X, Y are N, S, or O) that may be acid/base labile, releasing an aldehyde.",,-0.113504288577819,0.005,,40,,,82,0,-7.15077018040261,glide-grid_Ab3ANT_avrg,-0.919573499373821,Pinocembrin,-0.0874835366388093,vsw_flavonoids-LIGPREP-001-in.maegz,56135,,3,,http://www.akosgmbh.de/AKosSamples/index.html,0.0,AKOS040750450,10.0,9.145,0,87,85263086  1,8,,0.821,0.0685782680801781,,AKOS040750450,1,1,,205370-59-8,-1,,,,ligprep_Charmaine_Ike_39-out.maegz,16,4,872.702,1097.676,374.174,,,-0.183722818822373,229,18.7650108337402,594.919,-1.39035249139189,737-1,,-0.451640056968989,21,1.68368641982682e-10,0,http://akoscompounds.de/akoswebrequest/index.html?ID=AKOS040750450&ORIGIN=PUBCHEM,W09IXWMxYyhbT0hdKWMoW09IXSlbY0hdYyhDKD1PKU9bQ0gyXTIpYzFjKGMoW09IXSljKFtPSF0pYyhbY0hdMylbT0hdKWMzQyg9TylPW0NASF0oW0NASF0yNClbQ0BIXShPQyg9TyljNVtjSF1jKFtPSF0pYyhbT0hdKWMoW09IXSlbY0hdNSlbQ0BASF0oW09IXSlbQ0BASF0oTzQpT2MoW2NIXWM2W09IXSlbY0hdYyhjNjcpT1tDQEBIXShbQ0gyXUM3PU8pYzhbY0hdW2NIXVtjSF1bY0hdW2NIXTg=,,,-55.6229133605957,-5.989,-22.3493232727051,OPLS_2005,15,370.731,,Pinocembrin.1,0.0,,2.631,14,12,,0.0,0,,45,0.023,-0.365,C:\Users\Ikech\Desktop\HY-L068_HTVS_Lib,-7.588,1,1,3,0.173553833367938,0,0,737,,2159.088,0.7359888,25,63,,0.1281,1.0,-10.151,Pinocembrin-1,-0.0,0.1967,-0.0,128.583,,1,,74.195,AKos Consulting & Solutions,,0.0558892,0.0,75.451115,737,1,19.4,52.289,-7.663,2,J2VwaWtfcHl0aG9uJywgJy1waCcsICc3LjAwMDAwMCcsICctcGh0JywgJzAuMjAwMDAwJywgJy1tcycsICcxNicsICctdG4nLCAnOCcsICctbWEnLCAnMjAwJywgJy1pbWFlJywgJzxpbmZpbGUubWFlPicsICctb21hZScsICc8b3V0ZmlsZS5tYWU+Jw==
-2,,-77.9722366333008,,,0.0,"1
3",,769_sdstereoexpander_1_neutralizer_1_epik_1_stereoizer_1,481562983,,2,0,-105.535620832187,-7.15077018040261,39.399,769,-0.0,-0.266,,27.751,0.0686,-9.726,0,0.0032067,0,"AKOS040750450
Pinocembrin 7-O-[3''-O-galloyl-4'',6''-hexahydroxydiphenoyl]-??-D-glucoside
205370-59-8","This compound has an ester and may undergo hydrolysis at high or low pH. This compound contains an acetal/aminal-like group ( X-CH(R)-Y where X, Y are N, S, or O) that may be acid/base labile, releasing an aldehyde.",,-0.113504288577819,0.005,,40,,,90,0,-7.15077018040261,glide-grid_Ab3ANT_avrg,-0.919573499373821,Pinocembrin,-0.0874835366388093,vsw_flavonoids-LIGPREP-001-in.maegz,56135,,3,,http://www.akosgmbh.de/AKosSamples/index.html,0.0,AKOS040750450,10.0,9.145,0,87,85263086  1,8,,0.821,0.0685782680801781,,AKOS040750450,1,1,,205370-59-8,-1,,,,ligprep_Charmaine_Ike_39-out.maegz,16,4,872.702,1097.676,374.174,,,-0.183722818822373,261,18.7650108337402,594.919,-1.39035249139189,769-1,,-0.451640056968989,21,1.68368641982682e-10,0,http://akoscompounds.de/akoswebrequest/index.html?ID=AKOS040750450&ORIGIN=PUBCHEM,W09IXWMxYyhbT0hdKWMoW09IXSlbY0hdYyhDKD1PKU9bQ0gyXTIpYzFjKGMoW09IXSljKFtPSF0pYyhbY0hdMylbT0hdKWMzQyg9TylPW0NASF0oW0NASF0yNClbQ0BIXShPQyg9TyljNVtjSF1jKFtPSF0pYyhbT0hdKWMoW09IXSlbY0hdNSlbQ0BASF0oW09IXSlbQ0BASF0oTzQpT2MoW2NIXWM2W09IXSlbY0hdYyhjNjcpT1tDQEBIXShbQ0gyXUM3PU8pYzhbY0hdW2NIXVtjSF1bY0hdW2NIXTg=,,,-55.6229133605957,-5.989,-22.3493232727051,OPLS_2005,15,370.731,,Pinocembrin.1,0.0,,2.631,14,12,,0.0,0,,45,0.023,-0.365,C:\Users\Ikech\Desktop\HY-L068_HTVS_Lib,-7.588,1,1,3,0.173553833367938,0,0,769,,2159.088,0.7359888,25,63,,0.1281,1.0,-10.151,Pinocembrin-1,-0.0,0.1967,-0.0,128.583,,1,,74.195,AKos Consulting & Solutions,,0.0558892,0.0,75.451115,769,1,19.4,52.289,-7.663,2,J2VwaWtfcHl0aG9uJywgJy1waCcsICc3LjAwMDAwMCcsICctcGh0JywgJzAuMjAwMDAwJywgJy1tcycsICcxNicsICctdG4nLCAnOCcsICctbWEnLCAnMjAwJywgJy1pbWFlJywgJzxpbmZpbGUubWFlPicsICctb21hZScsICc8b3V0ZmlsZS5tYWU+Jw==
-2,,-77.9722366333008,,,0.0,"1
3",,801_sdstereoexpander_1_neutralizer_1_epik_1_stereoizer_1,481562983,,2,0,-105.535620832187,-7.15077018040261,39.399,801,-0.0,-0.266,,27.751,0.0686,-9.726,0,0.0032068,0,"AKOS040750450
Pinocembrin 7-O-[3''-O-galloyl-4'',6''-hexahydroxydiphenoyl]-??-D-glucoside
205370-59-8","This compound has an ester and may undergo hydrolysis at high or low pH. This compound contains an acetal/aminal-like group ( X-CH(R)-Y where X, Y are N, S, or O) that may be acid/base labile, releasing an aldehyde.",,-0.113504288577819,0.005,,40,,,98,0,-7.15077018040261,glide-grid_Ab3ANT_avrg,-0.919573499373821,Pinocembrin,-0.0874835366388093,vsw_flavonoids-LIGPREP-001-in.maegz,56135,,3,,http://www.akosgmbh.de/AKosSamples/index.html,0.0,AKOS040750450,10.0,9.145,0,87,85263086  1,8,,0.821,0.0685782680801781,,AKOS040750450,1,1,,205370-59-8,-1,,,,ligprep_Charmaine_Ike_39-out.maegz,16,4,872.702,1097.676,374.174,,,-0.183722818822373,293,18.7650108337402,594.919,-1.39035249139189,801-1,,-0.451640056968989,21,1.68368641982682e-10,0,http://akoscompounds.de/akoswebrequest/index.html?ID=AKOS040750450&ORIGIN=PUBCHEM,W09IXWMxYyhbT0hdKWMoW09IXSlbY0hdYyhDKD1PKU9bQ0gyXTIpYzFjKGMoW09IXSljKFtPSF0pYyhbY0hdMylbT0hdKWMzQyg9TylPW0NASF0oW0NASF0yNClbQ0BIXShPQyg9TyljNVtjSF1jKFtPSF0pYyhbT0hdKWMoW09IXSlbY0hdNSlbQ0BASF0oW09IXSlbQ0BASF0oTzQpT2MoW2NIXWM2W09IXSlbY0hdYyhjNjcpT1tDQEBIXShbQ0gyXUM3PU8pYzhbY0hdW2NIXVtjSF1bY0hdW2NIXTg=,,,-55.6229133605957,-5.989,-22.3493232727051,OPLS_2005,15,370.731,,Pinocembrin.1,0.0,,2.631,14,12,,0.0,0,,45,0.023,-0.365,C:\Users\Ikech\Desktop\HY-L068_HTVS_Lib,-7.588,1,1,3,0.173553833367938,0,0,801,,2159.088,0.7359888,25,63,,0.1281,1.0,-10.151,Pinocembrin-1,-0.0,0.1967,-0.0,128.583,,1,,74.195,AKos Consulting & Solutions,,0.0558892,0.0,75.451115,801,1,19.4,52.289,-7.663,2,J2VwaWtfcHl0aG9uJywgJy1waCcsICc3LjAwMDAwMCcsICctcGh0JywgJzAuMjAwMDAwJywgJy1tcycsICcxNicsICctdG4nLCAnOCcsICctbWEnLCAnMjAwJywgJy1pbWFlJywgJzxpbmZpbGUubWFlPicsICctb21hZScsICc8b3V0ZmlsZS5tYWU+Jw==
-2,,-77.9722366333008,,,0.0,"1
3",,833_sdstereoexpander_1_neutralizer_1_epik_1_stereoizer_1,481562983,,2,0,-105.535620832187,-7.15077018040261,39.399,833,-0.0,-0.266,,27.751,0.0686,-9.726,0,0.0032063,0,"AKOS040750450
Pinocembrin 7-O-[3''-O-galloyl-4'',6''-hexahydroxydiphenoyl]-??-D-glucoside
205370-59-8","This compound has an ester and may undergo hydrolysis at high or low pH. This compound contains an acetal/aminal-like group ( X-CH(R)-Y where X, Y are N, S, or O) that may be acid/base labile, releasing an aldehyde.",,-0.113504288577819,0.005,,40,,,106,0,-7.15077018040261,glide-grid_Ab3ANT_avrg,-0.919573499373821,Pinocembrin,-0.0874835366388093,vsw_flavonoids-LIGPREP-001-in.maegz,56135,,3,,http://www.akosgmbh.de/AKosSamples/index.html,0.0,AKOS040750450,10.0,9.145,0,87,85263086  1,8,,0.821,0.0685782680801781,,AKOS040750450,1,1,,205370-59-8,-1,,,,ligprep_Charmaine_Ike_39-out.maegz,16,4,872.702,1097.676,374.174,,,-0.183722818822373,325,18.7650108337402,594.919,-1.39035249139189,833-1,,-0.451640056968989,21,1.68368641982682e-10,0,http://akoscompounds.de/akoswebrequest/index.html?ID=AKOS040750450&ORIGIN=PUBCHEM,W09IXWMxYyhbT0hdKWMoW09IXSlbY0hdYyhDKD1PKU9bQ0gyXTIpYzFjKGMoW09IXSljKFtPSF0pYyhbY0hdMylbT0hdKWMzQyg9TylPW0NASF0oW0NASF0yNClbQ0BIXShPQyg9TyljNVtjSF1jKFtPSF0pYyhbT0hdKWMoW09IXSlbY0hdNSlbQ0BASF0oW09IXSlbQ0BASF0oTzQpT2MoW2NIXWM2W09IXSlbY0hdYyhjNjcpT1tDQEBIXShbQ0gyXUM3PU8pYzhbY0hdW2NIXVtjSF1bY0hdW2NIXTg=,,,-55.6229133605957,-5.989,-22.3493232727051,OPLS_2005,15,370.731,,Pinocembrin.1,0.0,,2.631,14,12,,0.0,0,,45,0.023,-0.365,C:\Users\Ikech\Desktop\HY-L068_HTVS_Lib,-7.588,1,1,3,0.173553833367938,0,0,833,,2159.088,0.7359888,25,63,,0.1281,1.0,-10.151,Pinocembrin-1,-0.0,0.1967,-0.0,128.583,,1,,74.195,AKos Consulting & Solutions,,0.0558892,0.0,75.451115,833,1,19.4,52.289,-7.663,2,J2VwaWtfcHl0aG9uJywgJy1waCcsICc3LjAwMDAwMCcsICctcGh0JywgJzAuMjAwMDAwJywgJy1tcycsICcxNicsICctdG4nLCAnOCcsICctbWEnLCAnMjAwJywgJy1pbWFlJywgJzxpbmZpbGUubWFlPicsICctb21hZScsICc8b3V0ZmlsZS5tYWU+Jw==
-2,,-77.3354320526123,,,0.0,"1
3",,581_sdstereoexpander_1_neutralizer_1_epik_1_stereoizer_1,481562983,,2,0,-103.457615015059,-7.07425429573995,39.745,581,-0.0,-0.186,,28.441,0.0686,-9.681,0,0.0218514,0,"AKOS040750450
Pinocembrin 7-O-[3''-O-galloyl-4'',6''-hexahydroxydiphenoyl]-??-D-glucoside
205370-59-8","This compound has an ester and may undergo hydrolysis at high or low pH. This compound contains an acetal/aminal-like group ( X-CH(R)-Y where X, Y are N, S, or O) that may be acid/base labile, releasing an aldehyde.",,-0.112289750726031,0.004,,40,,,43,0,-7.07425429573995,glide-grid_Ab3ANT_avrg,-0.957993731435582,Pinocembrin,-0.0896239317977313,vsw_flavonoids-LIGPREP-001-in.maegz,56135,,3,,http://www.akosgmbh.de/AKosSamples/index.html,0.0,AKOS040750450,10.0,9.11,0,36,85263086  1,8,,0.887,0.0685782680801781,,AKOS040750450,1,1,,205370-59-8,-1,,,,ligprep_Charmaine_Ike_39-out.maegz,16,4,872.702,1122.984,411.439,,,-0.190268724388977,73,20.0006637573242,599.618,-1.37547520570267,581-1,,-0.446807341382241,21,8.26505020472369e-11,0,http://akoscompounds.de/akoswebrequest/index.html?ID=AKOS040750450&ORIGIN=PUBCHEM,W09IXWMxYyhbT0hdKWMoW09IXSlbY0hdYyhDKD1PKU9bQ0gyXTIpYzFjKGMoW09IXSljKFtPSF0pYyhbY0hdMylbT0hdKWMzQyg9TylPW0NASF0oW0NASF0yNClbQ0BIXShPQyg9TyljNVtjSF1jKFtPSF0pYyhbT0hdKWMoW09IXSlbY0hdNSlbQ0BASF0oW09IXSlbQ0BASF0oTzQpT2MoW2NIXWM2W09IXSlbY0hdYyhjNjcpT1tDQEhdKFtDSDJdQzc9TyljOFtjSF1bY0hdW2NIXVtjSF1bY0hdOA==,,,-55.9039306640625,-6.343,-21.4315013885498,OPLS_2005,15,370.089,,Pinocembrin.1,0.0,,6.899,14,12,,0.0,0,,45,0.02,-0.364,C:\Users\Ikech\Desktop\HY-L068_HTVS_Lib,-7.966,1,1,3,0.173553833367938,0,0,581,,2178.152,0.7236307,156,63,,0.1281,1.0,-10.151,Pinocembrin-1,-0.0,0.1967,-0.0,111.926,,1,,75.313,AKos Consulting & Solutions,,0.0546296,0.0,74.160347,581,1,19.4,52.935,-7.975,2,J2VwaWtfcHl0aG9uJywgJy1waCcsICc3LjAwMDAwMCcsICctcGh0JywgJzAuMjAwMDAwJywgJy1tcycsICcxNicsICctdG4nLCAnOCcsICctbWEnLCAnMjAwJywgJy1pbWFlJywgJzxpbmZpbGUubWFlPicsICctb21hZScsICc8b3V0ZmlsZS5tYWU+Jw==
-2,,-77.3354320526123,,,0.0,"1
3",,613_sdstereoexpander_1_neutralizer_1_epik_1_stereoizer_1,481562983,,2,0,-103.457615015059,-7.07425429573995,39.745,613,-0.0,-0.186,,28.441,0.0686,-9.681,0,0.0218516,0,"AKOS040750450
Pinocembrin 7-O-[3''-O-galloyl-4'',6''-hexahydroxydiphenoyl]-??-D-glucoside
205370-59-8","This compound has an ester and may undergo hydrolysis at high or low pH. This compound contains an acetal/aminal-like group ( X-CH(R)-Y where X, Y are N, S, or O) that may be acid/base labile, releasing an aldehyde.",,-0.112289750726031,0.004,,40,,,51,0,-7.07425429573995,glide-grid_Ab3ANT_avrg,-0.957993731435582,Pinocembrin,-0.0896239317977313,vsw_flavonoids-LIGPREP-001-in.maegz,56135,,3,,http://www.akosgmbh.de/AKosSamples/index.html,0.0,AKOS040750450,10.0,9.11,0,36,85263086  1,8,,0.887,0.0685782680801781,,AKOS040750450,1,1,,205370-59-8,-1,,,,ligprep_Charmaine_Ike_39-out.maegz,16,4,872.702,1122.984,411.439,,,-0.190268724388977,105,20.0006637573242,599.618,-1.37547520570267,613-1,,-0.446807341382241,21,8.26505129495828e-11,0,http://akoscompounds.de/akoswebrequest/index.html?ID=AKOS040750450&ORIGIN=PUBCHEM,W09IXWMxYyhbT0hdKWMoW09IXSlbY0hdYyhDKD1PKU9bQ0gyXTIpYzFjKGMoW09IXSljKFtPSF0pYyhbY0hdMylbT0hdKWMzQyg9TylPW0NASF0oW0NASF0yNClbQ0BIXShPQyg9TyljNVtjSF1jKFtPSF0pYyhbT0hdKWMoW09IXSlbY0hdNSlbQ0BASF0oW09IXSlbQ0BASF0oTzQpT2MoW2NIXWM2W09IXSlbY0hdYyhjNjcpT1tDQEhdKFtDSDJdQzc9TyljOFtjSF1bY0hdW2NIXVtjSF1bY0hdOA==,,,-55.9039306640625,-6.343,-21.4315013885498,OPLS_2005,15,370.089,,Pinocembrin.1,0.0,,6.899,14,12,,0.0,0,,45,0.02,-0.364,C:\Users\Ikech\Desktop\HY-L068_HTVS_Lib,-7.966,1,1,3,0.173553833367938,0,0,613,,2178.152,0.7236307,156,63,,0.1281,1.0,-10.151,Pinocembrin-1,-0.0,0.1967,-0.0,111.926,,1,,75.313,AKos Consulting & Solutions,,0.0546296,0.0,74.160347,613,1,19.4,52.935,-7.975,2,J2VwaWtfcHl0aG9uJywgJy1waCcsICc3LjAwMDAwMCcsICctcGh0JywgJzAuMjAwMDAwJywgJy1tcycsICcxNicsICctdG4nLCAnOCcsICctbWEnLCAnMjAwJywgJy1pbWFlJywgJzxpbmZpbGUubWFlPicsICctb21hZScsICc8b3V0ZmlsZS5tYWU+Jw==
