title,"i_i_glide_lignum","docking_status","r_glide_cpu_time","r_i_docking_score","s_i_glide_gridfile","r_i_glide_gscore","r_i_glide_lipo","r_i_glide_hbond","r_i_glide_metal","r_i_glide_rewards","r_i_glide_evdw","r_i_glide_ecoul","r_i_glide_erotb","r_i_glide_esite","r_i_glide_emodel","r_i_glide_energy","r_i_glide_einternal"
"Homoplantaginin",1,Done,5.687,-6.41356,"glide-grid_Ab3ANT_avrg",-6.41356,-0.557431,-0.591347,-0,-0.25634,-26.0192,-28.4782,0.37684,-0.0843182,-79.0296,-54.4974,5.53598
"Oroxin A",2,Done,3.625,-5.99714,"glide-grid_Ab3ANT_avrg",-5.99714,-0.731334,-0.200937,-0,-0.461062,-29.4312,-23.096,0.425739,-0.0935889,-75.6156,-52.5272,5.59219
"Didymin",3,Done,14.953,-5.61377,"glide-grid_Ab3ANT_avrg",-5.61377,-0.467955,0,-0,0,-35.0291,-22.7511,0.170636,-0.152331,-75.4729,-57.7801,16.9447
"Complanatuside",4,Done,23.532,-6.25045,"glide-grid_Ab3ANT_avrg",-6.25045,-0.613991,-0.110912,-0,-0.00784808,-33.2367,-30.816,0.244135,-0.1,-88.3589,-64.0526,12.663
" Quercetin 3-O-Beta-D-Glucose-7-O-Beta-D-Gentiobioside; 2-(3,4-Dihydroxyphenyl)-5-Hydroxy-3-[(2R,3R,4S,5S,6R)-3,4,5-Trihydroxy-6-",5,Done,66.812,-6.04625,"glide-grid_Ab3ANT_avrg",-6.04625,-0.297999,-0.0303111,-0,0,-34.0766,-35.9386,0.147761,-0.16187,-95.1031,-70.0151,20.5394
" Quercetin 3-O-Beta-D-Glucose-7-O-Beta-D-Gentiobioside; 2-(3,4-Dihydroxyphenyl)-5-Hydroxy-3-[(2R,3R,4S,5S,6R)-3,4,5-Trihydroxy-6-",6,Done,54.359,-6.09493,"glide-grid_Ab3ANT_avrg",-6.09493,-0.0231987,-0.321007,-0,0,-34.781,-26.8065,0.103433,-0.115106,-87.3518,-61.5874,11.2248
" Quercetin 3-O-Beta-D-Glucose-7-O-Beta-D-Gentiobioside; 2-(3,4-Dihydroxyphenyl)-5-Hydroxy-3-[(2R,3R,4S,5S,6R)-3,4,5-Trihydroxy-6-",7,Done,60.641,-6.12967,"glide-grid_Ab3ANT_avrg",-6.12967,-0.271351,0,-0,-0.0395012,-37.4109,-28.6121,0.103433,-0.0517064,-89.3097,-66.0231,15.3433
" Quercetin 3-O-Beta-D-Glucose-7-O-Beta-D-Gentiobioside; 2-(3,4-Dihydroxyphenyl)-5-Hydroxy-3-[(2R,3R,4S,5S,6R)-3,4,5-Trihydroxy-6-",8,Done,64.031,-6.23383,"glide-grid_Ab3ANT_avrg",-6.23383,-0.284274,-0.125921,-0,0,-36.9012,-27.5123,0.147761,-0.126341,-91.6425,-64.4134,17.001
" Quercetin 3-O-Beta-D-Glucose-7-O-Beta-D-Gentiobioside; 2-(3,4-Dihydroxyphenyl)-5-Hydroxy-3-[(2R,3R,4S,5S,6R)-3,4,5-Trihydroxy-6-",9,Done,67.953,-6.73027,"glide-grid_Ab3ANT_avrg",-6.73027,-0.77269,-0.0148738,-0,-0.104354,-38.4695,-43.7119,0.147761,-0.0626382,-116.252,-82.1814,22.2714
"Luteolin 7-Glucuronide",10,Done,3.11,-5.37994,"glide-grid_Ab3ANT_avrg",-5.37994,-0.523106,-0.456424,-0,-0.263506,-27.5047,-19.3169,0.283804,-0.147935,-70.815,-46.8216,4.8637
"Quercetin-3-O-Beta-D-Glucose-7-O-Beta-D-Gentiobioside",11,Done,59.578,-5.56136,"glide-grid_Ab3ANT_avrg",-5.56136,-0.00800851,-0.32,-0,-0.0321397,-24.9535,-41.1776,0.103433,-0.0569703,-92.4417,-66.131,10.8949
"Quercetin-3-O-Beta-D-Glucose-7-O-Beta-D-Gentiobioside",12,Done,55.187,-6.23383,"glide-grid_Ab3ANT_avrg",-6.23383,-0.284274,-0.125921,-0,0,-36.9012,-27.5123,0.147761,-0.126341,-91.6425,-64.4134,17.001
"Quercetin-3-O-Beta-D-Glucose-7-O-Beta-D-Gentiobioside",13,Done,70.766,-6.73027,"glide-grid_Ab3ANT_avrg",-6.73027,-0.77269,-0.0148738,-0,-0.104354,-38.4695,-43.7119,0.147761,-0.0626382,-116.252,-82.1814,22.2714
"2-[1-(Triethylsiloxy)-2-propenyl]toluene",14,Done,56.672,-6.84241,"glide-grid_Ab3ANT_avrg",-6.84241,-0.760965,-0.0557006,-0,-0.0984385,-39.4909,-41.6932,0.147761,-0.100522,-115.209,-81.1841,21.7678
"2-[1-(Triethylsiloxy)-2-propenyl]toluene",15,Done,68.89,-6.04625,"glide-grid_Ab3ANT_avrg",-6.04625,-0.297999,-0.0303111,-0,0,-34.0766,-35.9386,0.147761,-0.16187,-95.1031,-70.0151,20.5394
"2-[1-(Triethylsiloxy)-2-propenyl]toluene",16,Done,50.235,-5.46722,"glide-grid_Ab3ANT_avrg",-5.46722,-0.104632,-0.0718263,-0,0,-26.4144,-37.0623,0.103433,-0.0734743,-90.7998,-63.4767,12.5114
"2-[1-(Triethylsiloxy)-2-propenyl]toluene",17,Done,55.734,-6.09493,"glide-grid_Ab3ANT_avrg",-6.09493,-0.0231987,-0.321007,-0,0,-34.781,-26.8065,0.103433,-0.115106,-87.3518,-61.5874,11.2248
"2-[1-(Triethylsiloxy)-2-propenyl]toluene",18,Done,48.5,-6.4177,"glide-grid_Ab3ANT_avrg",-6.4177,-0.196246,-0.148671,-0,0,-41.5013,-30.3676,0.103433,-0.101148,-101.053,-71.8689,18.6744
"2-[1-(Triethylsiloxy)-2-propenyl]toluene",19,Done,58.266,-6.44603,"glide-grid_Ab3ANT_avrg",-6.44603,-0.43132,-0.0580973,-0,0,-39.0272,-38.0744,0.147761,-0.153016,-106.752,-77.1016,24.8818
"Apigenin 7-O-(2G-Rhamnosyl)Gentiobioside",20,Done,55.75,-5.53396,"glide-grid_Ab3ANT_avrg",-5.53396,-0.0835919,-0.16,-0,0,-27.047,-39.4429,0.164745,-0.102764,-89.0109,-66.49,16.6444
"Apigenin 7-O-(2G-Rhamnosyl)Gentiobioside",21,Done,54.61,-5.90127,"glide-grid_Ab3ANT_avrg",-5.90127,-0.167014,-0.0213341,-0,0,-34.5411,-26.5508,0.115321,-0.118562,-84.1757,-61.092,13.7486
"Apigenin 7-O-(2G-Rhamnosyl)Gentiobioside",22,Done,44,-7.01555,"glide-grid_Ab3ANT_avrg",-7.01555,-0.562239,-0.424145,-0,0,-39.7924,-37.2204,0.164745,-0.204292,-109.642,-77.0128,15.4688
"Apigenin 7-O-(2G-Rhamnosyl)Gentiobioside",23,Done,41.953,-6.78604,"glide-grid_Ab3ANT_avrg",-6.78604,-0.577853,-0.270882,-0,0,-39.8877,-27.0955,0.164745,-0.107664,-99.7682,-66.9833,16.2557
"Apigenin 7-O-(2G-Rhamnosyl)Gentiobioside",24,Done,35.344,-6.8601,"glide-grid_Ab3ANT_avrg",-6.8601,-0.553869,-0.27794,-0,0,-41.5815,-27.1385,0.164745,-0.113963,-99.9897,-68.72,12.5746
"Apigenin-7-O-(2G-rhamnosyl)gentiobioside",25,Done,35.062,-6.46242,"glide-grid_Ab3ANT_avrg",-6.46242,-0.207847,-0.422638,-0,0,-37.7119,-26.2415,0.164745,-0.174861,-92.7031,-63.9534,13.3165
"Apigenin-7-O-(2G-rhamnosyl)gentiobioside",26,Done,39.578,-6.19763,"glide-grid_Ab3ANT_avrg",-6.19763,-0.107368,-0.197351,-0,0,-37.1563,-33.5327,0.164745,-0.199842,-97.381,-70.689,16.422
"Apigenin-7-O-(2G-rhamnosyl)gentiobioside",27,Done,40.485,-7.33975,"glide-grid_Ab3ANT_avrg",-7.33975,-0.771637,-0.283832,-0,0,-45.2574,-26.869,0.164745,-0.186159,-107.682,-72.1265,10.1779
"Apigenin-7-O-(2G-rhamnosyl)gentiobioside",28,Done,37.234,-6.50515,"glide-grid_Ab3ANT_avrg",-6.50515,-0.815942,-0.295822,-0,0,-29.0802,-38.3426,0.164745,-0.104126,-95.7708,-67.4227,15.965
"Apigenin-7-O-(2G-rhamnosyl)gentiobioside",29,Done,38.641,-6.58365,"glide-grid_Ab3ANT_avrg",-6.58365,-0.303837,-0.498542,-0,0,-36.0484,-32.0513,0.164745,-0.14359,-101.433,-68.0997,10.7588
"Apigenin-7-O-(2G-rhamnosyl)gentiobioside",30,Done,38.078,-7.03483,"glide-grid_Ab3ANT_avrg",-7.03483,-1.06911,0,-0,-0.00508023,-40.5283,-31.0829,0.115321,-0.0495497,-104.566,-71.6113,16.2771
"Apigenin-7-O-(2G-rhamnosyl)gentiobioside",31,Done,42.297,-6.23203,"glide-grid_Ab3ANT_avrg",-6.23203,-0.518283,-0.241922,-0,0,-43.2662,-22.5982,0.164745,-0.0835282,-90.4803,-65.8644,16.1883
"Methyl-Hesperidin",32,Done,14.828,-5.04619,"glide-grid_Ab3ANT_avrg",-5.04619,-0.0123399,-0.212151,-0,0,-33.9098,-20.7084,0.132945,-0.15289,-69.0735,-54.6182,16.3228
"Cyanidin-3-O-galactoside (chloride)",33,Done,4.562,-6.15281,"glide-grid_Ab3ANT_avrg",-6.23761,-0.2394,-0.144,-0,-0.570103,-30.0172,-30.9806,0.277862,-0.0611143,-94.6267,-60.9977,7.00151
"Cyanidin-3-O-galactoside (chloride)",34,Done,4.86,-6.15281,"glide-grid_Ab3ANT_avrg",-6.23761,-0.2394,-0.144,-0,-0.570103,-30.0172,-30.9806,0.277862,-0.0611143,-94.6267,-60.9977,7.00151
"Cyanidin-3-O-galactoside (chloride)",35,Done,4.703,-6.15281,"glide-grid_Ab3ANT_avrg",-6.23761,-0.2394,-0.144,-0,-0.570103,-30.0172,-30.9806,0.277862,-0.0611143,-94.6267,-60.9977,7.00151
"Kakkalide",36,Done,16.656,-6.24149,"glide-grid_Ab3ANT_avrg",-6.24149,-0.627846,-0.311542,-0,0,-36.6032,-23.5641,0.217572,-0.154904,-84.593,-60.1672,11.5522
"Pinocembrin",37,Done,11.157,-6.15681,"glide-grid_Ab3ANT_avrg",-6.15681,-0.24275,-0.1859,-0,0,-55.6835,-19.0879,0.173554,-0.254353,-111.96,-74.7714,5.1379
"Pinocembrin",38,Done,7.546,-6.48936,"glide-grid_Ab3ANT_avrg",-6.48936,-0.736274,-0.141354,-0,-0.0705357,-61.4723,-16.3082,0.173554,-0.194909,-109.012,-77.7804,3.17486
"Pinocembrin",39,Done,10.032,-6.41272,"glide-grid_Ab3ANT_avrg",-6.41272,-0.298455,-0.175027,-0,0,-57.6488,-19.671,0.173554,-0.279699,-117.025,-77.3198,5.02261
"Pinocembrin",40,Done,8.781,-6.71822,"glide-grid_Ab3ANT_avrg",-6.71822,-0.493216,-0.0542871,-0,0,-44.1559,-30.9081,0.121488,-0.0844087,-108.529,-75.0641,9.34473
"Pinocembrin",41,Done,9.687,-5.77408,"glide-grid_Ab3ANT_avrg",-5.77408,-0.187094,-0.187441,-0,0,-49.6536,-19.356,0.173554,-0.187018,-97.6595,-69.0096,7.20893
"Pinocembrin",42,Done,8.313,-7.15077,"glide-grid_Ab3ANT_avrg",-7.15077,-0.919573,-0.0874835,-0,0,-55.6229,-22.3493,0.173554,-0.183723,-105.536,-77.9722,18.765
"Pinocembrin",43,Done,9.781,-7.07425,"glide-grid_Ab3ANT_avrg",-7.07425,-0.957994,-0.0896239,-0,0,-55.9039,-21.4315,0.173554,-0.190269,-103.458,-77.3354,20.0007
"Pinocembrin",44,Done,12.219,-6.62525,"glide-grid_Ab3ANT_avrg",-6.62525,-0.826865,-0.0956455,-0,-0.53,-34.8122,-23.345,0.121488,-0.0518717,-91.9732,-58.1572,6.85257
"Pinocembrin",45,Done,10.141,-6.07996,"glide-grid_Ab3ANT_avrg",-6.07996,-0.56484,-0.2,-0,0,-47.2537,-20.5734,0.173554,-0.0399808,-92.8702,-67.8271,13.2916
"Pinocembrin",46,Done,10.859,-6.15681,"glide-grid_Ab3ANT_avrg",-6.15681,-0.24275,-0.1859,-0,0,-55.6835,-19.0879,0.173554,-0.254353,-111.96,-74.7714,5.1379
"Pinocembrin",47,Done,7.078,-6.48936,"glide-grid_Ab3ANT_avrg",-6.48936,-0.736274,-0.141354,-0,-0.0705357,-61.4723,-16.3082,0.173554,-0.194909,-109.012,-77.7804,3.17486
"Pinocembrin",48,Done,8.938,-6.41272,"glide-grid_Ab3ANT_avrg",-6.41272,-0.298455,-0.175027,-0,0,-57.6488,-19.671,0.173554,-0.279699,-117.025,-77.3198,5.02261
"Pinocembrin",49,Done,8.625,-6.71822,"glide-grid_Ab3ANT_avrg",-6.71822,-0.493216,-0.0542871,-0,0,-44.1559,-30.9081,0.121488,-0.0844087,-108.529,-75.0641,9.34473
"Pinocembrin",50,Done,8.25,-7.15077,"glide-grid_Ab3ANT_avrg",-7.15077,-0.919573,-0.0874835,-0,0,-55.6229,-22.3493,0.173554,-0.183723,-105.536,-77.9722,18.765
"Pinocembrin",51,Done,9.14,-7.07425,"glide-grid_Ab3ANT_avrg",-7.07425,-0.957994,-0.0896239,-0,0,-55.9039,-21.4315,0.173554,-0.190269,-103.458,-77.3354,20.0007
"Pinocembrin",52,Done,10.375,-6.62525,"glide-grid_Ab3ANT_avrg",-6.62525,-0.826865,-0.0956455,-0,-0.53,-34.8122,-23.345,0.121488,-0.0518717,-91.9732,-58.1572,6.85257
"Pinocembrin",53,Done,8.453,-6.07996,"glide-grid_Ab3ANT_avrg",-6.07996,-0.56484,-0.2,-0,0,-47.2537,-20.5734,0.173554,-0.0399808,-92.8702,-67.8271,13.2916
"Pinocembrin",54,Done,10.813,-6.15681,"glide-grid_Ab3ANT_avrg",-6.15681,-0.24275,-0.1859,-0,0,-55.6835,-19.0879,0.173554,-0.254353,-111.96,-74.7714,5.1379
"Pinocembrin",55,Done,6.969,-6.48936,"glide-grid_Ab3ANT_avrg",-6.48936,-0.736274,-0.141354,-0,-0.0705357,-61.4723,-16.3082,0.173554,-0.194909,-109.012,-77.7804,3.17486
"Pinocembrin",56,Done,9.031,-6.41272,"glide-grid_Ab3ANT_avrg",-6.41272,-0.298455,-0.175027,-0,0,-57.6488,-19.671,0.173554,-0.279699,-117.025,-77.3198,5.02261
"Pinocembrin",57,Done,7.875,-6.71822,"glide-grid_Ab3ANT_avrg",-6.71822,-0.493216,-0.0542871,-0,0,-44.1559,-30.9081,0.121488,-0.0844087,-108.529,-75.0641,9.34473
"Pinocembrin",58,Done,9.515,-5.77408,"glide-grid_Ab3ANT_avrg",-5.77408,-0.187094,-0.187441,-0,0,-49.6536,-19.356,0.173554,-0.187018,-97.6595,-69.0096,7.20893
"Pinocembrin",59,Done,8.61,-7.15077,"glide-grid_Ab3ANT_avrg",-7.15077,-0.919573,-0.0874835,-0,0,-55.6229,-22.3493,0.173554,-0.183723,-105.536,-77.9722,18.765
"Pinocembrin",60,Done,9.219,-7.07425,"glide-grid_Ab3ANT_avrg",-7.07425,-0.957994,-0.0896239,-0,0,-55.9039,-21.4315,0.173554,-0.190269,-103.458,-77.3354,20.0007
"Pinocembrin",61,Done,12.468,-6.62525,"glide-grid_Ab3ANT_avrg",-6.62525,-0.826865,-0.0956455,-0,-0.53,-34.8122,-23.345,0.121488,-0.0518717,-91.9732,-58.1572,6.85257
"Pinocembrin",62,Done,10.469,-6.07996,"glide-grid_Ab3ANT_avrg",-6.07996,-0.56484,-0.2,-0,0,-47.2537,-20.5734,0.173554,-0.0399808,-92.8702,-67.8271,13.2916
"Pinocembrin",63,Done,12.313,-6.15681,"glide-grid_Ab3ANT_avrg",-6.15681,-0.24275,-0.1859,-0,0,-55.6835,-19.0879,0.173554,-0.254353,-111.96,-74.7714,5.1379
"Pinocembrin",64,Done,7.687,-6.48936,"glide-grid_Ab3ANT_avrg",-6.48936,-0.736274,-0.141354,-0,-0.0705357,-61.4723,-16.3082,0.173554,-0.194909,-109.012,-77.7804,3.17486
"Pinocembrin",65,Done,9.781,-6.41272,"glide-grid_Ab3ANT_avrg",-6.41272,-0.298455,-0.175027,-0,0,-57.6488,-19.671,0.173554,-0.279699,-117.025,-77.3198,5.02261
"Pinocembrin",66,Done,8.891,-6.71822,"glide-grid_Ab3ANT_avrg",-6.71822,-0.493216,-0.0542871,-0,0,-44.1559,-30.9081,0.121488,-0.0844087,-108.529,-75.0641,9.34473
"Pinocembrin",67,Done,9.703,-7.15077,"glide-grid_Ab3ANT_avrg",-7.15077,-0.919573,-0.0874835,-0,0,-55.6229,-22.3493,0.173554,-0.183723,-105.536,-77.9722,18.765
"Pinocembrin",68,Done,10.125,-7.07425,"glide-grid_Ab3ANT_avrg",-7.07425,-0.957994,-0.0896239,-0,0,-55.9039,-21.4315,0.173554,-0.190269,-103.458,-77.3354,20.0007
"Pinocembrin",69,Done,11.89,-6.62525,"glide-grid_Ab3ANT_avrg",-6.62525,-0.826865,-0.0956455,-0,-0.53,-34.8122,-23.345,0.121488,-0.0518717,-91.9732,-58.1572,6.85257
"Pinocembrin",70,Done,10.61,-6.07996,"glide-grid_Ab3ANT_avrg",-6.07996,-0.56484,-0.2,-0,0,-47.2537,-20.5734,0.173554,-0.0399808,-92.8702,-67.8271,13.2916
"Pinocembrin",71,Done,11.468,-6.15681,"glide-grid_Ab3ANT_avrg",-6.15681,-0.24275,-0.1859,-0,0,-55.6835,-19.0879,0.173554,-0.254353,-111.96,-74.7714,5.1379
"Pinocembrin",72,Done,7.969,-6.48936,"glide-grid_Ab3ANT_avrg",-6.48936,-0.736274,-0.141354,-0,-0.0705357,-61.4723,-16.3082,0.173554,-0.194909,-109.012,-77.7804,3.17486
"Pinocembrin",73,Done,10.265,-6.41272,"glide-grid_Ab3ANT_avrg",-6.41272,-0.298455,-0.175027,-0,0,-57.6488,-19.671,0.173554,-0.279699,-117.025,-77.3198,5.02261
"Pinocembrin",74,Done,8.359,-6.71822,"glide-grid_Ab3ANT_avrg",-6.71822,-0.493216,-0.0542871,-0,0,-44.1559,-30.9081,0.121488,-0.0844087,-108.529,-75.0641,9.34473
"Pinocembrin",75,Done,9.86,-7.15077,"glide-grid_Ab3ANT_avrg",-7.15077,-0.919573,-0.0874835,-0,0,-55.6229,-22.3493,0.173554,-0.183723,-105.536,-77.9722,18.765
"Pinocembrin",76,Done,10.219,-7.07425,"glide-grid_Ab3ANT_avrg",-7.07425,-0.957994,-0.0896239,-0,0,-55.9039,-21.4315,0.173554,-0.190269,-103.458,-77.3354,20.0007
"Pinocembrin",77,Done,11.766,-6.62525,"glide-grid_Ab3ANT_avrg",-6.62525,-0.826865,-0.0956455,-0,-0.53,-34.8122,-23.345,0.121488,-0.0518717,-91.9732,-58.1572,6.85257
"Pinocembrin",78,Done,10.719,-6.07996,"glide-grid_Ab3ANT_avrg",-6.07996,-0.56484,-0.2,-0,0,-47.2537,-20.5734,0.173554,-0.0399808,-92.8702,-67.8271,13.2916
"Pinocembrin",79,Done,11.89,-6.15681,"glide-grid_Ab3ANT_avrg",-6.15681,-0.24275,-0.1859,-0,0,-55.6835,-19.0879,0.173554,-0.254353,-111.96,-74.7714,5.1379
"Pinocembrin",80,Done,7.641,-6.48936,"glide-grid_Ab3ANT_avrg",-6.48936,-0.736274,-0.141354,-0,-0.0705357,-61.4723,-16.3082,0.173554,-0.194909,-109.012,-77.7804,3.17486
"Pinocembrin",81,Done,9.859,-6.41272,"glide-grid_Ab3ANT_avrg",-6.41272,-0.298455,-0.175027,-0,0,-57.6488,-19.671,0.173554,-0.279699,-117.025,-77.3198,5.02261
"Pinocembrin",82,Done,9.453,-7.15077,"glide-grid_Ab3ANT_avrg",-7.15077,-0.919573,-0.0874835,-0,0,-55.6229,-22.3493,0.173554,-0.183723,-105.536,-77.9722,18.765
"Pinocembrin",83,Done,9.11,-7.07425,"glide-grid_Ab3ANT_avrg",-7.07425,-0.957994,-0.0896239,-0,0,-55.9039,-21.4315,0.173554,-0.190269,-103.458,-77.3354,20.0007
"Pinocembrin",84,Done,12.156,-6.62525,"glide-grid_Ab3ANT_avrg",-6.62525,-0.826865,-0.0956455,-0,-0.53,-34.8122,-23.345,0.121488,-0.0518717,-91.9732,-58.1572,6.85257
"Pinocembrin",85,Done,10.562,-6.07996,"glide-grid_Ab3ANT_avrg",-6.07996,-0.56484,-0.2,-0,0,-47.2537,-20.5734,0.173554,-0.0399808,-92.8702,-67.8271,13.2916
"Pinocembrin",86,Done,11.375,-6.15681,"glide-grid_Ab3ANT_avrg",-6.15681,-0.24275,-0.1859,-0,0,-55.6835,-19.0879,0.173554,-0.254353,-111.96,-74.7714,5.1379
"Pinocembrin",87,Done,7.704,-6.48936,"glide-grid_Ab3ANT_avrg",-6.48936,-0.736274,-0.141354,-0,-0.0705357,-61.4723,-16.3082,0.173554,-0.194909,-109.012,-77.7804,3.17486
"Pinocembrin",88,Done,9.625,-6.41272,"glide-grid_Ab3ANT_avrg",-6.41272,-0.298455,-0.175027,-0,0,-57.6488,-19.671,0.173554,-0.279699,-117.025,-77.3198,5.02261
"Pinocembrin",89,Done,8.25,-6.71822,"glide-grid_Ab3ANT_avrg",-6.71822,-0.493216,-0.0542871,-0,0,-44.1559,-30.9081,0.121488,-0.0844087,-108.529,-75.0641,9.34473
"Pinocembrin",90,Done,9.468,-7.15077,"glide-grid_Ab3ANT_avrg",-7.15077,-0.919573,-0.0874835,-0,0,-55.6229,-22.3493,0.173554,-0.183723,-105.536,-77.9722,18.765
"Pinocembrin",91,Done,10.032,-7.07425,"glide-grid_Ab3ANT_avrg",-7.07425,-0.957994,-0.0896239,-0,0,-55.9039,-21.4315,0.173554,-0.190269,-103.458,-77.3354,20.0007
"Pinocembrin",92,Done,11.015,-6.62525,"glide-grid_Ab3ANT_avrg",-6.62525,-0.826865,-0.0956455,-0,-0.53,-34.8122,-23.345,0.121488,-0.0518717,-91.9732,-58.1572,6.85257
"Pinocembrin",93,Done,10.578,-6.07996,"glide-grid_Ab3ANT_avrg",-6.07996,-0.56484,-0.2,-0,0,-47.2537,-20.5734,0.173554,-0.0399808,-92.8702,-67.8271,13.2916
"Pinocembrin",94,Done,11.172,-6.15681,"glide-grid_Ab3ANT_avrg",-6.15681,-0.24275,-0.1859,-0,0,-55.6835,-19.0879,0.173554,-0.254353,-111.96,-74.7714,5.1379
"Pinocembrin",95,Done,7.297,-6.48936,"glide-grid_Ab3ANT_avrg",-6.48936,-0.736274,-0.141354,-0,-0.0705357,-61.4723,-16.3082,0.173554,-0.194909,-109.012,-77.7804,3.17486
"Pinocembrin",96,Done,9.562,-6.41272,"glide-grid_Ab3ANT_avrg",-6.41272,-0.298455,-0.175027,-0,0,-57.6488,-19.671,0.173554,-0.279699,-117.025,-77.3198,5.02261
"Pinocembrin",97,Done,8.906,-5.77408,"glide-grid_Ab3ANT_avrg",-5.77408,-0.187094,-0.187441,-0,0,-49.6536,-19.356,0.173554,-0.187018,-97.6595,-69.0096,7.20893
"Pinocembrin",98,Done,9.344,-7.15077,"glide-grid_Ab3ANT_avrg",-7.15077,-0.919573,-0.0874835,-0,0,-55.6229,-22.3493,0.173554,-0.183723,-105.536,-77.9722,18.765
"Pinocembrin",99,Done,9.719,-7.07425,"glide-grid_Ab3ANT_avrg",-7.07425,-0.957994,-0.0896239,-0,0,-55.9039,-21.4315,0.173554,-0.190269,-103.458,-77.3354,20.0007
"Pinocembrin",100,Done,10.765,-6.62525,"glide-grid_Ab3ANT_avrg",-6.62525,-0.826865,-0.0956455,-0,-0.53,-34.8122,-23.345,0.121488,-0.0518717,-91.9732,-58.1572,6.85257
"Pinocembrin",101,Done,9.938,-6.07996,"glide-grid_Ab3ANT_avrg",-6.07996,-0.56484,-0.2,-0,0,-47.2537,-20.5734,0.173554,-0.0399808,-92.8702,-67.8271,13.2916
"Pinocembrin",102,Done,11.156,-6.15681,"glide-grid_Ab3ANT_avrg",-6.15681,-0.24275,-0.1859,-0,0,-55.6835,-19.0879,0.173554,-0.254353,-111.96,-74.7714,5.1379
"Pinocembrin",103,Done,7.312,-6.48936,"glide-grid_Ab3ANT_avrg",-6.48936,-0.736274,-0.141354,-0,-0.0705357,-61.4723,-16.3082,0.173554,-0.194909,-109.012,-77.7804,3.17486
"Pinocembrin",104,Done,9.109,-6.41272,"glide-grid_Ab3ANT_avrg",-6.41272,-0.298455,-0.175027,-0,0,-57.6488,-19.671,0.173554,-0.279699,-117.025,-77.3198,5.02261
"Pinocembrin",105,Done,8.157,-6.71822,"glide-grid_Ab3ANT_avrg",-6.71822,-0.493216,-0.0542871,-0,0,-44.1559,-30.9081,0.121488,-0.0844087,-108.529,-75.0641,9.34473
"Pinocembrin",106,Done,8.453,-7.15077,"glide-grid_Ab3ANT_avrg",-7.15077,-0.919573,-0.0874835,-0,0,-55.6229,-22.3493,0.173554,-0.183723,-105.536,-77.9722,18.765
"Pinocembrin",107,Done,9.281,-7.07425,"glide-grid_Ab3ANT_avrg",-7.07425,-0.957994,-0.0896239,-0,0,-55.9039,-21.4315,0.173554,-0.190269,-103.458,-77.3354,20.0007
"Pinocembrin",108,Done,10.734,-6.62525,"glide-grid_Ab3ANT_avrg",-6.62525,-0.826865,-0.0956455,-0,-0.53,-34.8122,-23.345,0.121488,-0.0518717,-91.9732,-58.1572,6.85257
"Pinocembrin",109,Done,9.547,-6.07996,"glide-grid_Ab3ANT_avrg",-6.07996,-0.56484,-0.2,-0,0,-47.2537,-20.5734,0.173554,-0.0399808,-92.8702,-67.8271,13.2916
"Tectorigenin-Xylosyl-Glucoside",110,Done,13.844,-5.90475,"glide-grid_Ab3ANT_avrg",-5.90475,-0.605161,-0.104779,-0,0,-40.4375,-22.1098,0.243849,-0.100309,-84.778,-62.5473,13.1189
"Vitexin-4''-O-glucoside",111,Done,9.625,-6.0072,"glide-grid_Ab3ANT_avrg",-6.038,-0.560775,0,-0,0,-33.7,-27.4403,0.243849,-0.0360776,-87.7417,-61.1403,11.4703
"Vitexin-4''-O-glucoside",112,Done,9.453,-6.0072,"glide-grid_Ab3ANT_avrg",-6.038,-0.560775,0,-0,0,-33.7,-27.4403,0.243849,-0.0360776,-87.7417,-61.1403,11.4703
"Callistephin (chloride)",113,Done,4.078,-6.17029,"glide-grid_Ab3ANT_avrg",-6.25519,-0.223014,-0.16,-0,-0.67919,-28.5915,-31.0772,0.296762,-0.0601752,-91.8234,-59.6687,7.9544
"Callistephin (chloride)",114,Done,3.625,-6.17029,"glide-grid_Ab3ANT_avrg",-6.25519,-0.223014,-0.16,-0,-0.67919,-28.5915,-31.0772,0.296762,-0.0601752,-91.8234,-59.6687,7.9544
"Callistephin (chloride)",115,Done,3.781,-6.17029,"glide-grid_Ab3ANT_avrg",-6.25519,-0.223014,-0.16,-0,-0.67919,-28.5915,-31.0772,0.296762,-0.0601752,-91.8234,-59.6687,7.9544
"Luteolin 7-diglucuronide",116,Done,6.938,-6.29283,"glide-grid_Ab3ANT_avrg",-6.29283,-0.127427,-0.274274,-0,0,-35.834,-28.3351,0.118681,-0.21811,-94.7253,-64.1691,11.9902
"Iristectorin B",117,Done,5.359,-5.94212,"glide-grid_Ab3ANT_avrg",-5.94212,-1.04017,-0.0475216,-0,-0.0516173,-35.4699,-21.7682,0.335927,-0.1,-76.6689,-57.2381,13.6315
"Iristectorin A",118,Done,5.359,-6.08635,"glide-grid_Ab3ANT_avrg",-6.08635,-1.00706,-0.0203575,-0,-0.0516173,-31.9482,-24.3055,0.335927,-0.1,-79.7341,-56.2537,8.5595
"Tectoridin",119,Done,5.266,-4.82657,"glide-grid_Ab3ANT_avrg",-4.82657,-0.743812,-0.0997225,-0,-0.25634,-34.6997,-15.7371,0.37684,-0.00798062,-65.2847,-50.4368,6.07878
"Iridin",120,Done,6.156,-5.87232,"glide-grid_Ab3ANT_avrg",-5.87232,-0.770248,-0.0816676,-0,0,-32.475,-23.9867,0.301348,-0.1,-79.9426,-56.4617,7.60925
"Eriodictyol-7-O-glucoside",121,Done,5.078,-6.32063,"glide-grid_Ab3ANT_avrg",-6.32063,-0.589065,-0.294983,-0,-0.338231,-27.6042,-26.6264,0.395332,-0.119519,-78.974,-54.2306,4.77736
"Epimedoside A",122,Done,26.204,-6.01824,"glide-grid_Ab3ANT_avrg",-6.01824,-0.288917,-0.16,-0,0,-33.0871,-35.1245,0.161109,-0.076072,-94.8826,-68.2117,14.0961
"Clerodendrin",123,Done,6.14,-6.40857,"glide-grid_Ab3ANT_avrg",-6.40857,-0.0165568,-0.552601,-0,-0.53,-24.1286,-30.1475,0.0993874,-0.202368,-87.226,-54.2761,4.76111
"Kuromanin (chloride)",124,Done,4.047,-6.16923,"glide-grid_Ab3ANT_avrg",-6.25403,-0.257593,-0.16,-0,-0.570103,-29.6681,-31.1829,0.277862,-0.0607894,-94.0277,-60.851,7.72859
"Kuromanin (chloride)",125,Done,3.875,-6.16923,"glide-grid_Ab3ANT_avrg",-6.25403,-0.257593,-0.16,-0,-0.570103,-29.6681,-31.1829,0.277862,-0.0607894,-94.0277,-60.851,7.72859
"Kuromanin (chloride)",126,Done,3.844,-6.16923,"glide-grid_Ab3ANT_avrg",-6.25403,-0.257593,-0.16,-0,-0.570103,-29.6681,-31.1829,0.277862,-0.0607894,-94.0277,-60.851,7.72859
"Eriocitrin",127,Done,14.375,-6.08378,"glide-grid_Ab3ANT_avrg",-6.08378,-0.00865885,-0.32,-0,-0.604368,-25.4513,-39.497,0.239944,-0.118139,-92.7893,-64.9483,14.6022
"Baicalin",128,Done,2.203,-6.12748,"glide-grid_Ab3ANT_avrg",-6.12748,-1.44847,-0.266868,-0,-0.372593,-29.5027,-18.2236,0.302625,-0.133496,-73.2913,-47.7263,4.61601
