i_qp_HumanOralAbsorption,i_qp_RuleOfThree,s_sd_PUBCHEM\_MMFF94\_PARTIAL\_CHARGES,s_m_title,i_f3d_flags,r_sd_PUBCHEM\_EXACT\_MASS,r_qp_PISA,i_sd_PUBCHEM\_TOTAL\_CHARGE,i_epik_Tot_Q,r_qp_WPSA,s_i_glide_gridfile,r_i_glide_lipo,s_sd_PUBCHEM\_IUPAC\_SYSTEMATIC\_NAME,i_i_glide_posenum,r_qp_glob,r_qp_QPlogPoct,r_qp_dip^2/V,r_i_glide_metal,i_qp_#metab,r_i_glide_ecoul,r_sd_PUBCHEM\_MONOISOTOPIC\_WEIGHT,i_qp_#ringatoms,s_vsw_variant,r_qp_donorHB,i_sd_PUBCHEM\_COMPOUND\_CID,i_qp_#rotor,r_qp_ACxDN^.5/SA,b_sd_chiral_flag,i_qp_#stars,r_sd_PUBCHEM\_XLOGP3\_AA,r_qp_volume,i_m_ct_format,i_sd_PUBCHEM\_HEAVY\_ATOM\_COUNT,r_i_glide_einternal,s_sd_PUBCHEM\_IUPAC\_NAME\_MARKUP,r_i_glide_esite,s_sd_PUBCHEM\_IUPAC\_NAME,r_qp_IP(eV),r_qp_QPlogPw,r_qp_QPlogBB,i_sd_PUBCHEM\_COMPONENT\_COUNT,r_epik_Charging_Adjusted_Penalty,i_qp_#NandO,i_qp_#rtvFG,r_i_glide_ligand_efficiency_sa,r_qp_Jm,s_m_entry_name,s_m_source_file,i_qp_#in56,r_qp_QPPMDCK,i_qp_#noncon,r_qp_QPlogHERG,s_lp_label,r_qp_dipole,i_sd_PUBCHEM\_CACTVS\_HBOND\_ACCEPTOR,r_sd_PUBCHEM\_SHAPE\_VOLUME,i_sd_PUBCHEM\_CACTVS\_TAUTO\_COUNT,s_sd_PUBCHEM\_COORDINATE\_TYPE,i_sd_PUBCHEM\_CACTVS\_HBOND\_DONOR,r_epik_Ionization_Penalty_Charging,r_sd_PUBCHEM\_MMFF94\_ENERGY,s_sd_PUBCHEM\_SHAPE\_MULTIPOLES,r_epik_Ionization_Penalty_Neutral,r_i_glide_hbond,r_qp_SAamideO,s_sd_PUBCHEM\_CACTVS\_SUBSKEYS,i_sd_PUBCHEM\_BOND\_UDEF\_STEREO\_COUNT,i_sd_PUBCHEM\_ATOM\_UDEF\_STEREO\_COUNT,r_sd_PUBCHEM\_MOLECULAR\_WEIGHT,s_sd_PUBCHEM\_BONDANNOTATIONS,r_qp_mol_MW,s_sd_PUBCHEM\_IUPAC\_OPENEYE\_NAME,s_sd_PUBCHEM\_IUPAC\_INCHIKEY,s_lp_Variant,r_qp_QPlogS,i_i_glide_confnum,i_m_ct_stereo_status,r_qp_FISA,r_i_glide_ligand_efficiency_ln,r_i_glide_emodel,s_m_Source_Path,s_sd_PUBCHEM\_IUPAC\_INCHI,r_i_glide_energy,r_qp_CIQPlogS,i_qp_#amide,r_qp_FOSA,r_qp_QPlogKhsa,r_sd_PUBCHEM\_SHAPE\_SELFOVERLAP,r_qp_SASA,r_qp_PercentHumanOralAbsorption,r_i_glide_ligand_efficiency,r_qp_EA(eV),s_sd_PUBCHEM\_OPENEYE\_CAN\_SMILES,r_qp_QPpolrz,i_sd_PUBCHEM\_COMPOUND\_CANONICALIZED,r_epik_Ionization_Penalty,r_i_glide_evdw,b_lp_Chiralities_Consistent,r_sd_PUBCHEM\_CONFORMER\_RMSD,r_qp_QPlogKp,r_qp_SAfluorine,s_epik_input,s_m_entry_id,i_qp_#acid,s_lp_Force_Field,s_epik_Chemistry_Notes,r_i_glide_rewards,i_sd_PUBCHEM\_ATOM\_DEF\_STEREO\_COUNT,i_sd_PUBCHEM\_CACTVS\_TPSA,i_lp_mmshare_version,i_m_source_file_index,s_sd_PUBCHEM\_IUPAC\_TRADITIONAL\_NAME,i_sd_PUBCHEM\_CACTVS\_COMPLEXITY,s_sd_PUBCHEM\_OPENEYE\_ISO\_SMILES,r_sd_PUBCHEM\_FEATURE\_SELFOVERLAP,s_sd_PUBCHEM\_CONFORMER\_DIVERSEORDER,i_sd_PUBCHEM\_ISOTOPIC\_ATOM\_COUNT,r_qp_QPPCaco,i_sd_PUBCHEM\_BOND\_DEF\_STEREO\_COUNT,i_sd_PUBCHEM\_CACTVS\_ROTATABLE\_BOND,r_qp_PSA,i_qp_#nonHatm,i_sd_version,i_sd_PUBCHEM\_EFFECTIVE\_ROTOR\_COUNT,s_sd_PUBCHEM\_CONFORMER\_ID,i_i_glide_lignum,r_sd_PUBCHEM\_EFFECTIVE\_ROTOR\_COUNT,s_sd_PUBCHEM\_MOLECULAR\_FORMULA,s_epik_cmdline,s_sd_PUBCHEM\_IUPAC\_CAS\_NAME,r_qp_QPlogPo/w,s_sd_PUBCHEM\_SHAPE\_FINGERPRINT,i_qp_RuleOfFive,s_sd_PUBCHEM\_PHARMACOPHORE\_FEATURES,i_qp_CNS,r_i_docking_score,s_vsw_compound_code,i_qp_#in34,i_sd_PUBCHEM\_CONFORMER\_DIVERSEORDER,r_i_glide_eff_state_penalty,i_qp_#amine,i_i_glide_rotatable_bonds,r_qp_accptHB,r_i_glide_gscore,r_qp_QPlogPC16,r_i_glide_erotb,s_m_Source_File,r_epik_State_Penalty,i_qp_#amidine,r_lp_Energy,i_m_ct_enhanced_stereo_status,i_m_Source_File_Index,i_epik_Tot_abs_Q,r_lp_tautomer_probability
2,2,"32
1 -0.36
10 0.14
11 -0.14
12 -0.14
13 0.08
14 0.08
15 -0.15
16 -0.15
17 -0.15
18 -0.15
19 0.08
2 -0.68
20 0.08
21 0.08
22 0.08
27 0.15
28 0.15
29 0.15
3 -0.53
30 0.4
31 0.15
32 0.45
33 0.45
34 0.45
35 0.45
36 0.45
4 -0.53
5 -0.53
6 -0.53
7 -0.53
8 0.28
9 0.42",(-)-Gallocatechin,0,,174.849,,0,0.0,glide-grid_Sa3ANT_avrg,-0.610790989926184,,264,0.858965,21.56,0.0042984,-0.0,8,-22.1938228607178,,16,1424-1,6.0,9882981,6,0.0290738,1,0,,893.644,2,22,6.12160778045654,,0.0,,8.93,17.686,-2.387,1,0.0,7,0,-0.961039379618299,0.00307913777872864,(-)-Gallocatechin.1,vsw_flavonoids-LIGPREP-001-in.maegz,16,6.82,3,-4.648,1424_sdstereoexpander_1_neutralizer_1_epik_1_stereoizer_1,1.96,,219.7,99,"2
5
10",,0.0,62.9015,"411.66
11.36
2.08
1.28
1.8
0.41
-0.13
-4.43
0.32
-2.93
-0.18
2.37
-0.23
1.03",0.0119,-0.606045072419939,0.0,,0,0,,,306.271,,,(-)-Gallocatechin-1,-2.389,1,1,286.536,-1.84440228582949,-73.5401304565849,C:\Users\Ikech\Desktop\HY-L068_HTVS_Lib,,-49.7061882019043,-3.446,0,60.971,-0.549,910.183,522.355,35.806,-0.342978547836343,0.082,,27.427,,0.0119,-27.5123653411865,1,0.6,-5.608,0.0,W09IXWMxW2NIXWMoW09IXSlbY0hdYyhjMTIpT1tDQEhdKFtDQEhdKFtPSF0pW0NIMl0yKWMzW2NIXWMoW09IXSljKFtPSF0pYyhbT0hdKVtjSF0z,1424,0,OPLS_2005,,-1.82090368181818,2,,56135,1424,,,,55.863,"1
3
4
6
5
2",0,18.997,0,,137.129,22,0,,0096CD6500000001,125,1.8,,J2VwaWtfcHl0aG9uJywgJy1waCcsICc3LjAwMDAwMCcsICctcGh0JywgJzAuMjAwMDAwJywgJy1tcycsICcxNicsICctdG4nLCAnOCcsICctbWEnLCAnMjAwJywgJy1pbWFlJywgJzxpbmZpbGUubWFlPicsICctb21hZScsICc8b3V0ZmlsZS5tYWU+Jw==,,-0.182,"10912923 1 17275103950628411258
11471102 20 18412539938255251852
11552529 35 17843407529503783171
11595378 159 16558758892338043931
11796584 16 17095797733771038418
12107183 9 17555190055237968419
12236239 1 17418097645908467945
12553582 1 18271814514362688742
12596602 18 16773789342089943402
12623949 98 17539163896291368779
12633257 1 16128661829389245883
13134695 92 18343018925753184201
13140716 1 17982726678361492176
13533116 47 18202563990337122163
13544653 18 18410015416254705908
13760787 5 18273493476838978676
14252887 29 18409169930773626576
14386348 63 18186240653717198811
14573314 32 17967246486053742647
15196674 1 18341049627508059560
15375358 24 18187076273795516816
15375462 189 17917993888705487104
15788980 27 18202561756974980293
15961568 22 16298955384928206564
17349148 13 17418092148234382351
17357779 13 18335693927675298453
17844677 252 18411423890528775588
17870717 6 17240770553764615379
1813 80 18130522854740557692
18222031 100 17846492617480953734
193927 3 18338526218679600774
200 152 18273492364748358405
20645477 70 18410006633183911014
21033648 29 18261379079510592061
21033650 10 15792294757338998988
21065201 7 16950561077724869554
21267235 1 18342745087850376550
23175994 123 18333455348182283173
23557571 272 17458057183642786141
23559900 14 17676203538047560822
239999 70 18040154037593813850
26918003 58 18187080650636184474
2871803 45 18334292025001709242
312423 11 18270131110737337764
314194 84 18273209811423990566
345986 75 17774439378682399618
34797466 226 17168154459005652190
46194498 28 17676769898062616957
474 4 17414979533927545240
5104073 3 18270676442803424944
5283173 99 18042113276572201725
573450 72 16486975089865189571
602551 16 16660926685322284362
77492 1 17346604114167892873
9709674 26 18335700516318452612",1,"11
1 1 acceptor
1 2 acceptor
1 2 donor
1 3 donor
1 4 donor
1 5 donor
1 6 donor
1 7 donor
6 1 8 9 10 11 13 rings
6 11 13 14 15 18 19 rings
6 12 16 17 20 21 22 rings",-2,-7.54552805239955,1424,0,,-0.0,0,7,6.2,-7.54552805239955,11.116,0.196903387931746,ligprep_Sarah_79-out.maegz,-0.0,0,14.349947,2,141,0,1.0
2,2,"32
1 -0.36
10 0.14
11 -0.14
12 -0.14
13 0.08
14 0.08
15 -0.15
16 -0.15
17 -0.15
18 -0.15
19 0.08
2 -0.68
20 0.08
21 0.08
22 0.08
27 0.15
28 0.15
29 0.15
3 -0.53
30 0.4
31 0.15
32 0.45
33 0.45
34 0.45
35 0.45
36 0.45
4 -0.53
5 -0.53
6 -0.53
7 -0.53
8 0.28
9 0.42",(-)-Gallocatechin,0,,174.849,,0,0.0,glide-grid_Sa3ANT_avrg,-0.610790989926184,,264,0.858965,21.56,0.004298,-0.0,8,-22.1938228607178,,16,1425-1,6.0,9882981,6,0.0290738,1,0,,893.644,2,22,6.12160778045654,,0.0,,8.93,17.686,-2.387,1,0.0,7,0,-0.961039379618299,0.00307913777872864,(-)-Gallocatechin.1,vsw_flavonoids-LIGPREP-001-in.maegz,16,6.82,3,-4.648,1425_sdstereoexpander_1_neutralizer_1_epik_1_stereoizer_1,1.96,,219.7,99,"2
5
10",,0.0,62.9015,"411.66
11.36
2.08
1.28
1.8
0.41
-0.13
-4.43
0.32
-2.93
-0.18
2.37
-0.23
1.03",0.0119,-0.606045072419939,0.0,,0,0,,,306.271,,,(-)-Gallocatechin-1,-2.389,1,1,286.536,-1.84440228582949,-73.5401304565849,C:\Users\Ikech\Desktop\HY-L068_HTVS_Lib,,-49.7061882019043,-3.446,0,60.971,-0.549,910.183,522.355,35.806,-0.342978547836343,0.082,,27.427,,0.0119,-27.5123653411865,1,0.6,-5.608,0.0,W09IXWMxW2NIXWMoW09IXSlbY0hdYyhjMTIpT1tDQEhdKFtDQEhdKFtPSF0pW0NIMl0yKWMzW2NIXWMoW09IXSljKFtPSF0pYyhbT0hdKVtjSF0z,1425,0,OPLS_2005,,-1.82090368181818,2,,56135,1425,,,,55.863,"1
3
4
6
5
2",0,18.997,0,,137.129,22,0,,0096CD6500000001,126,1.8,,J2VwaWtfcHl0aG9uJywgJy1waCcsICc3LjAwMDAwMCcsICctcGh0JywgJzAuMjAwMDAwJywgJy1tcycsICcxNicsICctdG4nLCAnOCcsICctbWEnLCAnMjAwJywgJy1pbWFlJywgJzxpbmZpbGUubWFlPicsICctb21hZScsICc8b3V0ZmlsZS5tYWU+Jw==,,-0.182,"10912923 1 17275103950628411258
11471102 20 18412539938255251852
11552529 35 17843407529503783171
11595378 159 16558758892338043931
11796584 16 17095797733771038418
12107183 9 17555190055237968419
12236239 1 17418097645908467945
12553582 1 18271814514362688742
12596602 18 16773789342089943402
12623949 98 17539163896291368779
12633257 1 16128661829389245883
13134695 92 18343018925753184201
13140716 1 17982726678361492176
13533116 47 18202563990337122163
13544653 18 18410015416254705908
13760787 5 18273493476838978676
14252887 29 18409169930773626576
14386348 63 18186240653717198811
14573314 32 17967246486053742647
15196674 1 18341049627508059560
15375358 24 18187076273795516816
15375462 189 17917993888705487104
15788980 27 18202561756974980293
15961568 22 16298955384928206564
17349148 13 17418092148234382351
17357779 13 18335693927675298453
17844677 252 18411423890528775588
17870717 6 17240770553764615379
1813 80 18130522854740557692
18222031 100 17846492617480953734
193927 3 18338526218679600774
200 152 18273492364748358405
20645477 70 18410006633183911014
21033648 29 18261379079510592061
21033650 10 15792294757338998988
21065201 7 16950561077724869554
21267235 1 18342745087850376550
23175994 123 18333455348182283173
23557571 272 17458057183642786141
23559900 14 17676203538047560822
239999 70 18040154037593813850
26918003 58 18187080650636184474
2871803 45 18334292025001709242
312423 11 18270131110737337764
314194 84 18273209811423990566
345986 75 17774439378682399618
34797466 226 17168154459005652190
46194498 28 17676769898062616957
474 4 17414979533927545240
5104073 3 18270676442803424944
5283173 99 18042113276572201725
573450 72 16486975089865189571
602551 16 16660926685322284362
77492 1 17346604114167892873
9709674 26 18335700516318452612",1,"11
1 1 acceptor
1 2 acceptor
1 2 donor
1 3 donor
1 4 donor
1 5 donor
1 6 donor
1 7 donor
6 1 8 9 10 11 13 rings
6 11 13 14 15 18 19 rings
6 12 16 17 20 21 22 rings",-2,-7.54552805239955,1425,0,,-0.0,0,7,6.2,-7.54552805239955,11.116,0.196903387931746,ligprep_Sarah_79-out.maegz,-0.0,0,14.349947,2,142,0,1.0
,,"33
1 -0.87
10 0.92
11 0.09
12 0.09
13 -0.18
14 0.08
15 -0.15
16 -0.15
17 -0.15
18 0.08
19 -0.15
2 -0.53
20 0.08
21 0.08
22 0.08
23 0.15
24 0.15
25 0.15
26 0.15
27 0.15
28 0.45
29 0.45
3 -0.53
30 0.45
31 0.45
32 0.45
33 0.45
4 -0.53
5 -0.53
6 -0.53
7 -0.53
8 0.03
9 0.85",Delphinidin (chloride),0,,,,1,,glide-grid_Sa3ANT_avrg,-0.492919186308911,,160,,,,-0.0,,-26.7630748748779,,,1224-1,,128853,,,0,,,,2,22,2.76656150817871,,0.0,,,,,1,0.0992362377208767,,,-0.940498586298427,,Conformer3D_COMPOUND_CID_128853.1,vsw_flavonoids-LIGPREP-001-in.maegz,,,,,1224_sdstereoexpander_1_neutralizer_1_epik_1_stereoizer_1,,,216.1,618,"2
5
10",,0.0,68.5174,"411.66
11.65
1.97
1.29
1.56
0.49
0.03
-4.26
0.12
-3.1
-0.03
2.66
-0.22
-0.03",0.1354,-0.472985272859208,,,0,0,,,,,,Delphinidin (chloride)-1,,2,1,,-1.80498091876025,-84.4226734105385,C:\Users\Ikech\Desktop\HY-L068_HTVS_Lib,,-53.0886573791504,,,,,920.248,,,-0.335647889370449,,,,,0.1354,-26.3255825042725,1,0.6,,,W09IXWMxW2NIXWMoW09IXSlbY0hdYyhjMTIpW28rXWMoYyhbT0hdKVtjSF0yKS1jM1tjSF1jKFtPSF0pYyhbT0hdKWMoW09IXSlbY0hdMw==,1224,,OPLS_2005,,-1.34152063636364,0,,56135,1224,,,,45.714,,0,,0,,,,0,1,0001F75500000001,113,,,J2VwaWtfcHl0aG9uJywgJy1waCcsICc3LjAwMDAwMCcsICctcGh0JywgJzAuMjAwMDAwJywgJy1tcycsICcxNicsICctdG4nLCAnOCcsICctbWEnLCAnMjAwJywgJy1pbWFlJywgJzxpbmZpbGUubWFlPicsICctb21hZScsICc8b3V0ZmlsZS5tYWU+Jw==,,,"10912923 1 17632578270583619322
11471102 20 18409165541327618772
11796584 16 16588576518629384290
12107183 9 17554344522190423851
12236239 1 17846782931679648777
12553582 1 18413394228635423014
12616971 3 18131071515158313246
12633257 1 16630531717233204777
12670546 56 17489585679516398313
13134695 92 18412542145367756357
13140716 1 18051693549519291040
13533116 47 18272368689276054667
13544653 18 18408045091396697228
13760787 5 18413951693672910356
14386348 63 17894351098720941843
14573314 32 17530961367295163143
14739800 52 16127794409758060616
15196674 1 18410575050425082096
15375462 189 18131072640756308184
15788980 27 18342736299677135527
15961568 22 15719963556825656428
17349148 13 17704070728819961831
17357779 13 18260539013661042661
17844677 252 18408327661426642117
1813 80 18271822189274314996
18186145 218 17386006143708841344
18785283 64 17607539216823192636
193927 3 18263653879111459306
200 152 18342171155006001249
20645477 70 18335134289431630406
21033648 29 18040984172746103157
21065201 7 16370722625721965306
21267235 1 18412269407008289654
221357 26 18261381244479947965
2297311 6 16370733621508253195
23175994 123 18114185241781418981
23402539 116 18342174423449850227
23557571 272 16950558891555010684
23559900 14 16950838112117067082
26918003 58 18113337513778421130
2871803 45 18187364294782467138
312423 11 18338811005065319756
314194 84 18343298184479031110
345986 75 18059289847500360906
34797466 226 16805333209693842942
46194498 28 17459187542020847477
465052 167 18343025501221371286
474 4 17771613835499545416
5104073 3 18267582408661792280
5281201 14 17749108889598896188
5283173 99 17968647208112712501
573450 72 16989126452575043919
602551 16 15338829915082085052
7064713 232 16917065529790093734
77492 1 17703794760128435337",,"9
1 2 donor
1 3 donor
1 4 donor
1 5 donor
1 6 donor
1 7 donor
6 1 8 9 10 12 13 rings
6 11 16 17 20 21 22 rings
6 8 10 14 15 18 19 rings",,-7.38425356614988,1224,,1,0.0992,,7,,-7.48345356614988,,0.140250654595494,ligprep_Rea-out.maegz,0.0992,,21.547053,2,7,1,0.999999999957461
,,"33
1 -0.87
10 0.92
11 0.09
12 0.09
13 -0.18
14 0.08
15 -0.15
16 -0.15
17 -0.15
18 0.08
19 -0.15
2 -0.53
20 0.08
21 0.08
22 0.08
23 0.15
24 0.15
25 0.15
26 0.15
27 0.15
28 0.45
29 0.45
3 -0.53
30 0.45
31 0.45
32 0.45
33 0.45
4 -0.53
5 -0.53
6 -0.53
7 -0.53
8 0.03
9 0.85",Delphinidin (chloride),0,,,,1,,glide-grid_Sa3ANT_avrg,-0.492919186308911,,160,,,,-0.0,,-26.7630748748779,,,1225-1,,128853,,,0,,,,2,22,2.76656150817871,,0.0,,,,,1,0.0992362377208767,,,-0.940498586298427,,Conformer3D_COMPOUND_CID_128853.1,vsw_flavonoids-LIGPREP-001-in.maegz,,,,,1225_sdstereoexpander_1_neutralizer_1_epik_1_stereoizer_1,,,216.1,618,"2
5
10",,0.0,68.5174,"411.66
11.65
1.97
1.29
1.56
0.49
0.03
-4.26
0.12
-3.1
-0.03
2.66
-0.22
-0.03",0.1354,-0.472985272859208,,,0,0,,,,,,Delphinidin (chloride)-1,,2,1,,-1.80498091876025,-84.4226734105385,C:\Users\Ikech\Desktop\HY-L068_HTVS_Lib,,-53.0886573791504,,,,,920.248,,,-0.335647889370449,,,,,0.1354,-26.3255825042725,1,0.6,,,W09IXWMxW2NIXWMoW09IXSlbY0hdYyhjMTIpW28rXWMoYyhbT0hdKVtjSF0yKS1jM1tjSF1jKFtPSF0pYyhbT0hdKWMoW09IXSlbY0hdMw==,1225,,OPLS_2005,,-1.34152063636364,0,,56135,1225,,,,45.714,,0,,0,,,,0,1,0001F75500000001,114,,,J2VwaWtfcHl0aG9uJywgJy1waCcsICc3LjAwMDAwMCcsICctcGh0JywgJzAuMjAwMDAwJywgJy1tcycsICcxNicsICctdG4nLCAnOCcsICctbWEnLCAnMjAwJywgJy1pbWFlJywgJzxpbmZpbGUubWFlPicsICctb21hZScsICc8b3V0ZmlsZS5tYWU+Jw==,,,"10912923 1 17632578270583619322
11471102 20 18409165541327618772
11796584 16 16588576518629384290
12107183 9 17554344522190423851
12236239 1 17846782931679648777
12553582 1 18413394228635423014
12616971 3 18131071515158313246
12633257 1 16630531717233204777
12670546 56 17489585679516398313
13134695 92 18412542145367756357
13140716 1 18051693549519291040
13533116 47 18272368689276054667
13544653 18 18408045091396697228
13760787 5 18413951693672910356
14386348 63 17894351098720941843
14573314 32 17530961367295163143
14739800 52 16127794409758060616
15196674 1 18410575050425082096
15375462 189 18131072640756308184
15788980 27 18342736299677135527
15961568 22 15719963556825656428
17349148 13 17704070728819961831
17357779 13 18260539013661042661
17844677 252 18408327661426642117
1813 80 18271822189274314996
18186145 218 17386006143708841344
18785283 64 17607539216823192636
193927 3 18263653879111459306
200 152 18342171155006001249
20645477 70 18335134289431630406
21033648 29 18040984172746103157
21065201 7 16370722625721965306
21267235 1 18412269407008289654
221357 26 18261381244479947965
2297311 6 16370733621508253195
23175994 123 18114185241781418981
23402539 116 18342174423449850227
23557571 272 16950558891555010684
23559900 14 16950838112117067082
26918003 58 18113337513778421130
2871803 45 18187364294782467138
312423 11 18338811005065319756
314194 84 18343298184479031110
345986 75 18059289847500360906
34797466 226 16805333209693842942
46194498 28 17459187542020847477
465052 167 18343025501221371286
474 4 17771613835499545416
5104073 3 18267582408661792280
5281201 14 17749108889598896188
5283173 99 17968647208112712501
573450 72 16989126452575043919
602551 16 15338829915082085052
7064713 232 16917065529790093734
77492 1 17703794760128435337",,"9
1 2 donor
1 3 donor
1 4 donor
1 5 donor
1 6 donor
1 7 donor
6 1 8 9 10 12 13 rings
6 11 16 17 20 21 22 rings
6 8 10 14 15 18 19 rings",,-7.38425356614988,1225,,1,0.0992,,7,,-7.48345356614988,,0.140250654595494,ligprep_Rea-out.maegz,0.0992,,21.547053,2,8,1,0.999999999957461
,,"33
1 -0.87
10 0.92
11 0.09
12 0.09
13 -0.18
14 0.08
15 -0.15
16 -0.15
17 -0.15
18 0.08
19 -0.15
2 -0.53
20 0.08
21 0.08
22 0.08
23 0.15
24 0.15
25 0.15
26 0.15
27 0.15
28 0.45
29 0.45
3 -0.53
30 0.45
31 0.45
32 0.45
33 0.45
4 -0.53
5 -0.53
6 -0.53
7 -0.53
8 0.03
9 0.85",Delphinidin (chloride),0,,,,1,,glide-grid_Sa3ANT_avrg,-0.492919186308911,,160,,,,-0.0,,-26.7630748748779,,,1226-1,,128853,,,0,,,,2,22,2.76656150817871,,0.0,,,,,1,0.0992362377208767,,,-0.940498586298427,,Conformer3D_COMPOUND_CID_128853.1,vsw_flavonoids-LIGPREP-001-in.maegz,,,,,1226_sdstereoexpander_1_neutralizer_1_epik_1_stereoizer_1,,,216.1,618,"2
5
10",,0.0,68.5174,"411.66
11.65
1.97
1.29
1.56
0.49
0.03
-4.26
0.12
-3.1
-0.03
2.66
-0.22
-0.03",0.1354,-0.472985272859208,,,0,0,,,,,,Delphinidin (chloride)-1,,2,1,,-1.80498091876025,-84.4226734105385,C:\Users\Ikech\Desktop\HY-L068_HTVS_Lib,,-53.0886573791504,,,,,920.248,,,-0.335647889370449,,,,,0.1354,-26.3255825042725,1,0.6,,,W09IXWMxW2NIXWMoW09IXSlbY0hdYyhjMTIpW28rXWMoYyhbT0hdKVtjSF0yKS1jM1tjSF1jKFtPSF0pYyhbT0hdKWMoW09IXSlbY0hdMw==,1226,,OPLS_2005,,-1.34152063636364,0,,56135,1226,,,,45.714,,0,,0,,,,0,1,0001F75500000001,115,,,J2VwaWtfcHl0aG9uJywgJy1waCcsICc3LjAwMDAwMCcsICctcGh0JywgJzAuMjAwMDAwJywgJy1tcycsICcxNicsICctdG4nLCAnOCcsICctbWEnLCAnMjAwJywgJy1pbWFlJywgJzxpbmZpbGUubWFlPicsICctb21hZScsICc8b3V0ZmlsZS5tYWU+Jw==,,,"10912923 1 17632578270583619322
11471102 20 18409165541327618772
11796584 16 16588576518629384290
12107183 9 17554344522190423851
12236239 1 17846782931679648777
12553582 1 18413394228635423014
12616971 3 18131071515158313246
12633257 1 16630531717233204777
12670546 56 17489585679516398313
13134695 92 18412542145367756357
13140716 1 18051693549519291040
13533116 47 18272368689276054667
13544653 18 18408045091396697228
13760787 5 18413951693672910356
14386348 63 17894351098720941843
14573314 32 17530961367295163143
14739800 52 16127794409758060616
15196674 1 18410575050425082096
15375462 189 18131072640756308184
15788980 27 18342736299677135527
15961568 22 15719963556825656428
17349148 13 17704070728819961831
17357779 13 18260539013661042661
17844677 252 18408327661426642117
1813 80 18271822189274314996
18186145 218 17386006143708841344
18785283 64 17607539216823192636
193927 3 18263653879111459306
200 152 18342171155006001249
20645477 70 18335134289431630406
21033648 29 18040984172746103157
21065201 7 16370722625721965306
21267235 1 18412269407008289654
221357 26 18261381244479947965
2297311 6 16370733621508253195
23175994 123 18114185241781418981
23402539 116 18342174423449850227
23557571 272 16950558891555010684
23559900 14 16950838112117067082
26918003 58 18113337513778421130
2871803 45 18187364294782467138
312423 11 18338811005065319756
314194 84 18343298184479031110
345986 75 18059289847500360906
34797466 226 16805333209693842942
46194498 28 17459187542020847477
465052 167 18343025501221371286
474 4 17771613835499545416
5104073 3 18267582408661792280
5281201 14 17749108889598896188
5283173 99 17968647208112712501
573450 72 16989126452575043919
602551 16 15338829915082085052
7064713 232 16917065529790093734
77492 1 17703794760128435337",,"9
1 2 donor
1 3 donor
1 4 donor
1 5 donor
1 6 donor
1 7 donor
6 1 8 9 10 12 13 rings
6 11 16 17 20 21 22 rings
6 8 10 14 15 18 19 rings",,-7.38425356614988,1226,,1,0.0992,,7,,-7.48345356614988,,0.140250654595494,ligprep_Rea-out.maegz,0.0992,,21.547053,2,9,1,0.999999999957461
2,2,"32
1 -0.36
10 0.14
11 -0.14
12 -0.14
13 0.08
14 0.08
15 -0.15
16 -0.15
17 -0.15
18 -0.15
19 0.08
2 -0.68
20 0.08
21 0.08
22 0.08
27 0.15
28 0.15
29 0.15
3 -0.53
30 0.4
31 0.15
32 0.45
33 0.45
34 0.45
35 0.45
36 0.45
4 -0.53
5 -0.53
6 -0.53
7 -0.53
8 0.28
9 0.42",(-)-Epigallocatechin,0,,171.217,,0,0.0,glide-grid_Sa3ANT_avrg,-0.0508752056170075,,133,0.8619604,22.192,0.0523193,-0.0,8,-23.7518844604492,,16,1429-1,6.0,72277,6,0.0291886,1,0,,893.026,2,22,6.82907867431641,,0.0,,8.696,17.644,-2.353,1,0.0,7,0,-0.914073940382454,0.00344019730407372,(-)-Epigallocatechin.1,vsw_flavonoids-LIGPREP-001-in.maegz,16,7.119,3,-4.582,1429_sdstereoexpander_1_neutralizer_1_epik_1_stereoizer_1,6.835,,219.2,99,"2
5
10",,0.0,62.15,"411.66
11.52
2.11
1.11
2.72
0.34
-0.2
3.03
1.67
-1.69
-0.19
0.93
-0.1
-2.05",0.0119,-0.811200989498674,0.0,,0,0,,,306.271,,,(-)-Epigallocatechin-1,-2.362,6,1,284.719,-1.75426741173517,-70.2764544381202,C:\Users\Ikech\Desktop\HY-L068_HTVS_Lib,,-46.3103504180908,-3.446,0,64.364,-0.546,910.565,520.3,36.169,-0.326217384361435,-0.006,,27.367,,0.0119,-22.5584659576416,1,0.6,-5.588,0.0,W09IXWMxW2NIXWMoW09IXSlbY0hdYyhjMTIpT1tDQEBIXShbQ0BIXShbT0hdKVtDSDJdMiljM1tjSF1jKFtPSF0pYyhbT0hdKWMoW09IXSlbY0hdMw==,1429,0,OPLS_2005,,-1.82090368181818,2,,56135,1429,,,,55.865,"1
4
3
2
5",0,19.766,0,,136.897,22,0,,00011A5500000001,127,1.8,,J2VwaWtfcHl0aG9uJywgJy1waCcsICc3LjAwMDAwMCcsICctcGh0JywgJzAuMjAwMDAwJywgJy1tcycsICcxNicsICctdG4nLCAnOCcsICctbWEnLCAnMjAwJywgJy1pbWFlJywgJzxpbmZpbGUubWFlPicsICctb21hZScsICc8b3V0ZmlsZS5tYWU+Jw==,,-0.173,"10411042 1 17758111506688904970
10595046 47 18343300400581578405
10912923 1 18343301470023121209
11471102 20 18260546719359586654
12107183 9 17766001597095308283
12236239 1 18412544293436265111
12403259 415 17313098631456472287
12616971 3 18411136905346160423
13140716 1 18113902689058087170
13167823 11 18343018882671285415
13583140 156 15213293179297150660
13631057 29 18120651594456226759
14528608 73 18411982498523306020
14739800 52 17916851543812253256
15196674 1 18408604785627764575
15342168 16 17968385666152763884
15848702 151 18268430144379050390
17834072 33 18413105065435228527
18186145 218 17967813838580958470
200 152 18412821404620922439
20300324 65 18131070471966414189
204376 136 17749111127150308314
20612939 158 18334575733292744862
20645477 70 18334289856048876518
21033648 144 18114459045735380318
21033648 29 16660355974415693741
21033650 10 17630355024002934512
21065198 48 18342176665364737101
21267235 1 18340775857760667791
21709351 56 18337105649197214830
22079108 93 17967821569632744507
23402539 116 18059849571843535253
23402655 69 18339922714173285430
23557571 272 16845294890996084017
23559900 14 17058660555742545062
29717793 49 18201996599413734991
335352 9 18334297587696449550
34797466 226 16200151040451275576
4340502 62 17749118773009591331
474 4 18260833730132520812
5104073 3 18407760352112902074
573450 72 18131347479865874571
6034566 193 17100048651898534940
633830 44 18335425638295457518
67856867 119 18343011233793441128
7495541 125 17131824404348459339
8272917 22 18410858737758259006
9981440 41 17475222978425094904",1,"11
1 1 acceptor
1 2 acceptor
1 2 donor
1 3 donor
1 4 donor
1 5 donor
1 6 donor
1 7 donor
6 1 8 9 10 11 13 rings
6 11 13 14 15 18 19 rings
6 12 16 17 20 21 22 rings",-2,-7.17678245595158,1429,0,,-0.0,0,7,6.2,-7.17678245595158,11.086,0.196903387931746,ligprep_Sarah_79-out.maegz,-0.0,0,15.389059,2,146,0,1.0
2,2,"32
1 -0.36
10 0.14
11 -0.14
12 -0.14
13 0.08
14 0.08
15 -0.15
16 -0.15
17 -0.15
18 -0.15
19 0.08
2 -0.68
20 0.08
21 0.08
22 0.08
27 0.15
28 0.15
29 0.15
3 -0.53
30 0.4
31 0.15
32 0.45
33 0.45
34 0.45
35 0.45
36 0.45
4 -0.53
5 -0.53
6 -0.53
7 -0.53
8 0.28
9 0.42",(-)-Epigallocatechin,0,,171.217,,0,0.0,glide-grid_Sa3ANT_avrg,-0.0508752056170075,,133,0.8619604,22.192,0.0523202,-0.0,8,-23.7518844604492,,16,1430-1,6.0,72277,6,0.0291886,1,0,,893.026,2,22,6.82907867431641,,0.0,,8.696,17.644,-2.353,1,0.0,7,0,-0.914073940382454,0.00344019730407372,(-)-Epigallocatechin.1,vsw_flavonoids-LIGPREP-001-in.maegz,16,7.119,3,-4.582,1430_sdstereoexpander_1_neutralizer_1_epik_1_stereoizer_1,6.835,,219.2,99,"2
5
10",,0.0,62.15,"411.66
11.52
2.11
1.11
2.72
0.34
-0.2
3.03
1.67
-1.69
-0.19
0.93
-0.1
-2.05",0.0119,-0.811200989498674,0.0,,0,0,,,306.271,,,(-)-Epigallocatechin-1,-2.362,6,1,284.719,-1.75426741173517,-70.2764544381202,C:\Users\Ikech\Desktop\HY-L068_HTVS_Lib,,-46.3103504180908,-3.446,0,64.364,-0.546,910.565,520.3,36.169,-0.326217384361435,-0.006,,27.367,,0.0119,-22.5584659576416,1,0.6,-5.588,0.0,W09IXWMxW2NIXWMoW09IXSlbY0hdYyhjMTIpT1tDQEBIXShbQ0BIXShbT0hdKVtDSDJdMiljM1tjSF1jKFtPSF0pYyhbT0hdKWMoW09IXSlbY0hdMw==,1430,0,OPLS_2005,,-1.82090368181818,2,,56135,1430,,,,55.865,"1
4
3
2
5",0,19.766,0,,136.897,22,0,,00011A5500000001,128,1.8,,J2VwaWtfcHl0aG9uJywgJy1waCcsICc3LjAwMDAwMCcsICctcGh0JywgJzAuMjAwMDAwJywgJy1tcycsICcxNicsICctdG4nLCAnOCcsICctbWEnLCAnMjAwJywgJy1pbWFlJywgJzxpbmZpbGUubWFlPicsICctb21hZScsICc8b3V0ZmlsZS5tYWU+Jw==,,-0.173,"10411042 1 17758111506688904970
10595046 47 18343300400581578405
10912923 1 18343301470023121209
11471102 20 18260546719359586654
12107183 9 17766001597095308283
12236239 1 18412544293436265111
12403259 415 17313098631456472287
12616971 3 18411136905346160423
13140716 1 18113902689058087170
13167823 11 18343018882671285415
13583140 156 15213293179297150660
13631057 29 18120651594456226759
14528608 73 18411982498523306020
14739800 52 17916851543812253256
15196674 1 18408604785627764575
15342168 16 17968385666152763884
15848702 151 18268430144379050390
17834072 33 18413105065435228527
18186145 218 17967813838580958470
200 152 18412821404620922439
20300324 65 18131070471966414189
204376 136 17749111127150308314
20612939 158 18334575733292744862
20645477 70 18334289856048876518
21033648 144 18114459045735380318
21033648 29 16660355974415693741
21033650 10 17630355024002934512
21065198 48 18342176665364737101
21267235 1 18340775857760667791
21709351 56 18337105649197214830
22079108 93 17967821569632744507
23402539 116 18059849571843535253
23402655 69 18339922714173285430
23557571 272 16845294890996084017
23559900 14 17058660555742545062
29717793 49 18201996599413734991
335352 9 18334297587696449550
34797466 226 16200151040451275576
4340502 62 17749118773009591331
474 4 18260833730132520812
5104073 3 18407760352112902074
573450 72 18131347479865874571
6034566 193 17100048651898534940
633830 44 18335425638295457518
67856867 119 18343011233793441128
7495541 125 17131824404348459339
8272917 22 18410858737758259006
9981440 41 17475222978425094904",1,"11
1 1 acceptor
1 2 acceptor
1 2 donor
1 3 donor
1 4 donor
1 5 donor
1 6 donor
1 7 donor
6 1 8 9 10 11 13 rings
6 11 13 14 15 18 19 rings
6 12 16 17 20 21 22 rings",-2,-7.17678245595158,1430,0,,-0.0,0,7,6.2,-7.17678245595158,11.086,0.196903387931746,ligprep_Sarah_79-out.maegz,-0.0,0,15.389059,2,147,0,1.0
1,2,,Quercetin-3-O-Beta-D-Glucose-7-O-Beta-D-Gentiobioside,0,788.201123,127.117,0,0,0.0,glide-grid_Sa3ANT_avrg,-0.382641089728592,"2-[3,4-bis(oxidanyl)phenyl]-3-[(2R,3R,4S,5S,6R)-6-(hydroxymethyl)-3,4,5-tris(oxidanyl)oxan-2-yl]oxy-7-[(2S,3R,4S,5S,6R)-6-[[(2R,3R,4S,5S,6R)-6-(hydroxymethyl)-3,4,5-tris(oxidanyl)oxan-2-yl]oxymethyl]-3,4,5-tris(oxidanyl)oxan-2-yl]oxy-5-oxidanyl-chromen-4-one",359,0.783519,57.154,0.0330533,-0.0,14,-30.8659114837646,788.201123,34,227-1,13.0,75412557,23,0.1146273,1,13,-3.6,1961.642,2,55,22.8478012084961,"2-(3,4-dihydroxyphenyl)-5-hydroxy-3-[(2<I>R</I>,3<I>R</I>,4<I>S</I>,5<I>S</I>,6<I>R</I>)-3,4,5-trihydroxy-6-(hydroxymethyl)oxan-2-yl]oxy-7-[(2<I>S</I>,3<I>R</I>,4<I>S</I>,5<I>S</I>,6<I>R</I>)-3,4,5-trihydroxy-6-[[(2<I>R</I>,3<I>R</I>,4<I>S</I>,5<I>S</I>,6<I>R</I>)-3,4,5-trihydroxy-6-(hydroxymethyl)oxan-2-yl]oxymethyl]oxan-2-yl]oxychromen-4-one",-0.0736201783954831,"2-(3,4-dihydroxyphenyl)-5-hydroxy-3-[(2R,3R,4S,5S,6R)-3,4,5-trihydroxy-6-(hydroxymethyl)oxan-2-yl]oxy-7-[(2S,3R,4S,5S,6R)-3,4,5-trihydroxy-6-[[(2R,3R,4S,5S,6R)-3,4,5-trihydroxy-6-(hydroxymethyl)oxan-2-yl]oxymethyl]oxan-2-yl]oxychromen-4-one",9.11,50.946,-6.858,1,0.0,22,3,-0.489952813757945,7.11590852883019e-05,batch6_5.1,vsw_flavonoids-LIGPREP-001-in.maegz,34,0.012,15,-5.641,227_sdstereoexpander_1_neutralizer_1_epik_1_stereoizer_1,8.052,22,,-1,"1
5
255",14,0.0,,,0.0067,-0.701786445278079,0.0,AAADcfB8PgAAAAAAAAAAAAAAAAAAAAAAAAA0aJECAAAAAACBQAAAGgAACAAADBSwmAMwDoAABgCIAqBSAAICCAAkIAAIiAFGiMgdNzaGNR6ieWGl4BUPuQfI7LzOIAABCAAIQABAAAIQABCAAAAAAAAAAA==,0,0,788.7,"28  10  5
30  11  6
38  12  5
34  13  6
35  14  5
36  15  5
18  45  8
18  48  8
23  33  5
29  3  5
31  39  5
37  40  6
24  4  6
41  43  8
41  46  8
42  47  8
42  48  8
43  45  8
44  45  8
44  47  8
44  49  8
46  49  8
50  51  8
50  52  8
51  53  8
52  54  8
53  55  8
54  55  8
32  6  5
25  7  5
26  8  6
27  9  6",788.666,"2-(3,4-dihydroxyphenyl)-5-hydroxy-3-[(2R,3R,4S,5S,6R)-3,4,5-trihydroxy-6-(hydroxymethyl)tetrahydropyran-2-yl]oxy-7-[(2S,3R,4S,5S,6R)-3,4,5-trihydroxy-6-[[(2R,3R,4S,5S,6R)-3,4,5-trihydroxy-6-(hydroxymethyl)tetrahydropyran-2-yl]oxymethyl]tetrahydropyran-2-yl]oxy-chromen-4-one",VUTMUSRYWYUQIK-PIYBVRMPSA-N,Quercetin-3-O-Beta-D-Glucose-7-O-Beta-D-Gentiobioside-1,-0.938,506,1,555.767,-1.41510791353683,-96.9213070194824,C:\Users\Ikech\Desktop\HY-L068_HTVS_Lib,"InChI=1S/C33H40O22/c34-6-15-19(39)23(43)26(46)31(52-15)49-8-17-21(41)25(45)27(47)32(54-17)50-10-4-13(38)18-14(5-10)51-29(9-1-2-11(36)12(37)3-9)30(22(18)42)55-33-28(48)24(44)20(40)16(7-35)53-33/h1-5,15-17,19-21,23-28,31-41,43-48H,6-8H2/t15-,16-,17-,19-,20-,21-,23+,24+,25+,26-,27-,28-,31-,32-,33-/m1/s1",-72.3785152435303,-3.396,0,284.344,-2.32,,967.228,0.0,-0.12883485120251,0.979,C1=CC(=C(C=C1C2=C(C(=O)C3=C(C=C(C=C3O2)OC4C(C(C(C(O4)COC5C(C(C(C(O5)CO)O)O)O)O)O)O)O)OC6C(C(C(C(O6)CO)O)O)O)O)O,58.797,1,0.0067,-41.5126037597656,1,,-9.106,0.0,W09IXVtDQEhdMVtDQEhdKFtPSF0pW0NAQEhdKFtPSF0pW0NAQEhdKFtDSDJdW09IXSlPW0NASF0xT1tDSDJdW0NASF0yT1tDQEBIXShbQ0BASF0oW09IXSlbQ0BIXShbT0hdKVtDQEBIXTJbT0hdKU9jKFtjSF1jM1tPSF0pW2NIXWMoYzM0KW9jKC1jNVtjSF1jKFtPSF0pYyhbT0hdKVtjSF1bY0hdNSljKGM0PU8pT1tDQEhdKFtDQEBIXTZbT0hdKU9bQ0BIXShbQ0gyXVtPSF0pW0NASF0oW09IXSlbQ0BIXTZbT0hd,227,0,OPLS_2005,"This compound contains an acetal/aminal-like group ( X-CH(R)-Y where X, Y are N, S, or O) that may be acid/base labile, releasing an aldehyde.",0.0,15,365,56135,227,"2-(3,4-dihydroxyphenyl)-5-hydroxy-3-[(2R,3R,4S,5S,6R)-3,4,5-trihydroxy-6-methylol-tetrahydropyran-2-yl]oxy-7-[(2S,3R,4S,5S,6R)-3,4,5-trihydroxy-6-[[(2R,3R,4S,5S,6R)-3,4,5-trihydroxy-6-methylol-tetrahydropyran-2-yl]oxymethyl]tetrahydropyran-2-yl]oxy-chromone",1340,C1=CC(=C(C=C1C2=C(C(=O)C3=C(C=C(C=C3O2)O[C@H]4[C@@H]([C@H]([C@@H]([C@H](O4)CO[C@H]5[C@@H]([C@H]([C@@H]([C@H](O5)CO)O)O)O)O)O)O)O)O[C@@H]6[C@@H]([C@H]([C@@H]([C@H](O6)CO)O)O)O)O)O,,,0,0.053,0,10,361.83,55,0,,,25,,C33H40O22,J2VwaWtfcHl0aG9uJywgJy1waCcsICc3LjAwMDAwMCcsICctcGh0JywgJzAuMjAwMDAwJywgJy1tcycsICcxNicsICctdG4nLCAnOCcsICctbWEnLCAnMjAwJywgJy1pbWFlJywgJzxpbmZpbGUubWFlPicsICctb21hZScsICc8b3V0ZmlsZS5tYWU+Jw==,"2-(3,4-dihydroxyphenyl)-5-hydroxy-3-[[(2R,3R,4S,5S,6R)-3,4,5-trihydroxy-6-(hydroxymethyl)-2-oxanyl]oxy]-7-[[(2S,3R,4S,5S,6R)-3,4,5-trihydroxy-6-[[(2R,3R,4S,5S,6R)-3,4,5-trihydroxy-6-(hydroxymethyl)-2-oxanyl]oxymethyl]-2-oxanyl]oxy]-1-benzopyran-4-one",-5.394,,3,,-2,-7.08591681613805,227,0,,-0.0,0,24,30.75,-7.08591681613805,24.055,0.147761085252384,ligprep_Akeel-out.maegz,-0.0,0,77.420541,2,217,0,1.0
2,2,,Isoastilbin,0,450.11621151,181.109,0,0,0.0,glide-grid_Sa3ANT_avrg,-0.207499667818344,"2-[3,4-bis(oxidanyl)phenyl]-3-[6-methyl-3,4,5-tris(oxidanyl)oxan-2-yl]oxy-5,7-bis(oxidanyl)-2,3-dihydrochromen-4-one",377,0.8200712,29.946,0.0237474,-0.0,9,-29.8197612762451,450.11621151,22,1123-1,6.0,316844,9,0.0476442,1,3,0.4,1241.515,2,32,11.8842468261719,"2-(3,4-dihydroxyphenyl)-5,7-dihydroxy-3-(3,4,5-trihydroxy-6-methyloxan-2-yl)oxy-2,3-dihydrochromen-4-one",-0.081862797363334,"2-(3,4-dihydroxyphenyl)-5,7-dihydroxy-3-(3,4,5-trihydroxy-6-methyloxan-2-yl)oxy-2,3-dihydrochromen-4-one",9.003,24.695,-3.259,1,0.0,11,1,-0.694885889487862,0.000289202167516294,Isoastilbin.1,vsw_flavonoids-LIGPREP-001-in.maegz,22,2.393,7,-5.307,1123_sdstereoexpander_1_neutralizer_1_epik_1_stereoizer_1,5.43,11,,-1,"1
5
255",7,0.0,,,0.0252,-0.888455513570261,0.0,AAADceB4PAAAAAAAAAAAAAAAAAAAAAAAAAA0aIEAAAAAAACRQAAAGgAACAAADBSwmAMyDoAABgCIAqBSAAICCAAkIAAIiAFGiMgdNzaGNR6ieWGl4BUPuQfI7PzOIAABCAAIQABAAAIQABCAAAAAAAAAAA==,0,7,450.4,"16  19  3
18  21  3
15  2  3
17  2  3
21  25  8
21  26  8
22  23  8
22  24  8
23  27  8
24  28  8
25  30  8
26  31  8
27  29  8
28  29  8
12  3  3
30  32  8
31  32  8
13  4  3
14  5  3",450.398,"2-(3,4-dihydroxyphenyl)-5,7-dihydroxy-3-(3,4,5-trihydroxy-6-methyl-tetrahydropyran-2-yl)oxy-chroman-4-one",ZROGCCBNZBKLEL-UHFFFAOYSA-N,Isoastilbin-1,-3.076,20,1,330.918,-1.56838895896771,-83.7144418394176,C:\Users\Ikech\Desktop\HY-L068_HTVS_Lib,"InChI=1S/C21H22O11/c1-7-15(26)17(28)18(29)21(30-7)32-20-16(27)14-12(25)5-9(22)6-13(14)31-19(20)8-2-3-10(23)11(24)4-8/h2-7,15,17-26,28-29H,1H3",-60.5089778900146,-3.889,0,169.184,-0.747,,681.211,11.568,-0.218875340113025,0.518,CC1C(C(C(C(O1)OC2C(OC3=CC(=CC(=C3C2=O)O)O)C4=CC(=C(C=C4)O)O)O)O)O,39.482,1,0.0252,-30.6892166137695,1,,-6.116,0.0,W09IXVtDQEBIXTFbQ0BIXShbQ0gzXSlPW0NAQEhdKFtDQEhdKFtPSF0pW0NASF0xW09IXSlPW0NAQEhdKEMyPU8pW0NAQEhdKGMzW2NIXWMoW09IXSljKFtPSF0pW2NIXVtjSF0zKU9jKGMyNClbY0hdYyhbT0hdKVtjSF1jNFtPSF0=,1123,0,OPLS_2005,"This compound contains an acetal/aminal-like group ( X-CH(R)-Y where X, Y are N, S, or O) that may be acid/base labile, releasing an aldehyde.",-0.588231045454544,0,186,56135,1123,"2-(3,4-dihydroxyphenyl)-5,7-dihydroxy-3-(3,4,5-trihydroxy-6-methyl-tetrahydropyran-2-yl)oxy-chroman-4-one",676,CC1C(C(C(C(O1)OC2C(OC3=CC(=CC(=C3C2=O)O)O)C4=CC(=C(C=C4)O)O)O)O)O,,,0,7.208,0,3,194.283,32,0,,,104,,C21H22O11,J2VwaWtfcHl0aG9uJywgJy1waCcsICc3LjAwMDAwMCcsICctcGh0JywgJzAuMjAwMDAwJywgJy1tcycsICcxNicsICctdG4nLCAnOCcsICctbWEnLCAnMjAwJywgJy1pbWFlJywgJzxpbmZpbGUubWFlPicsICctb21hZScsICc8b3V0ZmlsZS5tYWU+Jw==,"2-(3,4-dihydroxyphenyl)-5,7-dihydroxy-3-[(3,4,5-trihydroxy-6-methyl-2-oxanyl)oxy]-3,4-dihydro-2H-1-benzopyran-4-one",-0.822,,2,,-2,-7.00401088361679,1123,0,,-0.0,0,10,13.25,-7.00401088361679,14.728,0.296498971278173,ligprep_Olamide_Ike_40-out.maegz,-0.0,0,49.464557,2,67,0,1.0
2,2,,Isoastilbin,0,450.11621151,181.109,0,0,0.0,glide-grid_Sa3ANT_avrg,-0.207499667818344,"2-[3,4-bis(oxidanyl)phenyl]-3-[6-methyl-3,4,5-tris(oxidanyl)oxan-2-yl]oxy-5,7-bis(oxidanyl)-2,3-dihydrochromen-4-one",377,0.8200712,29.946,0.0237474,-0.0,9,-29.8197612762451,450.11621151,22,1155-1,6.0,316844,9,0.0476442,1,3,0.4,1241.515,2,32,11.8842468261719,"2-(3,4-dihydroxyphenyl)-5,7-dihydroxy-3-(3,4,5-trihydroxy-6-methyloxan-2-yl)oxy-2,3-dihydrochromen-4-one",-0.081862797363334,"2-(3,4-dihydroxyphenyl)-5,7-dihydroxy-3-(3,4,5-trihydroxy-6-methyloxan-2-yl)oxy-2,3-dihydrochromen-4-one",9.003,24.695,-3.259,1,0.0,11,1,-0.694885889487862,0.000289202167516294,Isoastilbin.1,vsw_flavonoids-LIGPREP-001-in.maegz,22,2.393,7,-5.307,1155_sdstereoexpander_1_neutralizer_1_epik_1_stereoizer_1,5.43,11,,-1,"1
5
255",7,0.0,,,0.0252,-0.888455513570261,0.0,AAADceB4PAAAAAAAAAAAAAAAAAAAAAAAAAA0aIEAAAAAAACRQAAAGgAACAAADBSwmAMyDoAABgCIAqBSAAICCAAkIAAIiAFGiMgdNzaGNR6ieWGl4BUPuQfI7PzOIAABCAAIQABAAAIQABCAAAAAAAAAAA==,0,7,450.4,"16  19  3
18  21  3
15  2  3
17  2  3
21  25  8
21  26  8
22  23  8
22  24  8
23  27  8
24  28  8
25  30  8
26  31  8
27  29  8
28  29  8
12  3  3
30  32  8
31  32  8
13  4  3
14  5  3",450.398,"2-(3,4-dihydroxyphenyl)-5,7-dihydroxy-3-(3,4,5-trihydroxy-6-methyl-tetrahydropyran-2-yl)oxy-chroman-4-one",ZROGCCBNZBKLEL-UHFFFAOYSA-N,Isoastilbin-1,-3.076,20,1,330.918,-1.56838895896771,-83.7144418394176,C:\Users\Ikech\Desktop\HY-L068_HTVS_Lib,"InChI=1S/C21H22O11/c1-7-15(26)17(28)18(29)21(30-7)32-20-16(27)14-12(25)5-9(22)6-13(14)31-19(20)8-2-3-10(23)11(24)4-8/h2-7,15,17-26,28-29H,1H3",-60.5089778900146,-3.889,0,169.184,-0.747,,681.211,11.568,-0.218875340113025,0.518,CC1C(C(C(C(O1)OC2C(OC3=CC(=CC(=C3C2=O)O)O)C4=CC(=C(C=C4)O)O)O)O)O,39.482,1,0.0252,-30.6892166137695,1,,-6.116,0.0,W09IXVtDQEBIXTFbQ0BIXShbQ0gzXSlPW0NAQEhdKFtDQEhdKFtPSF0pW0NASF0xW09IXSlPW0NAQEhdKEMyPU8pW0NAQEhdKGMzW2NIXWMoW09IXSljKFtPSF0pW2NIXVtjSF0zKU9jKGMyNClbY0hdYyhbT0hdKVtjSF1jNFtPSF0=,1155,0,OPLS_2005,"This compound contains an acetal/aminal-like group ( X-CH(R)-Y where X, Y are N, S, or O) that may be acid/base labile, releasing an aldehyde.",-0.588231045454544,0,186,56135,1155,"2-(3,4-dihydroxyphenyl)-5,7-dihydroxy-3-(3,4,5-trihydroxy-6-methyl-tetrahydropyran-2-yl)oxy-chroman-4-one",676,CC1C(C(C(C(O1)OC2C(OC3=CC(=CC(=C3C2=O)O)O)C4=CC(=C(C=C4)O)O)O)O)O,,,0,7.208,0,3,194.283,32,0,,,108,,C21H22O11,J2VwaWtfcHl0aG9uJywgJy1waCcsICc3LjAwMDAwMCcsICctcGh0JywgJzAuMjAwMDAwJywgJy1tcycsICcxNicsICctdG4nLCAnOCcsICctbWEnLCAnMjAwJywgJy1pbWFlJywgJzxpbmZpbGUubWFlPicsICctb21hZScsICc8b3V0ZmlsZS5tYWU+Jw==,"2-(3,4-dihydroxyphenyl)-5,7-dihydroxy-3-[(3,4,5-trihydroxy-6-methyl-2-oxanyl)oxy]-3,4-dihydro-2H-1-benzopyran-4-one",-0.822,,2,,-2,-7.00401088361679,1155,0,,-0.0,0,10,13.25,-7.00401088361679,14.728,0.296498971278173,ligprep_Olamide_Ike_40-out.maegz,-0.0,0,49.464557,2,99,0,1.0
2,2,,Isoastilbin,0,450.11621151,181.109,0,0,0.0,glide-grid_Sa3ANT_avrg,-0.207499667818344,"2-[3,4-bis(oxidanyl)phenyl]-3-[6-methyl-3,4,5-tris(oxidanyl)oxan-2-yl]oxy-5,7-bis(oxidanyl)-2,3-dihydrochromen-4-one",377,0.8200712,29.946,0.0237461,-0.0,9,-29.8197612762451,450.11621151,22,1187-1,6.0,316844,9,0.0476442,1,3,0.4,1241.515,2,32,11.8842468261719,"2-(3,4-dihydroxyphenyl)-5,7-dihydroxy-3-(3,4,5-trihydroxy-6-methyloxan-2-yl)oxy-2,3-dihydrochromen-4-one",-0.081862797363334,"2-(3,4-dihydroxyphenyl)-5,7-dihydroxy-3-(3,4,5-trihydroxy-6-methyloxan-2-yl)oxy-2,3-dihydrochromen-4-one",9.003,24.695,-3.259,1,0.0,11,1,-0.694885889487862,0.000289202167516294,Isoastilbin.1,vsw_flavonoids-LIGPREP-001-in.maegz,22,2.393,7,-5.307,1187_sdstereoexpander_1_neutralizer_1_epik_1_stereoizer_1,5.43,11,,-1,"1
5
255",7,0.0,,,0.0252,-0.888455513570261,0.0,AAADceB4PAAAAAAAAAAAAAAAAAAAAAAAAAA0aIEAAAAAAACRQAAAGgAACAAADBSwmAMyDoAABgCIAqBSAAICCAAkIAAIiAFGiMgdNzaGNR6ieWGl4BUPuQfI7PzOIAABCAAIQABAAAIQABCAAAAAAAAAAA==,0,7,450.4,"16  19  3
18  21  3
15  2  3
17  2  3
21  25  8
21  26  8
22  23  8
22  24  8
23  27  8
24  28  8
25  30  8
26  31  8
27  29  8
28  29  8
12  3  3
30  32  8
31  32  8
13  4  3
14  5  3",450.398,"2-(3,4-dihydroxyphenyl)-5,7-dihydroxy-3-(3,4,5-trihydroxy-6-methyl-tetrahydropyran-2-yl)oxy-chroman-4-one",ZROGCCBNZBKLEL-UHFFFAOYSA-N,Isoastilbin-1,-3.076,20,1,330.918,-1.56838895896771,-83.7144418394176,C:\Users\Ikech\Desktop\HY-L068_HTVS_Lib,"InChI=1S/C21H22O11/c1-7-15(26)17(28)18(29)21(30-7)32-20-16(27)14-12(25)5-9(22)6-13(14)31-19(20)8-2-3-10(23)11(24)4-8/h2-7,15,17-26,28-29H,1H3",-60.5089778900146,-3.889,0,169.184,-0.747,,681.211,11.568,-0.218875340113025,0.518,CC1C(C(C(C(O1)OC2C(OC3=CC(=CC(=C3C2=O)O)O)C4=CC(=C(C=C4)O)O)O)O)O,39.482,1,0.0252,-30.6892166137695,1,,-6.116,0.0,W09IXVtDQEBIXTFbQ0BIXShbQ0gzXSlPW0NAQEhdKFtDQEhdKFtPSF0pW0NASF0xW09IXSlPW0NAQEhdKEMyPU8pW0NAQEhdKGMzW2NIXWMoW09IXSljKFtPSF0pW2NIXVtjSF0zKU9jKGMyNClbY0hdYyhbT0hdKVtjSF1jNFtPSF0=,1187,0,OPLS_2005,"This compound contains an acetal/aminal-like group ( X-CH(R)-Y where X, Y are N, S, or O) that may be acid/base labile, releasing an aldehyde.",-0.588231045454544,0,186,56135,1187,"2-(3,4-dihydroxyphenyl)-5,7-dihydroxy-3-(3,4,5-trihydroxy-6-methyl-tetrahydropyran-2-yl)oxy-chroman-4-one",676,CC1C(C(C(C(O1)OC2C(OC3=CC(=CC(=C3C2=O)O)O)C4=CC(=C(C=C4)O)O)O)O)O,,,0,7.208,0,3,194.283,32,0,,,111,,C21H22O11,J2VwaWtfcHl0aG9uJywgJy1waCcsICc3LjAwMDAwMCcsICctcGh0JywgJzAuMjAwMDAwJywgJy1tcycsICcxNicsICctdG4nLCAnOCcsICctbWEnLCAnMjAwJywgJy1pbWFlJywgJzxpbmZpbGUubWFlPicsICctb21hZScsICc8b3V0ZmlsZS5tYWU+Jw==,"2-(3,4-dihydroxyphenyl)-5,7-dihydroxy-3-[(3,4,5-trihydroxy-6-methyl-2-oxanyl)oxy]-3,4-dihydro-2H-1-benzopyran-4-one",-0.822,,2,,-2,-7.00401088361679,1187,0,,-0.0,0,10,13.25,-7.00401088361679,14.728,0.296498971278173,ligprep_Olamide_Ike_40-out.maegz,-0.0,0,49.464557,2,131,0,1.0
1,2,,Apigenin-7-O-(2G-rhamnosyl)gentiobioside,0,740.216379,230.711,0,0,0.0,glide-grid_Sa3ANT_avrg,-0.574995215804022,"7-[(2S,3R,4S,5S,6R)-6-[[(3R,4S,5S,6R)-6-(hydroxymethyl)-3,4,5-tris(oxidanyl)oxan-2-yl]oxymethyl]-3-[(3R,4R,5R,6S)-6-methyl-3,4,5-tris(oxidanyl)oxan-2-yl]oxy-4,5-bis(oxidanyl)oxan-2-yl]oxy-2-(4-hydroxyphenyl)-5-oxidanyl-chromen-4-one",331,0.7396832,52.41,0.0355836,-0.0,11,-36.0877799987793,740.216379,34,345-1,10.0,156620279,19,0.084341,1,14,-2.4,1985.847,2,52,20.4523658752441,"7-[(2<I>S</I>,3<I>R</I>,4<I>S</I>,5<I>S</I>,6<I>R</I>)-4,5-dihydroxy-6-[[(3<I>R</I>,4<I>S</I>,5<I>S</I>,6<I>R</I>)-3,4,5-trihydroxy-6-(hydroxymethyl)oxan-2-yl]oxymethyl]-3-[(3<I>R</I>,4<I>R</I>,5<I>R</I>,6<I>S</I>)-3,4,5-trihydroxy-6-methyloxan-2-yl]oxyoxan-2-yl]oxy-5-hydroxy-2-(4-hydroxyphenyl)chromen-4-one",-0.119837397298773,"7-[(2S,3R,4S,5S,6R)-4,5-dihydroxy-6-[[(3R,4S,5S,6R)-3,4,5-trihydroxy-6-(hydroxymethyl)oxan-2-yl]oxymethyl]-3-[(3R,4R,5R,6S)-3,4,5-trihydroxy-6-methyloxan-2-yl]oxyoxan-2-yl]oxy-5-hydroxy-2-(4-hydroxyphenyl)chromen-4-one",8.99,44.732,-6.612,1,0.0,19,3,-0.501363503740193,1.50459116110786e-05,batch6_8.1,vsw_flavonoids-LIGPREP-001-in.maegz,34,0.05,15,-6.844,345_sdstereoexpander_1_neutralizer_1_epik_1_stereoizer_1,8.406,19,,-1,"1
5
255",11,0.0,,,0.0059,-0.571141530874254,0.0,AAADcfB8PgAAAAAAAAAAAAAAAAAAAAAAAAA0aJECAAAAAACBQAAAGgAACAAADBSwmAMyDoAABgCIAqBSAAACCAAkIAAIiAEGCMgdNzaGNRqieWCl4BUPuQfI7KzOIAAACAAIAABAAAAQABAAAAAAAAAAAA==,0,2,740.7,"20  1  6
25  1  3
27  10  5
29  11  6
32  12  5
33  13  6
34  14  5
16  41  8
16  45  8
23  28  5
30  36  5
35  37  6
38  39  8
38  40  8
39  41  8
31  4  3
40  42  8
41  43  8
42  43  8
43  44  8
44  46  8
45  46  8
47  48  8
47  49  8
48  50  8
49  51  8
21  5  5
50  52  8
51  52  8
22  7  6
24  8  5
26  9  5",740.668,"7-[(2S,3R,4S,5S,6R)-4,5-dihydroxy-6-[[(3R,4S,5S,6R)-3,4,5-trihydroxy-6-(hydroxymethyl)tetrahydropyran-2-yl]oxymethyl]-3-[(3R,4R,5R,6S)-3,4,5-trihydroxy-6-methyl-tetrahydropyran-2-yl]oxy-tetrahydropyran-2-yl]oxy-5-hydroxy-2-(4-hydroxyphenyl)chromen-4-one",LXOPDILLGIDKLW-GIHYBCIWSA-N,Apigenin-7-O-(2G-rhamnosyl)gentiobioside-1,-2.688,611,1,494.927,-1.410719410455,-96.6234881119276,C:\Users\Ikech\Desktop\HY-L068_HTVS_Lib,"InChI=1S/C33H40O19/c1-11-22(38)25(41)29(45)32(47-11)52-30-27(43)24(40)20(10-46-31-28(44)26(42)23(39)19(9-34)50-31)51-33(30)48-14-6-15(36)21-16(37)8-17(49-18(21)7-14)12-2-4-13(35)5-3-12/h2-8,11,19-20,22-36,38-45H,9-10H2,1H3/t11-,19+,20+,22-,23+,24+,25+,26-,27-,28+,29+,30+,31?,32?,33+/m0/s1",-72.7710342407227,-3.916,0,307.321,-1.983,,1032.959,0.0,-0.13432337730185,0.695,CC1C(C(C(C(O1)OC2C(C(C(OC2OC3=CC(=C4C(=C3)OC(=CC4=O)C5=CC=C(C=C5)O)O)COC6C(C(C(C(O6)CO)O)O)O)O)O)O)O)O,63.323,1,0.0059,-36.6832542419434,1,,-8.004,0.0,W09IXVtDQEBIXTFbQ0BIXShbT0hdKVtDQEBIXShbT0hdKVtDQEhdKFtDSDNdKU9bQ0BIXTFPW0NASF0yW0NASF0oW09IXSlbQ0BIXShbT0hdKVtDQEBIXShbQ0gyXU9bQ0BASF0zT1tDQEhdKFtDSDJdW09IXSlbQ0BIXShbT0hdKVtDQEBIXShbT0hdKVtDQEhdM1tPSF0pT1tDQEhdMk9jKFtjSF00KVtjSF1jKFtPSF0pYyhjNDUpYyg9TylbY0hdYyhvNSktYzZbY0hdW2NIXWMoW09IXSlbY0hdW2NIXTY=,345,0,OPLS_2005,"This compound contains an acetal/aminal-like group ( X-CH(R)-Y where X, Y are N, S, or O) that may be acid/base labile, releasing an aldehyde.",0.0,13,304,56135,345,"7-[(2S,3R,4S,5S,6R)-4,5-dihydroxy-6-[[(3R,4S,5S,6R)-3,4,5-trihydroxy-6-methylol-tetrahydropyran-2-yl]oxymethyl]-3-[(3R,4R,5R,6S)-3,4,5-trihydroxy-6-methyl-tetrahydropyran-2-yl]oxy-tetrahydropyran-2-yl]oxy-5-hydroxy-2-(4-hydroxyphenyl)chromone",1230,C[C@H]1[C@@H]([C@H]([C@H](C(O1)O[C@@H]2[C@H]([C@@H]([C@H](O[C@H]2OC3=CC(=C4C(=C3)OC(=CC4=O)C5=CC=C(C=C5)O)O)COC6[C@@H]([C@H]([C@@H]([C@H](O6)CO)O)O)O)O)O)O)O)O,,,0,0.201,0,9,310.011,52,0,,,66,,C33H40O19,J2VwaWtfcHl0aG9uJywgJy1waCcsICc3LjAwMDAwMCcsICctcGh0JywgJzAuMjAwMDAwJywgJy1tcycsICcxNicsICctdG4nLCAnOCcsICctbWEnLCAnMjAwJywgJy1pbWFlJywgJzxpbmZpbGUubWFlPicsICctb21hZScsICc8b3V0ZmlsZS5tYWU+Jw==,"7-[[(2S,3R,4S,5S,6R)-4,5-dihydroxy-6-[[(3R,4S,5S,6R)-3,4,5-trihydroxy-6-(hydroxymethyl)-2-oxanyl]oxymethyl]-3-[[(3R,4R,5R,6S)-3,4,5-trihydroxy-6-methyl-2-oxanyl]oxy]-2-oxanyl]oxy]-5-hydroxy-2-(4-hydroxyphenyl)-1-benzopyran-4-one",-3.579,,3,,-2,-6.98481561969622,345,0,,-0.0,0,20,27.55,-6.98481561969622,24.464,0.115321236377996,ligprep_Akeel-out.maegz,-0.0,0,80.239619,2,335,0,1.0
