PC1,PC2,delta_G
-13.929140921895879,7.471802046428715,4.014260041193154
-13.131279628113917,7.257693537492251,4.014260041193113
-13.131279628113917,7.471802046428715,4.014260041193154
-12.86532586351993,5.330716957064087,4.014260041193113
-12.86532586351993,9.184670117920419,4.014260041193113
-12.86532586351993,9.826995644729806,4.014260041193113
-12.599372098925944,5.330716957064087,4.014260041193096
-12.333418334331956,6.6153680106828645,4.014260041193113
-12.333418334331956,7.043585028555789,4.014260041193113
-12.333418334331956,8.970561608983955,2.2854123434405387
-12.333418334331956,10.25521266260273,4.014260041193113
-12.067464569737968,6.6153680106828645,4.014260041193113
-12.067464569737968,7.471802046428715,4.014260041193154
-11.80151080514398,3.1896318676994593,4.014260041193113
-11.80151080514398,5.5448254660005505,4.0142600411931335
-11.80151080514398,5.973042483873477,4.0142600411931335
-11.80151080514398,6.401259501746402,4.014260041193113
-11.80151080514398,6.829476519619327,4.014260041193113
-11.80151080514398,8.970561608983955,4.014260041193154
-11.80151080514398,9.826995644729806,4.014260041193113
-11.535557040549993,2.3331978319536084,4.014260041193113
-11.535557040549993,4.902499939191162,4.0142600411931335
-11.535557040549993,5.330716957064087,4.014260041193113
-11.535557040549993,6.6153680106828645,4.014260041193113
-11.535557040549993,8.114127573238104,4.014260041193113
-11.535557040549993,9.398778626856881,1.274101270797114
-11.535557040549993,10.25521266260273,4.014260041193113
-11.269603275956005,7.471802046428715,2.285412343440522
-11.269603275956005,7.685910555365179,4.014260041193096
-11.269603275956005,7.900019064301642,4.014260041193096
-11.269603275956005,8.114127573238104,1.2741012707970973
-11.269603275956005,8.328236082174566,4.014260041193096
-11.269603275956005,8.542344591111029,2.2854123434404805
-11.269603275956005,8.970561608983955,4.014260041193138
-11.003649511362019,-0.6643212931568705,4.014260041193113
-11.003649511362019,2.5473063408900716,4.0142600411931335
-11.003649511362019,3.1896318676994593,4.014260041193113
-11.003649511362019,4.4742829213182365,4.014260041193113
-11.003649511362019,4.902499939191162,4.0142600411931335
-11.003649511362019,5.758933974937014,4.014260041193113
-11.003649511362019,6.401259501746402,4.014260041193113
-11.003649511362019,7.043585028555789,4.014260041193113
-11.003649511362019,8.114127573238104,4.014260041193113
-10.737695746768031,1.6908723051442198,4.014260041193113
-10.737695746768031,2.975523358762997,4.014260041193113
-10.737695746768031,4.260174412381774,4.014260041193113
-10.737695746768031,5.5448254660005505,4.0142600411931335
-10.737695746768031,5.973042483873477,4.0142600411931335
-10.737695746768031,6.829476519619327,4.014260041193113
-10.737695746768031,7.043585028555789,4.014260041193113
-10.737695746768031,7.685910555365179,4.014260041193113
-10.737695746768031,9.184670117920419,4.014260041193113
-10.737695746768031,10.041104153666268,4.014260041193113
-10.471741982174045,1.4767637962077576,2.2854123434404805
-10.471741982174045,5.5448254660005505,4.0142600411931175
-10.471741982174045,7.257693537492251,4.014260041193096
-10.471741982174045,10.041104153666268,4.014260041193096
-10.205788217580057,-1.3066468199662582,4.0142600411931335
-10.205788217580057,-0.021995766347481904,4.014260041193113
-10.205788217580057,0.19211274258898126,4.0142600411931335
-10.205788217580057,2.5473063408900716,4.0142600411931335
-10.205788217580057,3.6178488855723856,4.014260041193113
-10.205788217580057,6.401259501746402,4.014260041193113
-10.205788217580057,6.829476519619327,4.014260041193113
-10.205788217580057,8.328236082174566,4.014260041193113
-10.205788217580057,8.542344591111029,4.014260041193113
-10.205788217580057,8.75645310004749,4.014260041193113
-10.205788217580057,8.970561608983955,4.014260041193154
-10.205788217580057,9.612887135793343,4.014260041193113
-10.205788217580057,11.111646698348583,4.014260041193113
-9.93983445298607,-0.8784298020933328,4.014260041193113
-9.93983445298607,-0.23610427528394418,4.014260041193113
-9.93983445298607,1.0485467783348321,4.0142600411931335
-9.93983445298607,2.7614148498265347,4.014260041193113
-9.93983445298607,3.4037403766359224,4.0142600411931335
-9.93983445298607,4.902499939191162,4.0142600411931335
-9.93983445298607,6.829476519619327,4.014260041193113
-9.93983445298607,7.257693537492251,4.014260041193113
-9.93983445298607,7.471802046428715,4.014260041193154
-9.93983445298607,8.114127573238104,4.014260041193113
-9.93983445298607,8.542344591111029,4.014260041193113
-9.93983445298607,8.75645310004749,4.014260041193113
-9.93983445298607,10.25521266260273,4.014260041193113
-9.673880688392082,-4.090057436140274,4.014260041193123
-9.673880688392082,0.6203297604619067,4.014260041193113
-9.673880688392082,4.260174412381774,4.014260041193113
-9.673880688392082,4.688391430254699,4.014260041193113
-9.673880688392082,5.973042483873477,4.0142600411931335
-9.673880688392082,6.18715099280994,4.014260041193113
-9.673880688392082,6.6153680106828645,4.014260041193113
-9.673880688392082,7.685910555365179,4.014260041193113
-9.673880688392082,8.970561608983955,4.014260041193154
-9.407926923798094,-1.092538311029795,4.014260041193113
-9.407926923798094,-0.45021278422040734,4.0142600411931335
-9.407926923798094,0.19211274258898126,4.0142600411931335
-9.407926923798094,1.2626552872712953,4.014260041193113
-9.407926923798094,2.5473063408900716,4.0142600411931335
-9.407926923798094,7.257693537492251,4.014260041193113
-9.407926923798094,7.471802046428715,2.2854123434405387
-9.407926923798094,7.900019064301642,4.014260041193113
-9.407926923798094,8.114127573238104,4.014260041193113
-9.407926923798094,9.612887135793343,4.014260041193113
-9.407926923798094,11.325755207285045,4.0142600411931335
-9.141973159204106,-0.45021278422040734,4.0142600411931175
-9.141973159204106,-0.23610427528394418,1.2741012707970973
-9.141973159204106,0.19211274258898126,2.2854123434405014
-9.141973159204106,0.834438269398369,4.014260041193096
-9.141973159204106,1.2626552872712953,2.2854123434404805
-9.141973159204106,2.119089323017146,4.014260041193096
-9.141973159204106,4.902499939191162,4.0142600411931175
-9.141973159204106,6.401259501746402,4.014260041193096
-9.141973159204106,7.257693537492251,4.014260041193096
-9.141973159204106,8.75645310004749,4.014260041193096
-8.87601939461012,-4.304165945076737,4.014260041193113
-8.87601939461012,-0.8784298020933328,1.274101270797114
-8.87601939461012,-0.45021278422040734,4.0142600411931335
-8.87601939461012,1.0485467783348321,4.0142600411931335
-8.87601939461012,2.119089323017146,4.014260041193113
-8.87601939461012,7.685910555365179,4.014260041193113
-8.87601939461012,7.900019064301642,4.014260041193113
-8.87601939461012,8.542344591111029,2.285412343440497
-8.610065630016132,-4.090057436140274,4.014260041193123
-8.610065630016132,-3.4477319093308862,2.285412343440497
-8.610065630016132,-3.2336234003944235,4.014260041193123
-8.610065630016132,-2.591297873585035,4.014260041193123
-8.610065630016132,-2.1630808557121095,2.285412343440507
-8.610065630016132,-1.9489723467756463,2.285412343440507
-8.610065630016132,-1.7348638378391836,2.285412343440497
-8.610065630016132,-1.092538311029795,2.285412343440497
-8.610065630016132,-0.6643212931568705,4.014260041193113
-8.610065630016132,-0.23610427528394418,4.014260041193113
-8.610065630016132,2.119089323017146,4.014260041193113
-8.610065630016132,2.3331978319536084,4.014260041193113
-8.610065630016132,7.685910555365179,4.014260041193113
-8.344111865422146,-3.4477319093308862,4.014260041193096
-8.344111865422146,-3.2336234003944235,4.014260041193107
-8.344111865422146,-2.8054063825214977,4.014260041193096
-8.344111865422146,-2.3771893646485722,4.014260041193096
-8.344111865422146,-1.3066468199662582,4.0142600411931175
-8.344111865422146,-0.8784298020933328,4.014260041193096
-8.344111865422146,-0.23610427528394418,4.014260041193096
-8.344111865422146,-0.021995766347481904,4.014260041193096
-8.344111865422146,0.19211274258898126,4.0142600411931175
-8.344111865422146,0.6203297604619067,2.2854123434404805
-8.344111865422146,1.0485467783348321,4.0142600411931175
-8.344111865422146,1.2626552872712953,4.014260041193096
-8.344111865422146,3.1896318676994593,4.014260041193096
-8.344111865422146,7.900019064301642,4.014260041193096
-8.078158100828158,-3.8759489272038117,2.285412343440497
-8.078158100828158,-3.661840418267349,4.014260041193123
-8.078158100828158,-2.8054063825214977,4.014260041193113
-8.078158100828158,-1.5207553289027214,4.014260041193113
-8.078158100828158,-1.3066468199662582,4.0142600411931335
-8.078158100828158,-0.8784298020933328,4.014260041193113
-8.078158100828158,-0.6643212931568705,1.274101270797114
-8.078158100828158,-0.45021278422040734,2.285412343440518
-8.078158100828158,0.19211274258898126,4.0142600411931335
-8.078158100828158,0.6203297604619067,2.285412343440497
-8.078158100828158,0.834438269398369,4.014260041193113
-8.078158100828158,1.0485467783348321,4.0142600411931335
-8.078158100828158,1.904980814080683,4.0142600411931335
-8.078158100828158,2.119089323017146,4.014260041193113
-8.078158100828158,2.975523358762997,4.014260041193113
-7.812204336234171,-4.090057436140274,4.014260041193123
-7.812204336234171,-3.8759489272038117,4.014260041193113
-7.812204336234171,-2.3771893646485722,4.014260041193113
-7.812204336234171,-2.1630808557121095,2.285412343440507
-7.812204336234171,-1.9489723467756463,4.014260041193123
-7.812204336234171,-1.3066468199662582,4.0142600411931335
-7.812204336234171,-0.8784298020933328,2.285412343440497
-7.812204336234171,-0.45021278422040734,4.0142600411931335
-7.812204336234171,-0.23610427528394418,2.285412343440497
-7.812204336234171,0.4062212515254444,2.285412343440497
-7.812204336234171,0.6203297604619067,4.014260041193113
-7.812204336234171,1.2626552872712953,4.014260041193113
-7.812204336234171,1.4767637962077576,4.014260041193113
-7.812204336234171,1.904980814080683,4.0142600411931335
-7.812204336234171,3.6178488855723856,4.014260041193113
-7.546250571640183,-4.304165945076737,4.014260041193113
-7.546250571640183,-3.2336234003944235,4.014260041193123
-7.546250571640183,-2.8054063825214977,4.014260041193113
-7.546250571640183,-2.3771893646485722,2.285412343440497
-7.546250571640183,-1.7348638378391836,2.285412343440497
-7.546250571640183,-1.5207553289027214,2.285412343440497
-7.546250571640183,-1.3066468199662582,2.285412343440518
-7.546250571640183,-0.6643212931568705,4.014260041193113
-7.546250571640183,-0.23610427528394418,4.014260041193113
-7.546250571640183,-0.021995766347481904,4.014260041193113
-7.546250571640183,0.19211274258898126,4.0142600411931335
-7.546250571640183,0.4062212515254444,2.285412343440497
-7.546250571640183,0.6203297604619067,1.274101270797114
-7.546250571640183,1.0485467783348321,4.0142600411931335
-7.546250571640183,1.2626552872712953,4.014260041193113
-7.546250571640183,1.6908723051442198,4.014260041193113
-7.546250571640183,1.904980814080683,4.0142600411931335
-7.546250571640183,10.89753818941212,4.014260041193113
-7.280296807046195,-4.090057436140274,2.285412343440499
-7.280296807046195,-2.591297873585035,4.014260041193115
-7.280296807046195,-2.3771893646485722,4.014260041193104
-7.280296807046195,-1.9489723467756463,4.014260041193115
-7.280296807046195,-1.5207553289027214,1.2741012707971051
-7.280296807046195,-1.3066468199662582,4.0142600411931255
-7.280296807046195,-0.8784298020933328,4.014260041193104
-7.280296807046195,-0.6643212931568705,4.014260041193104
-7.280296807046195,-0.45021278422040734,4.0142600411931255
-7.280296807046195,-0.23610427528394418,2.285412343440489
-7.280296807046195,0.19211274258898126,4.0142600411931255
-7.280296807046195,1.2626552872712953,4.014260041193104
-7.280296807046195,1.4767637962077576,1.2741012707971051
-7.280296807046195,1.904980814080683,4.0142600411931255
-7.280296807046195,2.119089323017146,4.014260041193104
-7.014343042452209,-5.374708489759051,4.014260041193104
-7.014343042452209,-4.5182744540132,4.014260041193115
-7.014343042452209,-4.304165945076737,4.014260041193104
-7.014343042452209,-3.4477319093308862,4.014260041193104
-7.014343042452209,-3.0195148914579604,4.014260041193115
-7.014343042452209,-2.8054063825214977,1.2741012707971051
-7.014343042452209,-2.591297873585035,4.014260041193115
-7.014343042452209,-2.3771893646485722,4.014260041193104
-7.014343042452209,-2.1630808557121095,2.285412343440499
-7.014343042452209,-1.9489723467756463,2.285412343440499
-7.014343042452209,-1.5207553289027214,4.014260041193104
-7.014343042452209,-1.3066468199662582,4.0142600411931255
-7.014343042452209,-1.092538311029795,2.285412343440489
-7.014343042452209,-0.8784298020933328,4.014260041193104
-7.014343042452209,-0.23610427528394418,4.014260041193104
-7.014343042452209,-0.021995766347481904,1.2741012707971051
-7.014343042452209,0.19211274258898126,4.0142600411931255
-7.014343042452209,1.0485467783348321,4.0142600411931255
-7.014343042452209,1.904980814080683,2.2854123434405094
-7.014343042452209,2.119089323017146,4.014260041193104
-6.748389277858221,-4.946491471886125,4.014260041193123
-6.748389277858221,-3.661840418267349,4.014260041193123
-6.748389277858221,-3.2336234003944235,4.014260041193123
-6.748389277858221,-2.591297873585035,2.285412343440507
-6.748389277858221,-2.3771893646485722,4.014260041193113
-6.748389277858221,-2.1630808557121095,4.014260041193123
-6.748389277858221,-1.9489723467756463,4.014260041193123
-6.748389277858221,-1.7348638378391836,2.285412343440497
-6.748389277858221,-1.3066468199662582,2.285412343440518
-6.748389277858221,-0.8784298020933328,4.014260041193113
-6.748389277858221,-0.6643212931568705,4.014260041193113
-6.748389277858221,-0.021995766347481904,4.014260041193113
-6.4824355132642335,-6.445251034441364,4.014260041193123
-6.4824355132642335,-3.661840418267349,4.014260041193123
-6.4824355132642335,-3.2336234003944235,4.014260041193123
-6.4824355132642335,-3.0195148914579604,4.014260041193123
-6.4824355132642335,-2.1630808557121095,4.014260041193123
-6.4824355132642335,-1.7348638378391836,4.014260041193113
-6.4824355132642335,-1.092538311029795,4.014260041193113
-6.4824355132642335,-0.8784298020933328,4.014260041193113
-6.4824355132642335,-0.6643212931568705,4.014260041193113
-6.4824355132642335,0.6203297604619067,1.274101270797114
-6.4824355132642335,1.2626552872712953,4.014260041193113
-6.4824355132642335,2.7614148498265347,4.014260041193113
-6.216481748670246,-4.304165945076737,4.014260041193104
-6.216481748670246,-4.090057436140274,4.014260041193115
-6.216481748670246,-3.0195148914579604,4.014260041193115
-6.216481748670246,-2.3771893646485722,2.285412343440489
-6.216481748670246,-2.1630808557121095,4.014260041193115
-6.216481748670246,-1.7348638378391836,4.014260041193104
-6.216481748670246,-1.5207553289027214,4.014260041193104
-6.216481748670246,-1.3066468199662582,4.0142600411931255
-6.216481748670246,-0.8784298020933328,4.014260041193104
-6.216481748670246,-0.6643212931568705,2.285412343440489
-6.216481748670246,-0.021995766347481904,4.014260041193104
-6.216481748670246,0.19211274258898126,4.0142600411931255
-6.216481748670246,0.834438269398369,4.014260041193104
-6.216481748670246,1.0485467783348321,4.0142600411931255
-6.216481748670246,1.2626552872712953,4.014260041193104
-6.216481748670246,2.3331978319536084,4.014260041193104
-6.216481748670246,2.7614148498265347,4.014260041193104
-5.95052798407626,-5.374708489759051,4.014260041193104
-5.95052798407626,-4.946491471886125,4.014260041193115
-5.95052798407626,-4.5182744540132,2.285412343440499
-5.95052798407626,-2.591297873585035,2.285412343440499
-5.95052798407626,-1.9489723467756463,4.014260041193115
-5.95052798407626,-0.8784298020933328,4.014260041193104
-5.95052798407626,1.2626552872712953,4.014260041193104
-5.95052798407626,2.5473063408900716,4.0142600411931255
-5.684574219482272,-5.802925507631977,4.014260041193113
-5.684574219482272,-5.160599980822589,4.014260041193123
-5.684574219482272,-4.5182744540132,4.014260041193123
-5.684574219482272,-4.304165945076737,4.014260041193113
-5.684574219482272,-3.661840418267349,4.014260041193123
-5.684574219482272,-3.4477319093308862,4.014260041193113
-5.684574219482272,-3.0195148914579604,4.014260041193123
-5.684574219482272,-2.8054063825214977,4.014260041193113
-5.684574219482272,-1.9489723467756463,4.014260041193123
-5.684574219482272,-1.5207553289027214,4.014260041193113
-5.684574219482272,-1.3066468199662582,4.0142600411931335
-5.684574219482272,-0.021995766347481904,2.285412343440497
-5.684574219482272,0.4062212515254444,4.014260041193113
-5.684574219482272,0.6203297604619067,4.014260041193113
-5.418620454888284,-6.231142525504902,4.014260041193113
-5.418620454888284,-4.5182744540132,4.014260041193123
-5.418620454888284,-3.8759489272038117,4.014260041193113
-5.418620454888284,-3.2336234003944235,4.014260041193123
-5.418620454888284,-2.8054063825214977,4.014260041193113
-5.418620454888284,-2.1630808557121095,2.285412343440507
-5.418620454888284,-1.7348638378391836,2.285412343440497
-5.418620454888284,-1.092538311029795,4.014260041193113
-5.418620454888284,-0.6643212931568705,4.014260041193113
-5.418620454888284,-0.45021278422040734,2.285412343440518
-5.418620454888284,0.6203297604619067,4.014260041193113
-5.418620454888284,1.904980814080683,4.0142600411931335
-5.152666690294296,-3.8759489272038117,4.014260041193113
-5.152666690294296,-3.661840418267349,2.285412343440507
-5.152666690294296,-2.8054063825214977,4.014260041193113
-5.152666690294296,-2.3771893646485722,4.014260041193113
-5.152666690294296,-2.1630808557121095,2.285412343440507
-5.152666690294296,-1.3066468199662582,4.0142600411931335
-5.152666690294296,-1.092538311029795,4.014260041193113
-5.152666690294296,-0.6643212931568705,4.014260041193113
-5.152666690294296,0.19211274258898126,4.0142600411931335
-5.152666690294296,1.0485467783348321,4.0142600411931335
-4.8867129257003095,-7.301685070187215,4.014260041193107
-4.8867129257003095,-6.445251034441364,4.014260041193107
-4.8867129257003095,-6.01703401656844,4.014260041193107
-4.8867129257003095,-5.160599980822589,4.014260041193107
-4.8867129257003095,-4.7323829629496625,4.014260041193096
-4.8867129257003095,-3.0195148914579604,4.014260041193107
-4.8867129257003095,-2.8054063825214977,4.014260041193096
-4.8867129257003095,-2.591297873585035,2.285412343440491
-4.8867129257003095,-2.1630808557121095,4.014260041193107
-4.8867129257003095,-1.5207553289027214,4.014260041193096
-4.8867129257003095,-1.3066468199662582,4.0142600411931175
-4.8867129257003095,-1.092538311029795,4.014260041193096
-4.8867129257003095,-0.6643212931568705,0.5565646456878649
-4.8867129257003095,0.6203297604619067,4.014260041193096
-4.8867129257003095,1.4767637962077576,4.014260041193096
-4.8867129257003095,3.6178488855723856,4.014260041193096
-4.620759161106323,-5.802925507631977,4.014260041193113
-4.620759161106323,-3.661840418267349,4.014260041193123
-4.620759161106323,-3.2336234003944235,4.014260041193123
-4.620759161106323,-2.8054063825214977,2.285412343440497
-4.620759161106323,-2.591297873585035,4.014260041193123
-4.620759161106323,-1.9489723467756463,4.014260041193123
-4.620759161106323,-1.7348638378391836,4.014260041193113
-4.620759161106323,-1.5207553289027214,4.014260041193113
-4.620759161106323,0.19211274258898126,4.0142600411931335
-4.354805396512335,-6.231142525504902,4.014260041193113
-4.354805396512335,-6.01703401656844,4.014260041193123
-4.354805396512335,-5.802925507631977,4.014260041193113
-4.354805396512335,-2.8054063825214977,4.014260041193113
-4.354805396512335,-2.591297873585035,4.014260041193123
-4.088851631918348,-6.445251034441364,4.014260041193107
-4.088851631918348,-3.661840418267349,4.014260041193107
-4.088851631918348,-3.4477319093308862,1.2741012707970973
-4.088851631918348,-3.0195148914579604,2.285412343440491
-4.088851631918348,-2.8054063825214977,4.014260041193096
-4.088851631918348,-1.092538311029795,4.014260041193096
-3.822897867324361,-3.8759489272038117,4.014260041193113
-3.822897867324361,-3.661840418267349,4.014260041193123
-3.822897867324361,-3.0195148914579604,2.285412343440507
-3.822897867324361,-2.8054063825214977,4.014260041193113
-3.822897867324361,-2.3771893646485722,4.014260041193113
-3.822897867324361,-1.9489723467756463,4.014260041193123
-3.822897867324361,-0.23610427528394418,4.014260041193113
-3.556944102730373,-6.445251034441364,4.014260041193123
-3.556944102730373,-4.946491471886125,4.014260041193123
-3.556944102730373,-4.304165945076737,4.014260041193113
-3.556944102730373,-3.8759489272038117,4.014260041193113
-3.556944102730373,-3.661840418267349,4.014260041193123
-3.556944102730373,-3.4477319093308862,4.014260041193113
-3.556944102730373,-2.8054063825214977,4.014260041193113
-3.556944102730373,-1.9489723467756463,4.014260041193123
-3.2909903381363854,-6.231142525504902,4.014260041193113
-3.2909903381363854,-6.01703401656844,4.014260041193123
-3.2909903381363854,-4.5182744540132,4.014260041193123
-3.2909903381363854,-4.090057436140274,4.014260041193123
-3.2909903381363854,-2.8054063825214977,4.014260041193113
-3.2909903381363854,-2.3771893646485722,2.285412343440497
-3.0250365735423976,-7.944010596996605,4.0142600411931335
-3.0250365735423976,-5.588816998695513,4.014260041193123
-3.0250365735423976,-5.374708489759051,4.014260041193113
-3.0250365735423976,-3.661840418267349,4.014260041193123
-3.0250365735423976,-3.2336234003944235,4.014260041193123
-3.0250365735423976,-2.8054063825214977,2.285412343440497
-3.0250365735423976,-2.591297873585035,2.285412343440507
-3.0250365735423976,-2.3771893646485722,4.014260041193113
-3.0250365735423976,-0.23610427528394418,4.014260041193113
-3.0250365735423976,-0.021995766347481904,4.014260041193113
-2.7590828089484107,-4.304165945076737,2.2854123434404805
-2.7590828089484107,-4.090057436140274,2.285412343440491
-2.7590828089484107,-3.4477319093308862,2.2854123434404805
-2.493129044354424,-6.231142525504902,4.014260041193113
-2.493129044354424,-3.0195148914579604,4.014260041193123
-2.493129044354424,-2.3771893646485722,2.285412343440497
-2.493129044354424,-1.9489723467756463,4.014260041193123
-2.493129044354424,-1.7348638378391836,4.014260041193113
-2.493129044354424,-1.5207553289027214,4.014260041193113
-2.227175279760436,-6.445251034441364,4.014260041193123
-2.227175279760436,-4.5182744540132,4.014260041193123
-2.227175279760436,-1.9489723467756463,2.285412343440507
-1.9612215151664492,-3.8759489272038117,4.014260041193096
-1.9612215151664492,-3.2336234003944235,4.014260041193107
-1.6952677505724623,-5.588816998695513,4.014260041193123
-1.6952677505724623,-3.4477319093308862,4.014260041193113
-1.6952677505724623,-2.8054063825214977,4.014260041193113
-1.6952677505724623,-2.591297873585035,4.014260041193123
-1.4293139859784745,-4.7323829629496625,4.014260041193113
-1.4293139859784745,-2.8054063825214977,4.014260041193113
-1.4293139859784745,-2.1630808557121095,4.014260041193123
-1.4293139859784745,-0.8784298020933328,4.014260041193113
-1.1633602213844867,-7.087576561250753,4.014260041193113
-1.1633602213844867,-2.1630808557121095,4.014260041193123
-0.8974064567904989,-3.0195148914579604,4.014260041193123
-0.8974064567904989,-2.8054063825214977,4.014260041193113
-0.8974064567904989,-2.1630808557121095,4.014260041193123
-0.8974064567904989,-1.3066468199662582,4.0142600411931335
-0.8974064567904989,-0.23610427528394418,4.014260041193113
-0.631452692196512,-5.374708489759051,4.014260041193096
-0.631452692196512,-4.304165945076737,2.2854123434404805
-0.631452692196512,-3.4477319093308862,4.014260041193096
-0.3654989276025251,-4.304165945076737,4.014260041193113
-0.3654989276025251,-2.591297873585035,1.2741012707971244
-0.3654989276025251,-2.1630808557121095,4.014260041193123
0.16640860158544957,-5.588816998695513,4.014260041193107
0.16640860158544957,-3.0195148914579604,4.014260041193107
0.16640860158544957,-2.591297873585035,4.014260041193107
0.16640860158544957,-2.3771893646485722,4.014260041193096
0.6983161307734242,-5.802925507631977,4.014260041193113
0.964269895367412,-7.944010596996605,4.0142600411931335
0.964269895367412,-5.588816998695513,4.014260041193123
0.964269895367412,-2.1630808557121095,4.014260041193123
1.4961774245553867,-3.2336234003944235,4.014260041193107
1.7621311891493736,-5.588816998695513,4.014260041193123
2.0280849537433605,-6.873468052314291,4.014260041193096
2.2940387183373474,-9.87098717742477,4.014260041193113
2.2940387183373474,-7.7299020880601415,4.014260041193113
2.825946247525323,-9.87098717742477,4.014260041193113
2.825946247525323,-8.37222761486953,4.014260041193113
2.825946247525323,-7.087576561250753,4.014260041193113
2.825946247525323,-5.374708489759051,4.014260041193113
3.0919000121193108,-8.37222761486953,4.014260041193113
3.0919000121193108,-7.087576561250753,4.014260041193113
3.0919000121193108,-5.588816998695513,4.014260041193123
3.0919000121193108,-3.8759489272038117,4.014260041193113
3.3578537767132985,-9.442770159551843,4.014260041193113
3.3578537767132985,-8.158119105933068,4.014260041193113
3.3578537767132985,-7.944010596996605,4.0142600411931335
3.3578537767132985,-7.7299020880601415,4.014260041193113
3.3578537767132985,-7.087576561250753,4.014260041193113
3.6238075413072863,-9.228661650615381,4.014260041193113
3.6238075413072863,-9.014553141678919,4.014260041193113
3.6238075413072863,-8.158119105933068,4.014260041193113
3.6238075413072863,-7.944010596996605,4.0142600411931335
3.6238075413072863,-6.445251034441364,4.014260041193123
3.6238075413072863,-6.231142525504902,4.014260041193113
3.6238075413072863,-6.01703401656844,4.014260041193123
3.889761305901274,-9.014553141678919,4.014260041193113
3.889761305901274,-6.659359543377828,2.285412343440507
3.889761305901274,-6.445251034441364,4.014260041193123
3.889761305901274,-4.7323829629496625,4.014260041193113
3.889761305901274,-3.8759489272038117,4.014260041193113
3.889761305901274,-2.1630808557121095,4.014260041193123
4.15571507049526,-8.37222761486953,4.014260041193079
4.15571507049526,-8.158119105933068,2.285412343440464
4.15571507049526,-7.7299020880601415,2.285412343440464
4.15571507049526,-7.515793579123679,4.014260041193089
4.15571507049526,-7.301685070187215,4.014260041193089
4.15571507049526,-6.873468052314291,4.014260041193079
4.15571507049526,-6.659359543377828,1.2741012707970905
4.15571507049526,-5.802925507631977,4.014260041193079
4.15571507049526,-5.588816998695513,4.014260041193089
4.15571507049526,-4.946491471886125,4.014260041193089
4.421668835089246,-8.800444632742455,4.0142600411931335
4.421668835089246,-8.158119105933068,4.014260041193113
4.421668835089246,-7.7299020880601415,4.014260041193113
4.421668835089246,-7.301685070187215,2.285412343440507
4.421668835089246,-6.873468052314291,4.014260041193113
4.421668835089246,-6.659359543377828,4.014260041193123
4.421668835089246,-6.231142525504902,1.274101270797114
4.421668835089246,-5.374708489759051,2.285412343440497
4.421668835089246,-4.5182744540132,4.014260041193123
4.421668835089246,-0.6643212931568705,4.014260041193113
4.421668835089246,2.7614148498265347,4.014260041193113
4.687622599683234,-7.087576561250753,4.014260041193113
4.687622599683234,-6.873468052314291,4.014260041193113
4.687622599683234,-6.659359543377828,2.285412343440507
4.687622599683234,-6.445251034441364,4.014260041193123
4.687622599683234,-6.231142525504902,0.5565646456878814
4.687622599683234,-5.588816998695513,4.014260041193123
4.687622599683234,-4.7323829629496625,4.014260041193113
4.687622599683234,-4.304165945076737,4.014260041193113
4.687622599683234,-0.8784298020933328,2.285412343440497
4.687622599683234,-0.23610427528394418,4.014260041193113
4.687622599683234,2.3331978319536084,4.014260041193113
4.953576364277222,-9.87098717742477,2.285412343440497
4.953576364277222,-8.586336123805992,4.014260041193113
4.953576364277222,-7.944010596996605,4.0142600411931335
4.953576364277222,-7.515793579123679,4.014260041193123
4.953576364277222,-7.301685070187215,0.5565646456878915
4.953576364277222,-7.087576561250753,2.285412343440497
4.953576364277222,-6.873468052314291,4.014260041193113
4.953576364277222,-6.659359543377828,4.014260041193123
4.953576364277222,-6.231142525504902,4.014260041193113
4.953576364277222,-4.5182744540132,4.014260041193123
4.953576364277222,-3.2336234003944235,4.014260041193123
4.953576364277222,-0.6643212931568705,2.285412343440497
5.2195301288712095,-9.228661650615381,4.014260041193113
5.2195301288712095,-8.800444632742455,1.2741012707971342
5.2195301288712095,-8.158119105933068,2.285412343440497
5.2195301288712095,-7.515793579123679,2.285412343440507
5.2195301288712095,-7.087576561250753,4.014260041193113
5.2195301288712095,-6.873468052314291,4.014260041193113
5.2195301288712095,-6.659359543377828,4.014260041193123
5.2195301288712095,-6.01703401656844,4.014260041193123
5.2195301288712095,-5.802925507631977,4.014260041193113
5.2195301288712095,-5.588816998695513,4.014260041193123
5.2195301288712095,-4.946491471886125,4.014260041193123
5.2195301288712095,-4.304165945076737,2.285412343440497
5.485483893465197,-9.442770159551843,4.014260041193113
5.485483893465197,-9.228661650615381,4.014260041193113
5.485483893465197,-8.800444632742455,1.2741012707971342
5.485483893465197,-8.586336123805992,4.014260041193113
5.485483893465197,-8.37222761486953,4.014260041193113
5.485483893465197,-8.158119105933068,2.285412343440497
5.485483893465197,-7.944010596996605,4.0142600411931335
5.485483893465197,-7.301685070187215,4.014260041193123
5.485483893465197,-7.087576561250753,4.014260041193113
5.485483893465197,-6.659359543377828,2.285412343440507
5.485483893465197,-6.231142525504902,0.5565646456878814
5.485483893465197,-6.01703401656844,4.014260041193123
5.485483893465197,-5.588816998695513,4.014260041193123
5.485483893465197,-4.946491471886125,4.014260041193123
5.485483893465197,-4.5182744540132,4.014260041193123
5.485483893465197,-3.8759489272038117,4.014260041193113
5.485483893465197,1.2626552872712953,4.014260041193113
5.485483893465197,2.119089323017146,4.014260041193113
5.751437658059185,-8.586336123805992,4.014260041193113
5.751437658059185,-8.37222761486953,2.285412343440497
5.751437658059185,-7.515793579123679,2.285412343440507
5.751437658059185,-6.659359543377828,4.014260041193123
5.751437658059185,-6.445251034441364,4.014260041193123
5.751437658059185,-6.231142525504902,2.285412343440497
5.751437658059185,-5.588816998695513,4.014260041193123
5.751437658059185,-5.160599980822589,2.285412343440507
5.751437658059185,-4.7323829629496625,4.014260041193113
5.751437658059185,-4.304165945076737,4.014260041193113
5.751437658059185,-3.8759489272038117,4.014260041193113
5.751437658059185,-2.591297873585035,4.014260041193123
5.751437658059185,-1.7348638378391836,2.285412343440497
5.751437658059185,-1.5207553289027214,2.285412343440497
5.751437658059185,-1.092538311029795,4.014260041193113
5.751437658059185,5.116608448127625,4.014260041193113
6.017391422653171,-9.014553141678919,4.014260041193079
6.017391422653171,-8.586336123805992,4.014260041193079
6.017391422653171,-8.37222761486953,4.014260041193079
6.017391422653171,-7.515793579123679,4.014260041193089
6.017391422653171,-7.087576561250753,4.014260041193079
6.017391422653171,-6.873468052314291,4.014260041193079
6.017391422653171,-6.231142525504902,4.014260041193079
6.017391422653171,-6.01703401656844,2.2854123434404743
6.017391422653171,-5.588816998695513,2.2854123434404743
6.017391422653171,-1.9489723467756463,4.014260041193089
6.017391422653171,-0.8784298020933328,4.014260041193079
6.017391422653171,0.4062212515254444,4.014260041193079
6.017391422653171,0.6203297604619067,4.014260041193079
6.017391422653171,1.2626552872712953,4.014260041193079
6.017391422653171,1.4767637962077576,4.014260041193079
6.017391422653171,1.6908723051442198,4.014260041193079
6.017391422653171,3.4037403766359224,4.0142600411931
6.283345187247157,-9.014553141678919,4.014260041193113
6.283345187247157,-7.944010596996605,4.0142600411931335
6.283345187247157,-6.873468052314291,2.285412343440497
6.283345187247157,-5.802925507631977,2.285412343440497
6.283345187247157,-5.588816998695513,4.014260041193123
6.283345187247157,-5.160599980822589,4.014260041193123
6.283345187247157,-4.946491471886125,4.014260041193123
6.283345187247157,-0.23610427528394418,4.014260041193113
6.283345187247157,0.19211274258898126,4.0142600411931335
6.283345187247157,2.119089323017146,4.014260041193113
6.283345187247157,2.5473063408900716,4.0142600411931335
6.283345187247157,4.4742829213182365,4.014260041193113
6.549298951841145,-8.586336123805992,4.014260041193113
6.549298951841145,-8.37222761486953,4.014260041193113
6.549298951841145,-7.515793579123679,4.014260041193123
6.549298951841145,-7.301685070187215,2.285412343440507
6.549298951841145,-6.659359543377828,0.5565646456878915
6.549298951841145,-5.802925507631977,2.285412343440497
6.549298951841145,-5.588816998695513,4.014260041193123
6.549298951841145,-5.160599980822589,2.285412343440507
6.549298951841145,-4.7323829629496625,4.014260041193113
6.549298951841145,-4.090057436140274,4.014260041193123
6.549298951841145,-2.1630808557121095,4.014260041193123
6.549298951841145,-1.3066468199662582,4.0142600411931335
6.549298951841145,0.4062212515254444,4.014260041193113
6.815252716435133,-9.442770159551843,4.014260041193113
6.815252716435133,-9.014553141678919,4.014260041193113
6.815252716435133,-8.158119105933068,4.014260041193113
6.815252716435133,-6.873468052314291,4.014260041193113
6.815252716435133,-5.802925507631977,4.014260041193113
6.815252716435133,-5.588816998695513,4.014260041193123
6.815252716435133,-5.374708489759051,4.014260041193113
6.815252716435133,-4.304165945076737,4.014260041193113
6.815252716435133,-1.5207553289027214,4.014260041193113
6.815252716435133,-0.8784298020933328,4.014260041193113
6.815252716435133,0.6203297604619067,2.285412343440497
6.815252716435133,1.4767637962077576,4.014260041193113
6.815252716435133,3.1896318676994593,4.014260041193113
6.815252716435133,3.6178488855723856,4.014260041193113
6.815252716435133,3.831957394508848,4.014260041193113
7.08120648102912,-7.301685070187215,4.014260041193123
7.08120648102912,-7.087576561250753,4.014260041193113
7.08120648102912,-3.8759489272038117,4.014260041193113
7.08120648102912,-1.7348638378391836,2.285412343440497
7.08120648102912,-1.092538311029795,4.014260041193113
7.08120648102912,-0.23610427528394418,4.014260041193113
7.08120648102912,1.6908723051442198,4.014260041193113
7.08120648102912,2.119089323017146,4.014260041193113
7.08120648102912,2.3331978319536084,4.014260041193113
7.08120648102912,2.975523358762997,4.014260041193113
7.08120648102912,4.046065903445311,4.0142600411931335
7.08120648102912,4.688391430254699,4.014260041193113
7.347160245623108,-6.873468052314291,4.014260041193113
7.347160245623108,-6.01703401656844,4.014260041193123
7.347160245623108,-5.374708489759051,4.014260041193113
7.347160245623108,-5.160599980822589,4.014260041193123
7.347160245623108,0.4062212515254444,2.285412343440497
7.347160245623108,3.4037403766359224,4.0142600411931335
7.347160245623108,4.260174412381774,4.014260041193113
7.347160245623108,4.4742829213182365,2.285412343440497
7.347160245623108,5.116608448127625,4.014260041193113
7.347160245623108,5.758933974937014,4.014260041193113
7.347160245623108,6.401259501746402,4.014260041193113
7.613114010217096,-7.515793579123679,4.014260041193123
7.613114010217096,2.119089323017146,4.014260041193113
7.613114010217096,2.7614148498265347,4.014260041193113
7.613114010217096,3.4037403766359224,4.0142600411931335
7.613114010217096,3.831957394508848,4.014260041193113
7.613114010217096,4.046065903445311,4.0142600411931335
7.613114010217096,4.260174412381774,2.285412343440497
7.613114010217096,4.688391430254699,4.014260041193113
7.613114010217096,5.116608448127625,4.014260041193113
7.613114010217096,5.758933974937014,4.014260041193113
7.613114010217096,6.829476519619327,4.014260041193113
7.879067774811084,3.6178488855723856,4.014260041193113
7.879067774811084,4.4742829213182365,4.014260041193113
7.879067774811084,4.688391430254699,1.274101270797114
7.879067774811084,4.902499939191162,4.0142600411931335
7.879067774811084,5.116608448127625,4.014260041193113
7.879067774811084,5.330716957064087,4.014260041193113
7.879067774811084,6.18715099280994,4.014260041193113
7.879067774811084,6.401259501746402,4.014260041193113
7.879067774811084,6.829476519619327,2.285412343440497
8.145021539405072,2.7614148498265347,4.014260041193113
8.145021539405072,2.975523358762997,4.014260041193113
8.145021539405072,3.1896318676994593,4.014260041193113
8.145021539405072,3.4037403766359224,4.0142600411931335
8.145021539405072,3.6178488855723856,4.014260041193113
8.145021539405072,4.046065903445311,4.0142600411931335
8.145021539405072,4.260174412381774,4.014260041193113
8.145021539405072,4.4742829213182365,2.285412343440497
8.145021539405072,4.688391430254699,4.014260041193113
8.145021539405072,4.902499939191162,4.0142600411931335
8.145021539405072,5.116608448127625,4.014260041193113
8.145021539405072,5.330716957064087,4.014260041193113
8.145021539405072,5.758933974937014,4.014260041193113
8.145021539405072,5.973042483873477,4.0142600411931335
8.145021539405072,6.18715099280994,2.285412343440497
8.145021539405072,6.6153680106828645,2.285412343440497
8.410975303999058,-7.087576561250753,4.014260041193079
8.410975303999058,-6.659359543377828,4.014260041193089
8.410975303999058,2.5473063408900716,4.0142600411931
8.410975303999058,3.6178488855723856,4.014260041193079
8.410975303999058,3.831957394508848,2.285412343440464
8.410975303999058,4.4742829213182365,0.5565646456878482
8.410975303999058,4.688391430254699,4.014260041193079
8.410975303999058,4.902499939191162,4.0142600411931
8.410975303999058,5.5448254660005505,2.2854123434404845
8.410975303999058,5.758933974937014,4.014260041193079
8.410975303999058,5.973042483873477,2.2854123434404845
8.410975303999058,6.401259501746402,2.285412343440464
8.410975303999058,7.043585028555789,4.014260041193079
8.410975303999058,7.257693537492251,4.014260041193079
8.676929068593044,-1.5207553289027214,4.014260041193113
8.676929068593044,1.6908723051442198,4.014260041193113
8.676929068593044,2.119089323017146,4.014260041193113
8.676929068593044,4.260174412381774,4.014260041193113
8.676929068593044,4.4742829213182365,2.285412343440497
8.676929068593044,4.688391430254699,4.014260041193113
8.676929068593044,4.902499939191162,2.285412343440518
8.676929068593044,5.330716957064087,4.014260041193113
8.676929068593044,5.5448254660005505,1.2741012707971342
8.676929068593044,5.758933974937014,0.5565646456878814
8.676929068593044,6.401259501746402,4.014260041193113
8.676929068593044,6.6153680106828645,4.014260041193113
8.676929068593044,6.829476519619327,4.014260041193113
8.942882833187031,4.046065903445311,2.285412343440518
8.942882833187031,4.260174412381774,4.014260041193113
8.942882833187031,4.4742829213182365,2.285412343440497
8.942882833187031,4.688391430254699,4.014260041193113
8.942882833187031,4.902499939191162,1.2741012707971342
8.942882833187031,5.116608448127625,4.014260041193113
8.942882833187031,5.5448254660005505,2.285412343440518
8.942882833187031,5.758933974937014,2.285412343440497
8.942882833187031,6.401259501746402,4.014260041193113
8.942882833187031,6.6153680106828645,4.014260041193113
8.942882833187031,6.829476519619327,2.285412343440497
8.942882833187031,7.257693537492251,4.014260041193113
8.942882833187031,7.900019064301642,4.014260041193113
9.20883659778102,-0.8784298020933328,4.014260041193113
9.20883659778102,3.4037403766359224,4.0142600411931335
9.20883659778102,3.6178488855723856,4.014260041193113
9.20883659778102,3.831957394508848,2.285412343440497
9.20883659778102,4.260174412381774,2.285412343440497
9.20883659778102,4.4742829213182365,4.014260041193113
9.20883659778102,4.688391430254699,2.285412343440497
9.20883659778102,4.902499939191162,2.285412343440518
9.20883659778102,5.116608448127625,2.285412343440497
9.20883659778102,5.330716957064087,2.285412343440497
9.20883659778102,5.758933974937014,4.014260041193113
9.20883659778102,5.973042483873477,4.0142600411931335
9.20883659778102,6.18715099280994,4.014260041193113
9.20883659778102,6.6153680106828645,2.285412343440497
9.20883659778102,6.829476519619327,4.014260041193113
9.20883659778102,7.685910555365179,4.014260041193113
9.20883659778102,8.328236082174566,4.014260041193113
9.474790362375007,3.831957394508848,2.285412343440497
9.474790362375007,4.046065903445311,4.0142600411931335
9.474790362375007,4.260174412381774,2.285412343440497
9.474790362375007,4.4742829213182365,1.274101270797114
9.474790362375007,4.688391430254699,4.014260041193113
9.474790362375007,5.330716957064087,2.285412343440497
9.474790362375007,5.5448254660005505,4.0142600411931335
9.474790362375007,5.758933974937014,2.285412343440497
9.474790362375007,5.973042483873477,1.2741012707971342
9.474790362375007,6.401259501746402,1.274101270797114
9.474790362375007,6.829476519619327,4.014260041193113
9.740744126968995,3.6178488855723856,2.285412343440497
9.740744126968995,4.046065903445311,1.2741012707971342
9.740744126968995,4.260174412381774,1.274101270797114
9.740744126968995,4.688391430254699,4.014260041193113
9.740744126968995,4.902499939191162,-0.0
9.740744126968995,5.330716957064087,4.014260041193113
9.740744126968995,5.5448254660005505,4.0142600411931335
9.740744126968995,5.758933974937014,4.014260041193113
9.740744126968995,5.973042483873477,1.2741012707971342
9.740744126968995,6.18715099280994,4.014260041193113
9.740744126968995,7.043585028555789,4.014260041193113
9.740744126968995,7.257693537492251,4.014260041193113
9.740744126968995,7.471802046428715,1.2741012707971555
9.740744126968995,8.114127573238104,4.014260041193113
10.006697891562983,3.6178488855723856,4.014260041193113
10.006697891562983,3.831957394508848,4.014260041193113
10.006697891562983,4.046065903445311,4.0142600411931335
10.006697891562983,4.4742829213182365,4.014260041193113
10.006697891562983,5.116608448127625,4.014260041193113
10.006697891562983,5.330716957064087,4.014260041193113
10.006697891562983,5.5448254660005505,2.285412343440518
10.006697891562983,5.758933974937014,4.014260041193113
10.006697891562983,6.18715099280994,4.014260041193113
10.006697891562983,6.6153680106828645,4.014260041193113
10.006697891562983,6.829476519619327,2.285412343440497
10.006697891562983,7.043585028555789,4.014260041193113
10.272651656156969,4.260174412381774,4.014260041193079
10.272651656156969,4.688391430254699,1.2741012707970807
10.272651656156969,5.330716957064087,2.285412343440464
10.272651656156969,5.5448254660005505,2.2854123434404845
10.272651656156969,5.973042483873477,4.0142600411931
10.272651656156969,6.18715099280994,4.014260041193079
10.272651656156969,6.401259501746402,4.014260041193079
10.272651656156969,6.6153680106828645,4.014260041193079
10.538605420750955,4.4742829213182365,4.014260041193113
10.538605420750955,5.116608448127625,4.014260041193113
10.538605420750955,5.5448254660005505,4.0142600411931335
10.538605420750955,5.758933974937014,2.285412343440497
10.538605420750955,6.6153680106828645,4.014260041193113
10.538605420750955,6.829476519619327,4.014260041193113
10.804559185344942,4.4742829213182365,4.014260041193113
10.804559185344942,4.902499939191162,4.0142600411931335
10.804559185344942,5.116608448127625,4.014260041193113
10.804559185344942,5.5448254660005505,4.0142600411931335
10.804559185344942,5.758933974937014,4.014260041193113
10.804559185344942,5.973042483873477,4.0142600411931335
10.804559185344942,6.18715099280994,4.014260041193113
10.804559185344942,6.6153680106828645,2.285412343440497
11.07051294993893,2.7614148498265347,4.014260041193113
11.07051294993893,5.330716957064087,4.014260041193113
11.07051294993893,5.5448254660005505,4.0142600411931335
11.07051294993893,5.758933974937014,4.014260041193113
11.07051294993893,6.401259501746402,4.014260041193113
11.07051294993893,6.6153680106828645,4.014260041193113
11.07051294993893,6.829476519619327,4.014260041193113
11.336466714532918,5.116608448127625,4.014260041193113
11.336466714532918,5.330716957064087,4.014260041193113
11.336466714532918,5.973042483873477,4.0142600411931335
11.336466714532918,7.043585028555789,2.285412343440497
11.602420479126906,5.330716957064087,4.014260041193113
11.602420479126906,5.5448254660005505,4.0142600411931335
11.868374243720893,6.6153680106828645,4.014260041193113
12.134328008314881,4.046065903445311,4.0142600411931335
12.400281772908869,5.758933974937014,4.014260041193096
