frame,PC1,PC2,cluster
0,-19.53987481786166,-11.605952504035994,2
1,-19.221130666291806,-12.157650512528654,2
2,-19.933902309902315,-11.25404662355224,2
3,-18.3884068890976,-10.939935912404607,2
4,-19.982789821182564,-11.690448003621102,2
5,-19.713066744425678,-12.76939313317665,2
6,-19.08045809476817,-10.996824107910863,2
7,-19.241850272124413,-11.459270728409166,2
8,-21.644952963687484,-11.980623884388896,2
9,-21.4263442599467,-11.962026499971634,2
10,-20.393108243535607,-12.184463539398699,2
11,-21.1883202935769,-11.539802346202986,2
12,-20.74012536730082,-12.52023744550228,2
13,-18.758221786250935,-10.69336913388539,2
14,-17.286867821730052,-11.106418368629257,2
15,-18.115671552794325,-10.164360598590507,2
16,-20.03946257285484,-10.998556622637633,2
17,-17.798936655436165,-9.174234989410088,2
18,-20.630868346837833,-9.74087965550779,2
19,-20.635174248554197,-9.774481482865331,2
20,-19.926794958920908,-10.930223657130393,2
21,-19.354131790206896,-10.414574906923372,2
22,-19.014051813253573,-10.93451897091164,2
23,-19.373631245908324,-11.309699337423341,2
24,-18.339594893862838,-11.809565779154692,2
25,-17.83518491577263,-11.928230239569942,2
26,-18.010888122698383,-11.41285140163926,2
27,-18.896327761479903,-12.050126851293491,2
28,-17.899668434787138,-11.859465907170469,2
29,-20.32775848731971,-12.167818963985164,2
30,-19.84992531767561,-12.381029116127795,2
31,-20.08490542519935,-11.425227922830251,2
32,-18.725007777808575,-12.707575550268151,2
33,-17.978184613197595,-9.011878735360423,2
34,-17.684439712932996,-10.800584195906534,2
35,-18.083835663172632,-10.528649690580993,2
36,-19.155720837126676,-10.528404496852808,2
37,-18.134878187299538,-8.566499836395854,2
38,-16.65180629909851,-12.170828743574033,2
39,-15.847437757477875,-12.974997313603453,2
40,-18.628574697411477,-11.983789499162702,2
41,-19.155015228481798,-10.876475289050413,2
42,-18.08343666049904,-12.714284690512443,2
43,-18.546325151634846,-13.828211321512171,2
44,-19.371926107593293,-10.732288763741566,2
45,-18.489841264941457,-11.997631794035499,2
46,-19.344261214876006,-10.79859694333899,2
47,-17.062167878275545,-12.895641044566041,2
48,-19.979146446841757,-11.147814216871309,2
49,-16.37919786603444,-11.347559915496046,2
50,-17.827348766844683,-12.24526734960052,2
51,-20.592357782187662,-12.35363994685533,2
52,-17.1748815395721,-11.382628598074456,2
53,-17.31633649067907,-11.581342889885486,2
54,-18.110043054806738,-10.15927378589618,2
55,-18.524585423488727,-11.81483722125385,2
56,-19.912550626302707,-14.231781520928504,2
57,-18.95896999884529,-12.582364238576147,2
58,-19.61306825584918,-13.524026961449044,2
59,-16.868623123341923,-10.852266373539363,2
60,-18.68734449949602,-10.33942922600471,2
61,-18.585802055421766,-9.60188000555558,2
62,-19.571559438080566,-9.904585695238277,2
63,-20.403826731584886,-9.357897966875099,2
64,-18.109578292361817,-9.319910646614503,2
65,-19.056227180717826,-8.397449568953807,2
66,-18.757920639969253,-7.681695481884617,2
67,-19.11550783490604,-8.235900604071471,2
68,-17.709598876737125,-9.481304445938745,2
69,-17.563384765182636,-8.022911630710732,2
70,-18.819315485764758,-10.34135485574025,2
71,-20.57976478223555,-9.669950637782662,2
72,-17.938632538764075,-9.011123515962066,2
73,-20.165332191194512,-9.138919199740114,2
74,-18.538353564690716,-10.977542691477227,2
75,-17.624100756857334,-9.288585980397508,2
76,-19.67884634473038,-9.041049824888004,2
77,-17.365431432496717,-9.708241447315856,2
78,-17.805960860298434,-8.615842912209299,2
79,-16.53065342825686,-9.172591558017878,2
80,-17.55944394231628,-8.28724541468185,2
81,-17.94825940735672,-6.810990928720955,2
82,-16.805525286098135,-7.5438389520974285,2
83,-16.196048574243076,-9.651538353927076,2
84,-17.16323703627583,-7.7479180328562665,2
85,-18.577960579940655,-6.2716520642725015,2
86,-15.74344605105281,-7.0181493102711086,2
87,-15.949191934944459,-5.6681494618288575,2
88,-15.691474189106572,-5.633173772566109,2
89,-15.519927806720233,-8.407963560149003,2
90,-16.491072429882436,-7.683222836615573,2
91,-16.901584996488598,-7.738390079126242,2
92,-18.12547033934017,-8.571633194367301,2
93,-16.988477072489236,-5.744282736143991,2
94,-16.689213024751307,-7.576291577181464,2
95,-16.63047818569233,-6.127365782868668,2
96,-18.47544211131283,-7.200969331395878,2
97,-16.227963128006675,-7.636573317645908,2
98,-17.67519481898922,-6.0853219570552834,2
99,-15.63090082708743,-5.996891079880517,2
100,-17.246699148793233,-4.750243639749435,2
101,-14.647582909486866,-4.705491062161369,2
102,-16.988149205599154,-5.294267868639615,2
103,-17.526207518357076,-5.2204360909363094,2
104,-15.109298668494098,-4.125684995736651,2
105,-18.46248000545282,-1.9456065635693818,2
106,-18.352573690679286,-3.330837488029871,2
107,-17.948511850201843,-4.094123815421356,2
108,-16.672422966068677,-3.14562269536471,2
109,-16.011928587147967,-3.942338709375883,2
110,-17.612204702814218,-4.14750535181877,2
111,-18.45208081089953,-3.53254092229495,2
112,-17.57496386009188,-4.553729670819656,2
113,-16.57279003215303,-3.004213934066155,2
114,-14.956330148582818,-3.310235308186066,2
115,-16.329281217372337,-2.4482391967754804,2
116,-14.137809991594132,2.5351033436780646,0
117,-13.22478435780679,1.5029258362503073,0
118,-14.334287723077837,-0.659188725987356,2
119,-13.00923681821411,2.2210646372805525,0
120,-16.097400158526977,-0.04923978231865766,2
121,-15.869060235078514,0.592656759305779,2
122,-14.362450273021203,-0.5732976369126381,2
123,-15.243610690784363,1.055216163709678,0
124,-13.495756162386844,0.39998505711026744,0
125,-13.558706728954641,2.3146357515961,0
126,-13.526013163190566,1.2994234086779526,0
127,-13.021348656491368,3.7315146748826717,0
128,-13.01603699818033,1.782953210277662,0
129,-13.734646999652973,-0.4403941906794878,2
130,-13.616210088715409,1.0751637067579085,0
131,-11.277232889283452,0.8063604780028807,0
132,-13.522098827326866,0.009942082819493466,0
133,-12.016306258720551,1.5911903785007708,0
134,-13.773607523816889,3.3422507862678628,0
135,-13.656474566167148,-0.9165401180399038,2
136,-13.24080965242141,0.3372079723472962,0
137,-13.31704040185259,3.2436505608978963,0
138,-13.829855024257979,3.666860543325105,0
139,-13.805683001377602,2.939218180135353,0
140,-11.540845193967499,4.134319194924912,0
141,-13.88064579932096,2.2793761107826267,0
142,-13.2567684190961,3.130337301833113,0
143,-13.567971494614122,1.808921498103899,0
144,-14.860241489382613,2.998717025214029,0
145,-14.525122167584392,1.1271333881344425,0
146,-13.508889259756705,2.4413495763740647,0
147,-14.491665556948227,3.1583364078474476,0
148,-13.050862468562388,3.810424472619415,0
149,-13.033897634035709,3.2898136930019404,0
150,-14.379647656924844,2.1346733277009626,0
151,-13.808759503034842,3.4152225755997008,0
152,-10.659147864213567,3.6874389904235647,0
153,-11.990853435137286,4.730364132227693,0
154,-10.615416739103715,2.0267963501023987,0
155,-13.241119819382973,3.8143670732849984,0
156,-11.623205243403206,5.215867384925361,0
157,-13.88718505723192,5.999559587348726,0
158,-11.727117657850238,4.303739739999158,0
159,-12.455421407768648,4.457624551795627,0
160,-12.635363496845894,4.447943387849479,0
161,-13.735624186663669,3.571634893974636,0
162,-11.706032331456552,3.8118332322549704,0
163,-13.161031267236737,1.0792032348592866,0
164,-13.50523652981339,3.9483754512577067,0
165,-11.880786733771455,5.049057819674176,0
166,-12.520351392772108,4.641690482554345,0
167,-13.496309293926474,5.127204125583105,0
168,-12.7755082938306,5.216301258356068,0
169,-11.760479251020536,5.567508547631711,0
170,-13.230736679005036,6.715127693184815,0
171,-12.79059130550248,5.861106135786902,0
172,-11.487827772834128,7.134878425233089,0
173,-12.889095897671709,5.819746405920131,0
174,-11.470182058588847,5.126978721684959,0
175,-11.096578978246104,4.571820558719343,0
176,-11.797560455210826,5.840406191745831,0
177,-10.926126455791907,5.178963721143686,0
178,-10.41108542303805,6.662170071661893,0
179,-10.675106216054232,7.874876773603416,0
180,-11.55634184396882,5.6843530375123725,0
181,-10.610473104509392,6.986081415079725,0
182,-11.654556714550152,4.235771660943452,0
183,-12.86472198983427,4.43943405911443,0
184,-12.168281761096193,6.626351059383933,0
185,-8.905434078132085,6.337841029708445,0
186,-9.228656852602466,3.4124916085196317,0
187,-10.102652032278499,3.2864931834019533,0
188,-10.613606726516872,3.7366737731269812,0
189,-8.133413636592001,6.456167127227561,0
190,-9.041791988712458,5.387739001263488,0
191,-8.40260495952193,4.734618232911138,0
192,-8.22552432630332,6.050306386595626,0
193,-11.230899202875714,6.160548106807383,0
194,-9.222147306259203,7.900262075359201,0
195,-8.718740477433629,7.482413944440057,0
196,-9.754520695400364,6.688017043192207,0
197,-7.904757646138247,5.7367838213690785,0
198,-8.105695682402777,5.574998878767627,0
199,-8.279613182132413,5.953465801627775,0
200,-6.969698340193551,5.647020823983246,0
201,-7.699526727753238,5.057411769661736,0
202,-9.10469365901577,4.7875497025125595,0
203,-9.32609121221995,4.6123624700738315,0
204,-8.883624271078686,4.730300493110262,0
205,-8.484280829491384,5.961551189177967,0
206,-8.214809452352002,5.61509744986237,0
207,-8.59493879336915,6.448585150386111,0
208,-8.500458036695186,6.179116854524583,0
209,-8.802022441718563,5.65116787525026,0
210,-7.084294991705428,7.084327649892308,0
211,-6.872110677471213,5.793261320902279,0
212,-8.674392339970968,6.9967879940144675,0
213,-7.195994248327795,5.71220641800243,0
214,-8.78456240853332,7.577301422338503,0
215,-6.584669079163277,7.150522202708455,0
216,-9.252204861286655,6.224420483195397,0
217,-7.905405000316954,6.3253260449624715,0
218,-8.536568052422036,5.454852254038409,0
219,-8.332965343551283,7.499531644191378,0
220,-8.486246528674988,7.59298763149715,0
221,-7.41117399659056,7.229930455245064,0
222,-8.50122340176154,6.051938168940904,0
223,-7.987912919510155,8.647967717697078,0
224,-7.357635333167243,9.624541855722725,0
225,-8.263930379501568,9.09059397258378,0
226,-8.222524361633301,7.250137924248935,0
227,-7.749767789331123,7.806856768317436,0
228,-6.921707487810144,6.606202066007779,0
229,-8.444285239394995,7.261047176956456,0
230,-7.5494860767566605,8.719589834863635,0
231,-10.019872946255486,10.568707259439936,0
232,-8.050270542882856,8.469554260549346,0
233,-8.70611896330065,8.45095530583287,0
234,-7.810654231216038,8.61143120877909,0
235,-8.602813807412346,7.748396188111151,0
236,-9.055338211872296,8.207090007680751,0
237,-9.260212981986445,8.449605359793502,0
238,-9.095837048710301,11.877852301297517,0
239,-8.316626146814173,9.314376901476411,0
240,-8.08172481677024,11.169146538978755,0
241,-10.346684455965901,11.478152006396073,0
242,-9.10441874439035,9.409442077767896,0
243,-6.69076821392055,8.767071821040238,0
244,-9.217539380629372,9.915822926394652,0
245,-9.292782918508506,12.181915960990384,0
246,-9.033996079865084,9.788062960762815,0
247,-7.732086405105024,8.980804103109445,0
248,-8.357329132093083,11.503800776583917,0
249,-8.87540751860171,10.18372184476962,0
250,-8.855662960085779,8.436819870795008,0
251,-8.255193053839289,11.104494126183308,0
252,-8.010191571245086,9.963021980783733,0
253,-9.546943947990103,11.615841105171217,0
254,-7.178285250447258,11.676561723392966,0
255,-6.311092466742066,12.023337958184323,0
256,-7.652471477019169,10.819794003684597,0
257,-5.400991761381257,11.643353778875348,0
258,-7.584329144346416,11.147333749643368,0
259,-7.17036000651298,10.30520739630405,0
260,-7.220360538572831,10.063559682184525,0
261,-8.259222744240878,11.61630758179337,0
262,-9.93591781026294,13.095279058506993,0
263,-9.566385785152022,9.522695824020802,0
264,-6.482703170542263,9.524593240811535,0
265,-7.459174679301606,9.916483774812452,0
266,-7.7423175876175945,7.830614648578091,0
267,-7.190044087101435,10.546394888443668,0
268,-9.100038762312419,10.618607604257674,0
269,-7.758765870621256,10.938622853122979,0
270,-7.995194369705906,8.789210553832042,0
271,-8.689900808646081,11.780537191752158,0
272,-8.246346535642523,12.878583885187291,0
273,-6.965709935733666,10.145036255096649,0
274,-6.201131908153696,12.513907933269062,0
275,-7.285719426573531,9.530440519093444,0
276,-6.510911491673213,7.3016301778609405,0
277,-7.574106575765341,11.319659234567577,0
278,-7.0686464723002205,9.332213727133555,0
279,-8.66367364813664,8.381934468678091,0
280,-8.972357976836113,9.644942476272831,0
281,-9.01712976314879,8.649786633947256,0
282,-5.581301008502425,9.422255593929778,0
283,-8.882852060903758,10.308734081004435,0
284,-8.497826270982035,10.828009582361833,0
285,-8.96810932811846,11.582227769846016,0
286,-6.964148377102256,9.851105094317564,0
287,-8.179778327706726,10.060647516425657,0
288,-7.93872140479583,10.475739775052759,0
289,-8.242412559560861,9.236478874111539,0
290,-8.019322622433,10.816089987057442,0
291,-8.817857655962994,11.954927775094895,0
292,-6.068016289905164,11.170028671060406,0
293,-9.022998672198248,9.312616371403276,0
294,-5.686461736520114,10.006736948849671,0
295,-7.902790365378229,10.050392636267908,0
296,-8.121677848709936,12.751982364341668,0
297,-5.253865120690327,12.853846661125473,0
298,-3.84554195374139,13.317916578743299,0
299,-4.9485292359566655,10.435893250317921,0
300,-3.2751538863744214,11.769188270168696,0
301,-6.2504539408085416,10.55330420792264,0
302,-7.572425934978505,8.969395699534852,0
303,-4.460218702703239,11.47161533798219,0
304,-4.179008650454872,13.066881758363603,0
305,-3.919463623826339,9.026123874422936,0
306,-3.7649166341071183,10.16094854997431,0
307,-5.140123027538359,10.295343888188752,0
308,-3.1177299901125264,11.319528675990483,0
309,-2.695915840311119,9.971315536938548,0
310,-2.8182613051942136,7.112301694321003,0
311,-3.6809597821469238,7.677068560756374,0
312,-4.034545636548031,10.04599248062089,0
313,-3.813797695093952,8.389387411259378,0
314,-3.278036462783686,9.322852938061558,0
315,-3.0594860128174957,10.003513365702092,0
316,-2.9906603066312636,10.403521840672708,0
317,-2.0085375512544936,11.098483514623807,0
318,-2.4331931776978117,8.440652173451939,0
319,-3.384129521227556,9.089932642969963,0
320,-2.589750334129832,9.656102954448157,0
321,-2.7718524398917634,9.824082040662438,0
322,-4.556832901826407,10.481399123662568,0
323,-3.683132250362007,12.085503177850939,0
324,-3.54334737853353,8.583554838747032,0
325,-3.982033019295223,9.662001493096447,0
326,-3.381965989947348,6.464130203563262,0
327,-3.5269127202322252,8.918118810022456,0
328,-1.6749313787927875,9.243362398632344,0
329,-2.4314870917412654,7.357175961275927,0
330,-2.1620451142876522,8.572092121081626,0
331,-1.568540852604594,6.927725203879701,0
332,-4.444710157764275,6.579287972547634,0
333,-2.165522594562712,6.9279472163485725,0
334,-1.5578639148020652,8.95358076787745,0
335,-3.055548357613888,7.360891980111439,0
336,-1.8260834909803283,6.845529944192462,0
337,-1.9976050507206384,8.06998206099572,0
338,0.14986013327992112,9.119344015635015,0
339,-0.32298266989845603,7.515161544165509,0
340,-0.6851838291589633,8.73187500335675,0
341,1.0491187866112777,9.355491334753355,0
342,1.2114306998493554,9.231030607274045,0
343,2.841879714471666,8.433699070094004,1
344,0.8909827224646475,7.7141551703662925,0
345,0.5766082230109073,6.208200306373935,0
346,0.9259964465478407,7.843238517790548,0
347,0.22254926034570027,6.456374490194504,0
348,0.05453147487266817,7.927482886811817,0
349,-1.188968828952229,5.908344582946615,0
350,-0.14719278394553117,6.851789634555291,0
351,1.273227114043702,4.28500655552838,1
352,0.9054180897998722,6.971531632604881,0
353,1.4927681070155447,8.387018378535366,0
354,2.1662369977340417,7.500348635181438,1
355,-0.5762813352684697,7.657405638100986,0
356,1.1585610775273654,5.138798352636499,1
357,2.9228723822054015,4.9132018099154955,1
358,0.44446788436687595,6.85669789564996,0
359,1.8145267806065197,5.543745582575803,1
360,2.450876729444788,5.6850751347828465,1
361,1.9900632037767272,4.5623309813643615,1
362,0.6877557324074202,4.144861258621065,1
363,-0.8790877032444824,5.585934742686418,0
364,1.7723200220112014,4.349465236438575,1
365,0.4929621598379822,5.482571919971675,0
366,3.416511857878961,5.5371522973736935,1
367,2.6825311908139966,6.635527514553647,1
368,1.7387596406037054,5.211006548766731,1
369,1.955692252285177,5.564016087733164,1
370,0.8469992438837608,6.890516424027007,0
371,1.7012713184402497,5.093099691240562,1
372,1.766081573946551,4.877493744232117,1
373,1.824142038352497,6.853964229350931,1
374,1.6829993724767145,5.269627171300919,1
375,1.4356667692557674,4.89258085232783,1
376,1.508511229426947,7.43139102396692,0
377,2.944541597411591,5.621277254332567,1
378,2.356121964029995,7.506210025041043,1
379,2.3242959165117307,4.733963294032041,1
380,3.304598517324139,5.865557300353989,1
381,1.1219833318516004,4.918775919855117,1
382,2.007481716975957,6.284227751712868,1
383,1.487654247866089,7.48881921607475,0
384,0.7152787771875353,6.031693465196892,0
385,0.2937889552734965,6.782461554357158,0
386,1.8867297903170228,6.852939667535688,1
387,3.327699982704121,4.5592836605440175,1
388,2.869635810840025,5.116154792873245,1
389,3.2763171727496383,3.6480525011119607,1
390,0.6325433376276435,2.14329909298992,1
391,1.947048819192875,5.542025676864103,1
392,2.3961794810785038,4.175617718404587,1
393,3.7530299984679103,5.1339486257559175,1
394,2.9536904987201256,5.783602001310573,1
395,2.970925565590979,4.599207758280941,1
396,2.7685225992262024,5.00817391715111,1
397,3.6396309590963973,5.299779480071406,1
398,5.179841789575876,4.599284003451767,1
399,4.114274236684246,5.711522630825046,1
400,4.415551327170324,3.9957563062107364,1
401,2.8949224258605577,3.168552728187786,1
402,1.9549033145371304,4.752346395462634,1
403,1.9237561469252926,2.429109781122479,1
404,3.202690827089756,7.424070296504759,1
405,2.5367011616497783,4.828517660113117,1
406,2.4432436216826674,5.722844538189185,1
407,4.456515950847801,4.2662301784486525,1
408,5.212253818093908,5.095326976293988,1
409,2.541710311010094,4.19460266469799,1
410,2.904480028192424,4.693980584286631,1
411,3.033692722144005,2.8676892125646805,1
412,2.3744732698241124,4.053949779879926,1
413,1.0597500004778337,3.859853651204233,1
414,2.7014926442060716,4.983211479231622,1
415,0.9851776091714729,4.47208094579099,1
416,1.9135179440522656,4.377870305304252,1
417,3.369729835323121,3.278462725749022,1
418,3.6170533494326413,4.378152079364248,1
419,3.6759384542500997,3.5421386367102943,1
420,4.861350776583136,4.026924698643713,1
421,3.2700442776389527,3.310604001166608,1
422,3.984253993687775,2.8904976786176197,1
423,4.793868638339741,3.3502368717529043,1
424,4.575946407782828,5.215382205073859,1
425,4.040253551422572,2.218997598644881,1
426,2.775720908914685,3.8473618463208656,1
427,4.039478726032351,4.712520326572254,1
428,4.500003186570838,5.073929994305285,1
429,4.029538084597121,3.967744608518801,1
430,4.3240279350283295,3.119195089437292,1
431,3.1852013812420563,2.834780588852481,1
432,4.216613965482146,2.945541483262751,1
433,4.157123667364292,3.8961650260207517,1
434,6.635916732490043,6.4383632336064345,1
435,4.558328096604095,6.204211633011573,1
436,3.9369052795300328,5.773187398167151,1
437,4.697302776883062,4.5999784998268,1
438,3.6460209633820218,4.451391142360262,1
439,4.272773620188128,5.208043058717413,1
440,5.020921620433733,5.892119195086349,1
441,5.821602129836215,4.388397783466072,1
442,5.761483143381207,4.233219895141119,1
443,2.6751154464212705,4.833553342751131,1
444,4.555762280801421,2.617987993216638,1
445,3.217285596853296,1.9978521509836145,1
446,6.3497008123553424,3.0521043386809907,1
447,5.990430921257451,2.373883231621346,1
448,7.03980331639941,2.992468157071111,1
449,5.253798138162585,4.261314971045693,1
450,4.537363427485739,4.605640320162133,1
451,4.7267893402028855,4.954303434263771,1
452,5.678678617315842,2.885099473681132,1
453,4.893112733011732,3.8474631978159155,1
454,5.756197252992074,3.2040440903380487,1
455,5.544866784678057,2.586478233709719,1
456,5.548956826568009,1.4403528855678072,1
457,5.256341539781375,0.44720765839334126,1
458,5.402575589689763,1.9695041433918385,1
459,5.813872071818423,3.136087467699672,1
460,6.2186778709341475,3.457504626999241,1
461,5.058425069368112,4.279528476291644,1
462,6.895791184164801,0.8291411947571271,1
463,7.952255797073466,2.0281816237639854,1
464,4.85706798756921,1.6676236005103553,1
465,7.237273469790002,3.331658245589645,1
466,5.396948841938952,2.807294717604498,1
467,6.289614632289661,3.3892504922854956,1
468,5.776442180670809,1.7381105451048466,1
469,6.258476392867864,3.4828105907103715,1
470,6.897469025540994,3.4258682002071663,1
471,5.516627406024669,3.673315519746962,1
472,6.387507550822655,2.917367598420944,1
473,6.3774983052083,1.9643129650658997,1
474,6.3728531824545485,4.611931336702297,1
475,6.605345844255325,2.9482367360188055,1
476,5.297948765547015,2.6667574327793475,1
477,8.080916790896012,3.047941533681975,1
478,7.3770754678102834,3.3269046478814515,1
479,8.737117072150927,2.404662217139269,1
480,7.136521966914223,2.12088805018143,1
481,7.042051871467381,3.9501966785337816,1
482,6.262214529564421,3.7670118292025485,1
483,6.229784536177667,3.420238977533188,1
484,6.253714821129349,2.8203531065035565,1
485,7.181516614214994,2.478681875223985,1
486,6.965604640986948,2.2431163130558667,1
487,5.93239661456119,2.150607136750658,1
488,6.364535388389693,2.199063149898099,1
489,6.28321841100879,3.1185940567747816,1
490,6.091114017435789,2.784206542666617,1
491,6.433765085924549,3.1439553262831517,1
492,7.521694455222714,3.995222112944747,1
493,6.1772420656129094,4.530266595387341,1
494,4.695526592098917,3.087392699541566,1
495,6.520842749244952,2.6204832164774476,1
496,6.874079699347034,3.3161377423228933,1
497,5.20835298260474,1.9149541290805667,1
498,6.771284165600483,0.36047058096260776,1
499,7.281008125861155,3.802470007653339,1
500,6.031336249895841,4.15299161199379,1
501,6.316922693301526,1.7568880987335487,1
502,4.84335019888391,0.5774596043368729,1
503,7.641815824730025,2.1825474822466933,1
504,6.565602546727702,3.010682826145993,1
505,5.526918123766187,1.9311608410446557,1
506,6.265484409005032,2.993280908869281,1
507,7.281947003649481,2.5432084249024096,1
508,7.223144326779345,2.481979024047968,1
509,6.117007748222704,3.2006042833981687,1
510,6.722074902305033,1.990958925623239,1
511,5.510126330285909,3.933374457947697,1
512,6.861550720907863,1.9402665131686418,1
513,6.512890893788636,3.0364921288318367,1
514,6.0069506340966266,2.118235427237953,1
515,5.517981659670214,2.00670664921408,1
516,5.079196666754801,2.441047672829554,1
517,4.278102339778333,3.5833976853289844,1
518,5.163709400910801,1.7387111193796183,1
519,3.6103734557012865,3.350112763132626,1
520,5.226853220315909,2.7304179694141593,1
521,4.530046242216344,3.445047155819363,1
522,5.216450821858306,4.757109285218937,1
523,4.583356112315766,3.850080381117696,1
524,5.711011206823824,5.747838021276018,1
525,4.778772279769701,4.893645200224902,1
526,5.260307477033241,4.479825310058433,1
527,6.032617664176992,4.780429557773956,1
528,6.072987888749701,5.714538290074346,1
529,5.636573903565927,3.92845251907671,1
530,5.461222669033194,4.247824095330714,1
531,5.518748784856129,3.510419452773177,1
532,4.626559372220067,4.846808307435094,1
533,4.871336660507371,4.807514859790553,1
534,4.660714325745161,5.778690513371756,1
535,4.199316727318239,4.309252965048613,1
536,3.8993762738690005,5.006630368724325,1
537,3.257844828405711,3.592166863552149,1
538,4.60326946345755,4.98368421044242,1
539,3.820547702925886,3.8245034513317453,1
540,4.700990998670583,4.960430862687472,1
541,5.5152729277697246,5.963771511705647,1
542,4.531619152010988,4.519543832464902,1
543,1.1839740428781649,6.211003783596042,1
544,2.103921881893526,4.453807078950819,1
545,2.2958068437235166,4.092434796433881,1
546,3.4353733112024574,5.671264328810464,1
547,4.409698115313033,4.47224058472958,1
548,3.394102290616229,3.171341837894223,1
549,2.893228039669108,3.9215989286313873,1
550,2.2491830966789426,2.4201197699283,1
551,4.696591729606228,6.0369291790659165,1
552,3.7448469569794267,2.611243449882954,1
553,3.7894012606680985,5.427529276941009,1
554,4.03431686735312,2.357869384378992,1
555,4.180164782973671,1.3168883485525553,1
556,1.7201230350194636,1.7517221476278757,1
557,3.9717376587030975,2.0803366641075853,1
558,2.7890577160085175,3.2158967892683052,1
559,4.006935272866984,2.1924409823777102,1
560,4.11701708796786,3.031737480447427,1
561,6.282101485634305,2.6858461205558704,1
562,4.636320943285685,4.403806240937685,1
563,3.640778284867428,4.534117053014388,1
564,4.4883722639831065,2.909437076676131,1
565,4.673524138950425,2.3888653774379804,1
566,4.534800994623851,4.960143106745775,1
567,6.1305734865780925,4.405868435217068,1
568,4.734802374763307,3.4821190195894274,1
569,4.457197859796796,0.8740571999708359,1
570,5.289957672983526,1.4748634962334541,1
571,3.8737218530412467,1.1619758729973384,1
572,2.9629783341591236,1.6083089383333673,1
573,4.898355301501764,2.3344041648807536,1
574,6.4917727023666645,2.317724576685478,1
575,4.218169602193941,1.5275926704169427,1
576,5.806425852349534,1.054831654122616,1
577,6.197133896796538,0.060122310565325764,1
578,5.154708704134776,0.8697013400899458,1
579,4.724335825461872,-0.34604508198618916,1
580,7.3276752218116386,-0.4607640590492238,1
581,8.071817861838422,-0.7952007666533459,1
582,6.861943605245692,-0.4414392910816171,1
583,8.118314236695033,1.2812628071545658,1
584,6.515425592454626,-1.1518691689623262,1
585,7.0346920288425645,1.2911965625507125,1
586,5.638698263443993,1.1758497563291164,1
587,9.086427274758238,-0.16730155729886984,1
588,6.801647577898529,0.669840101001826,1
589,7.814692703656711,-0.8729963396704115,1
590,5.909828010667093,1.5818678743877088,1
591,4.518950386896345,0.9195790504553115,1
592,7.832368920544991,0.4444239563161602,1
593,3.8747692842856876,2.192763069860806,1
594,4.9341682714892325,2.0072558607864086,1
595,5.830555974718751,2.6439718314395604,1
596,4.203576109526819,1.6505337786227459,1
597,5.541638859972239,0.3558109067147747,1
598,4.439200711166587,-0.041977668783492655,1
599,4.315701949290062,0.5484198565465305,1
600,4.198448572221162,0.6047513128886439,1
601,3.874050051882394,0.6202912996972961,1
602,4.645856247170061,-0.8001670641220737,1
603,4.282288261536259,-0.5547139197594558,1
604,4.2201143159402505,0.6427410408961866,1
605,3.661991739795977,-2.617380374842007,1
606,4.24134253371055,-1.511950760598484,1
607,4.5566864109707135,-1.7714900775158458,1
608,5.610029018561101,-0.8937634864329269,1
609,6.3399450837762945,-0.9026010419971978,1
610,4.628219331675559,-0.7151428153374325,1
611,4.672583140374579,-0.4131868692728246,1
612,5.240122242660154,-0.1832552817152046,1
613,5.061324246539364,-0.36218820959727227,1
614,6.044165721880901,1.5491686137969676,1
615,5.853748445627834,-0.8085933351257066,1
616,5.187347257988583,-1.2224800816840922,1
617,4.2702363995383585,-2.0122884207175535,1
618,6.685298633950542,-0.3085509310124964,1
619,5.922915805632577,0.08475219231483641,1
620,5.829870087970925,0.13288265092014,1
621,4.7544205329324685,-0.23917887531408558,1
622,6.6436639408788585,-1.7318143887187853,1
623,6.383485294624577,-2.0850645219430883,1
624,6.45537341388356,-0.9130060972204072,1
625,4.377114470947534,-1.6360537070387837,1
626,4.963959685903576,-1.5361932288000544,1
627,6.126607856794473,-1.9909962027128796,1
628,4.295368278709963,-3.350754788712828,1
629,6.149971576858427,-2.0857177153545265,1
630,5.422371789956632,-2.226524400698252,1
631,5.574955018451029,-2.008461008248339,1
632,5.9155346306901375,-3.0856249862992837,1
633,5.854619254668208,-3.024423711139192,1
634,4.641988448067889,-1.4607204673910468,1
635,5.959195295741841,-3.6515633091794575,1
636,6.473699101812784,-1.6836283582146203,1
637,7.876532818386177,-1.8955111641162103,1
638,8.247109010193622,-2.292909755440306,1
639,7.859453262020805,-4.428868165616592,1
640,7.896038941921502,-4.226842140821311,1
641,6.679428941581439,-2.9812022466015327,1
642,7.801314764507779,-2.0859389712370042,1
643,7.240151555210139,-2.4929042514498794,1
644,7.341544102005224,-3.6394722459881166,1
645,5.024047213133233,-4.338862554253033,1
646,7.963117185440434,-2.68284949293494,1
647,6.142507737194156,-2.7531588798661417,1
648,6.622031098970797,-3.566826512306125,1
649,7.053936445866679,-3.3892752529357213,1
650,7.736029116724051,-3.917521694893743,1
651,7.442293983886077,-2.0008029371947207,1
652,5.508092603947647,-3.749029977047462,1
653,7.438931470711504,-3.7137864170842025,1
654,7.867644830445613,-4.3850778929705285,1
655,8.06077355966382,-1.7066682890306932,1
656,5.969927075744113,-4.307951277029963,1
657,5.780306449838786,-2.7805476708770787,1
658,6.121176598331246,-3.5938349516690535,1
659,4.7131656255663215,-0.17976845822308163,1
660,5.646512670406984,-1.4193530297615453,1
661,5.114443585008979,-1.5592318921816477,1
662,4.3465471641623274,-2.0720403456760703,1
663,4.581224462015203,-2.8629852100152955,1
664,5.322199624554842,-1.4959939443555474,1
665,6.6113137548195855,-0.9897417111776393,1
666,4.87706593991254,-0.8480948176795858,1
667,6.484903585600702,-1.7013332690443403,1
668,6.519321254453406,-1.7666506078513746,1
669,6.680933781164026,-2.514924440353496,1
670,8.11529464898848,-5.205572178343115,1
671,4.906753114548712,-2.851504804437904,1
672,5.411063193870503,-3.6093151133053256,1
673,7.471938465724072,-2.224333370246354,1
674,7.037941456897641,-3.1680399933926187,1
675,6.441553008363495,-2.8183652325384867,1
676,9.145394892824816,-4.43442499504597,1
677,8.462781540112237,-3.8364870106024784,1
678,10.220390719432393,-2.7973066752997315,1
679,9.686581811459247,-4.653874232456327,1
680,8.883999793179377,-3.2326449339181,1
681,9.409104639656425,-5.676368825086682,1
682,6.62814838982437,-4.856914196614941,1
683,8.248889710989406,-4.375446011656876,1
684,10.133978475096168,-4.025477482179281,1
685,8.997254998426655,-4.222143775553031,1
686,8.664797986374941,-4.645013811038008,1
687,8.79230908292232,-3.488297076293587,1
688,7.689204367239483,-4.696014115515017,1
689,7.025386190128339,-4.8964382187381865,1
690,8.519588264474695,-3.174307008085896,1
691,9.4259840201048,-3.193424483153424,1
692,8.658545746438476,-4.666598716785993,1
693,9.045123828157859,-5.187017069861179,1
694,8.520985301310498,-4.106866096609715,1
695,9.50597822482549,-4.676219902113267,1
696,8.717906267926072,-5.657067860452015,1
697,10.178926207784057,-4.601858820773186,1
698,8.317890277571772,-6.433130495061234,1
699,7.66258916433143,-5.086781416638307,1
700,8.380921996460872,-4.392504519057438,1
701,8.535775386257882,-5.601948209659698,1
702,9.558110188738041,-4.804630133742918,1
703,9.159506030364398,-4.157961458536386,1
704,7.072783917521349,-4.917102043363677,1
705,8.91459649731255,-3.455414300408686,1
706,8.52423587296417,-4.669055530316205,1
707,9.56305577506883,-4.088637677416867,1
708,9.090642916864862,-4.1334959913973846,1
709,7.765485798733131,-2.5297736877825816,1
710,9.864021823337247,-2.781089722569251,1
711,8.931316290061295,-4.923107343698529,1
712,10.150097245188721,-5.459882087692357,1
713,8.285269460405374,-5.783646526399183,1
714,9.475037694259562,-3.077600992158678,1
715,8.004612355089206,-2.5406545085574104,1
716,8.644730248283189,-4.9481667953494,1
717,7.400564269697359,-3.7748725799916785,1
718,8.778370885705904,-2.044681418409561,1
719,8.084198778576448,-4.42420715143612,1
720,9.313851809780175,-4.27686488377266,1
721,8.094716614776617,-3.544300649111428,1
722,9.266411226958628,-3.2632002114729692,1
723,8.814408703729491,-4.436131415609762,1
724,9.858830954523746,-3.220596751719758,1
725,8.075968727728611,-2.65273752329905,1
726,7.504244235615233,-5.404793009531657,1
727,9.107701023246175,-6.148083054241244,1
728,8.659269560566651,-1.9736336691158076,1
729,8.377720288550616,-2.987982657849846,1
730,9.757544690664757,-3.9298203812889714,1
731,8.917076975810296,-2.190165707103103,1
732,7.976025720889595,-2.3649662112565153,1
733,8.667606515168414,-2.2309361430835026,1
734,7.528532139975491,-4.311699105321788,1
735,9.009139045418877,-3.682765414917787,1
736,7.687821772193795,-5.749008960042318,1
737,7.363278262408727,-5.544865082869661,1
738,6.715025447714875,-5.482413902387028,1
739,6.992220351308415,-5.13802178349227,1
740,7.089134889637252,-5.4404064447909715,1
741,10.834422269974967,-5.127267065066486,1
742,7.9073643951326575,-5.154340172495818,1
743,8.992928270382116,-4.43377048161675,1
744,10.19525106617381,-5.091497054352729,1
745,7.778979552761769,-3.956842269978297,1
746,8.394408749444565,-2.5827404165735417,1
747,8.690820206334756,-3.808866869829916,1
748,8.739997145857608,-2.7570473157088675,1
749,9.578605892873043,-5.75637795782818,1
750,8.843404950012866,-4.176981612769945,1
751,9.009569218649528,-6.473855206738681,1
752,9.036924725027228,-6.039301960451636,1
753,8.934910762379216,-3.5555993328262683,1
754,9.467181135633735,-3.0211592654462645,1
755,8.171735995107944,-3.9182393469739565,1
756,7.519484648978937,-4.34941502944771,1
757,7.928751605360372,-4.039664810264363,1
758,8.246973990846652,-4.563883912757421,1
759,9.560594998278374,-4.342416808758621,1
760,8.853691728948943,-4.4444082612635185,1
761,10.26698132120806,-2.969684840618971,1
762,8.934339701417539,-4.154127325936725,1
763,7.5630968694853005,-4.926770330664516,1
764,7.07011750908834,-5.379838309435413,1
765,7.8628727164527605,-3.833917605270441,1
766,6.916527459300328,-4.143585098942429,1
767,7.164921714413973,-4.345635054263167,1
768,6.482457053084042,-4.525063638196256,1
769,7.792664277867021,-4.1743526101388175,1
770,7.949438729021987,-6.114718178059266,1
771,7.289869126140921,-3.1600703186836747,1
772,6.936266604957255,-4.2753968118752,1
773,7.664626060748034,-6.468985967221067,1
774,6.757818240368607,-4.63828423503351,1
775,7.384775331489589,-3.281921158139189,1
776,6.743914713187158,-4.729569873640077,1
777,8.390027343916366,-5.178212314376194,1
778,8.771258393437487,-4.732845626600953,1
779,8.066183906404168,-5.194725468462927,1
780,8.841044563803932,-4.609977341549573,1
781,10.176734790550661,-4.348157764444571,1
782,7.3052807737507415,-4.98298739683611,1
783,6.837553098555758,-5.3056980932042626,1
784,7.017987017120807,-3.3508435489691757,1
785,8.732858346055227,-5.784161504897734,1
786,9.76123576725074,-4.503504228588817,1
787,10.399545612359928,-5.10778595347596,1
788,10.870619969591123,-5.690875593983205,1
789,9.491251882198123,-3.7932129489129274,1
790,8.299140277851263,-3.121567791020423,1
791,8.705175299727857,-3.751086820992071,1
792,9.464344534454016,-5.9579681523011105,1
793,9.555966941671963,-5.716866154161845,1
794,9.033608698067855,-5.083381349748348,1
795,7.610597575498782,-6.717898385725463,1
796,7.532521269428415,-4.102691259128167,1
797,8.347643967647862,-3.9972840028564267,1
798,7.607925542494452,-3.6253734732961687,1
799,7.013804048638121,-3.4061432988336455,1
800,6.45419255026029,-3.9443262273709454,1
801,7.541977563710535,-5.291118254984748,1
802,6.87514602438025,-3.117768710344358,1
803,6.426562737721548,-4.253902894570835,1
804,6.837846933917744,-3.693888342196697,1
805,6.5092603746945015,-3.5953565437212447,1
806,6.75416346807197,-6.2792186348285055,1
807,7.648796738077497,-4.949023950521749,1
808,8.058157646489258,-5.219115375420007,1
809,8.155373050619598,-5.040342744006459,1
810,7.902464769658426,-7.848067813366456,1
811,7.295651051044864,-4.6121139716508965,1
812,8.689486373347135,-4.4899757478328155,1
813,8.056431999425907,-3.4238430498769015,1
814,7.906937855410115,-4.038902743930594,1
815,8.368925518396765,-3.754065226070126,1
816,8.371220392973653,-5.631388258909829,1
817,9.505411945595675,-3.1904522587395356,1
818,8.503763571515693,-4.571295354674601,1
819,8.690598951560006,-4.781836532786678,1
820,6.746788155796024,-5.441394670058927,1
821,8.75661559792079,-4.341544619501163,1
822,8.988473578646497,-4.497393051660735,1
823,8.244934254187786,-5.369166941933877,1
824,7.125115341914484,-4.494086782080527,1
825,7.068522681375459,-4.1006135394685215,1
826,8.477846097163729,-3.8996695217039705,1
827,6.794976142872684,-6.702824546263749,1
828,8.465888686009812,-5.843498841410406,1
829,7.214308085248478,-4.445643233097933,1
830,8.431871816390895,-5.180589012833991,1
831,6.174141044113557,-5.792033953500621,1
832,6.759057846463153,-3.7251050959701937,1
833,7.913203532383719,-5.04828087414316,1
834,6.651763839940046,-6.085013300278902,1
835,6.374799831279196,-5.4499470251615385,1
836,7.576494162508691,-4.610586608099958,1
837,7.794476676938766,-4.651772526828402,1
838,7.129409603660013,-5.497973405544703,1
839,7.99751679072001,-5.422581750786686,1
840,7.6593166438167675,-3.7338571748524556,1
841,8.915310007372868,-4.936952099200206,1
842,7.437070806860962,-6.24644870240085,1
843,6.459386910402894,-4.097755514907575,1
844,6.147193239467645,-3.019933631057399,1
845,6.49923739882439,-3.8619230484769185,1
846,6.184819450770444,-4.614803526869194,1
847,7.011096366874984,-4.88438049929365,1
848,6.9436315401192905,-4.455990799458216,1
849,6.638328997393022,-4.571264378809287,1
850,7.851755423570948,-5.389973315249589,1
851,8.329581760771829,-6.1201218350865805,1
852,7.191456154941455,-4.033701245195784,1
853,5.716798653324256,-4.907197629122528,1
854,7.828986342759102,-4.604801186572333,1
855,7.341726267564975,-4.078635955846802,1
856,6.386596783553895,-3.9493401112177557,1
857,7.234800859788867,-3.3305802369403192,1
858,7.908823858411497,-5.630557414756992,1
859,5.266749574726108,-3.8477830068068712,1
860,4.47734401293132,-3.396187764462446,1
861,7.813490369982005,-5.755946746733188,1
862,6.934691311842792,-4.792598551739463,1
863,7.566627328494735,-3.7807536032418336,1
864,7.522378905971665,-6.288683349892477,1
865,7.389902552578279,-3.2118660051550707,1
866,8.204813440976169,-7.619471625769883,1
867,7.099664552652108,-4.169535934739128,1
868,8.208843312717736,-5.111307739004074,1
869,7.461709333236089,-7.727946994317136,1
870,7.160341688684221,-6.533171944171205,1
871,5.874250174924252,-8.017734089581234,1
872,7.00587500721626,-8.108798272470597,1
873,8.600037945982002,-7.138006217306682,1
874,5.957177299336949,-5.5558602692820855,1
875,9.446431807801702,-7.23158724013011,1
876,6.634048077902235,-7.00695937781676,1
877,7.259030558057371,-6.189739231960368,1
878,8.040479982930904,-3.98533640795582,1
879,5.799251193307784,-4.4302808756647405,1
880,4.635651126661262,-6.159689295929893,1
881,5.324897142783445,-7.007671871223977,1
882,5.656750307227107,-7.030281808546188,1
883,5.286590105815638,-5.908104783898552,1
884,6.358709968709723,-5.041080879051466,1
885,5.179276825664319,-6.34101625178099,1
886,7.114159838490089,-3.192999291365896,1
887,6.590998344345379,-4.681798619582057,1
888,4.604525837982422,-4.310326461370593,1
889,8.002957462115942,-3.355390599096987,1
890,5.836783201896836,-3.7701442017220117,1
891,5.54945282282167,-3.4763376500820744,1
892,5.48872480964202,-3.2863439706254414,1
893,5.379155634172084,-2.2273750778354584,1
894,5.787087671487368,-1.0787949054887538,1
895,7.504943985982552,-3.6765925557746106,1
896,5.478699655993107,-4.341797478807612,1
897,4.929771022821392,-2.4141098246088246,1
898,5.561726465174816,-1.9479992282743595,1
899,5.868231040114405,-1.9231464037667636,1
900,5.106304245949897,-2.7425451478919003,1
901,6.29182534240767,-3.7867093548689232,1
902,4.782872002968084,-3.300738301969363,1
903,6.79981344565137,-3.646925758033874,1
904,6.072234314055692,-2.813950365990369,1
905,7.141055261016438,-1.6564112002045723,1
906,7.657384821223423,-1.9255954636334247,1
907,5.892518617324133,-4.8531621459152685,1
908,8.836530643960351,-5.266362521182766,1
909,7.12085191374925,-4.365624053531748,1
910,6.152435483758707,-3.3466065891849457,1
911,6.202864506138584,-5.116142628058138,1
912,7.5204569303027515,-3.9476913067429718,1
913,7.718989069117894,-3.3494164853304884,1
914,6.535637198032835,-2.7831470619695406,1
915,6.802593906278383,-3.015565431690474,1
916,6.174028988069251,-2.241372996614751,1
917,8.24964873531653,-2.4048353664347406,1
918,7.906435757282327,-3.1446675040441807,1
919,6.317266656457242,-3.936693743713413,1
920,6.8628030679653875,-3.332737423411018,1
921,8.65179276532874,-2.28918612360941,1
922,7.071351467618895,-3.0743970824494276,1
923,5.888890169275318,-3.221839824224721,1
924,6.919175796653283,-3.0073901975504387,1
925,7.924854028761685,-2.895701696741694,1
926,7.38648722850885,-1.7606900153109128,1
927,7.962604592817145,-3.6382075077395717,1
928,8.092806862116582,-3.080561543797315,1
929,5.531263194902066,-5.620440044321791,1
930,5.754183050098838,-5.853669799442814,1
931,5.328794782900588,-6.336719291642775,1
932,7.7792155762375055,-6.029962787798832,1
933,7.806572507660699,-4.0497939373754,1
934,8.483970232946481,-5.037669016892079,1
935,6.584490732869478,-4.550916136518359,1
936,9.458626523771262,-4.615722750677237,1
937,8.787662242802044,-3.591753668829139,1
938,8.334096921313119,-4.976998904168172,1
939,9.130772502926822,-3.7779036954089764,1
940,7.2445827193051935,-5.305661316189771,1
941,8.2612942151888,-1.7256274795781694,1
942,8.475231552913678,-4.176497229633873,1
943,8.506058898980784,-3.835878263327052,1
944,8.893615236436478,-3.5057448628156602,1
945,7.62648733405982,-3.6397711478162615,1
946,8.362676360784201,-1.9192020004736616,1
947,7.131415135631479,-3.2477906580933316,1
948,7.838316060725344,-2.006232237721188,1
949,7.710073382674626,-2.2383619085965547,1
950,6.784883334653905,-4.026697454359803,1
951,7.792160381864471,-2.7858780464004123,1
952,6.324892224974046,-2.457063262066266,1
953,7.606082079954772,-2.7754377217798027,1
954,8.332758857685699,-3.0904584106465043,1
955,7.494276369984142,-2.3910797334581835,1
956,7.150964746322333,-2.5178927261581925,1
957,7.414707001255278,-1.3693987117202824,1
958,5.85039687714355,-2.6159324797153443,1
959,6.416419339722318,-3.3528824621590374,1
960,8.155444807845603,-2.4895514377168713,1
961,6.7421643755147125,-3.1134412165596888,1
962,6.826932617548988,-1.5233943848173128,1
963,6.880271196775383,-2.0315969218255976,1
964,6.426823191723214,-2.8594582768028785,1
965,7.655402109787164,-3.116369463736866,1
966,7.377226399696398,-2.6547113172440167,1
967,6.743524866753512,-2.598199599938293,1
968,6.756627327368998,-2.9179769801371633,1
969,8.456896848519484,-3.588418276808425,1
970,6.926533243049987,-4.34036092864813,1
971,7.8382208899239085,-3.692667272340151,1
972,7.263375060019659,-2.6812527470074277,1
973,6.661376517117892,-3.3562298987835297,1
974,7.928693815581569,-4.004747691652708,1
975,7.330748494647102,-3.903181665585145,1
976,6.986839177980719,-2.494566005693467,1
977,7.465294855917376,-4.702444498761989,1
978,6.6829831068050725,-3.0398915322832285,1
979,7.25417705059867,-3.2280683539827546,1
980,6.722346994234256,-2.7151645050518174,1
981,6.178194938616346,-1.9715030104121178,1
982,8.388847930902505,-2.15548258689703,1
983,8.301121050207314,-4.560066333947735,1
984,7.566465418243017,-3.2546070932833437,1
985,9.45915046157476,-2.516806886354197,1
986,8.091823611852204,-5.227813232273298,1
987,7.015699125136487,-3.4449488949570823,1
988,6.859765200758906,-2.0357598387280023,1
989,7.094424063856756,-3.111267654801595,1
990,6.848220993309873,0.29044265139055697,1
991,7.546766786172197,-3.555529284257272,1
992,8.268858997573659,-3.877633737400515,1
993,6.426341963134265,-3.3058269929171753,1
994,7.3523750892584205,-2.9100256771387625,1
995,7.033346568913392,-4.953077462847908,1
996,6.868999315527084,-3.8372757971980747,1
997,7.025266988423479,-4.942435655922242,1
998,8.922024046583124,-2.5761030675436136,1
999,7.313680451760177,-4.397070022881336,1
1000,7.334582978069784,-2.011514501553828,1
